<?xml version="1.0" encoding="UTF-8" standalone="no"?>
<fileLog>
<createdFiles>
<entry name="source/main/java/com/eviware/soapui/impl/rest/actions/oauth/JavaScriptValidationError.java" shared="false" uninstallMode="0"/>
<entry name="source/main/java/com/eviware/soapui/impl/wsdl/WsdlRequest.java" shared="false" uninstallMode="0"/>
<entry name="source/main/java/com/eviware/soapui/support/components/WebViewBasedBrowserComponent.java" shared="false" uninstallMode="0"/>
<entry name="source/main/java/com/eviware/soapui/ui/JDesktopPanelsList.java" shared="false" uninstallMode="0"/>
<entry name="lib/javafx-media-17.0.12.jar" shared="false" uninstallMode="0"/>
<entry name="source/main/java/com/eviware/soapui/impl/wsdl/actions/operation/NewRequestAction.java" shared="false" uninstallMode="0"/>
<entry name="source/main/java/com/eviware/soapui/model/testsuite/Assertable.java" shared="false" uninstallMode="0"/>
<entry name="lib/proxy-vole-20131209.jar" shared="false" uninstallMode="0"/>
<entry name="source/main/java/com/eviware/soapui/impl/wadl/inference/schema/Particle.java" shared="false" uninstallMode="0"/>
<entry name="source/main/java/com/eviware/soapui/support/editor/inspectors/auth/OAuth1TokenStatusChangeManager.java" shared="false" uninstallMode="0"/>
<entry name="jre/legal/jdk.internal.vm.ci/ADDITIONAL_LICENSE_INFO" shared="false" uninstallMode="3"/>
<entry name="source/test/java/com/eviware/soapui/impl/wsdl/ResolveContextTest.java" shared="false" uninstallMode="0"/>
<entry name="source/main/java/com/eviware/soapui/impl/rest/RestRequest.java" shared="false" uninstallMode="0"/>
<entry name="source/main/java/org/syntax/jedit/TextAreaDefaults.java" shared="false" uninstallMode="0"/>
<entry name="source/main/java/com/eviware/soapui/model/util/BaseResponse.java" shared="false" uninstallMode="0"/>
<entry name="source/main/resources/com/eviware/soapui/resources/images/export.png" shared="false" uninstallMode="0"/>
<entry name="source/main/java/com/eviware/soapui/model/support/DefaultTestStepProperty.java" shared="false" uninstallMode="0"/>
<entry name="jre/legal/jdk.management.jfr/ADDITIONAL_LICENSE_INFO" shared="false" uninstallMode="3"/>
<entry name="source/main/resources/com/eviware/soapui/resources/images/amf.gif" shared="false" uninstallMode="0"/>
<entry name="jre/lib/psfont.properties.ja" shared="false" uninstallMode="3"/>
<entry name="lib/flex-messaging-proxy-1.0.jar" shared="false" uninstallMode="0"/>
<entry name="source/main/java/com/eviware/soapui/impl/wsdl/actions/request/AddRequestAsMockResponseStepAction.java" shared="false" uninstallMode="0"/>
<entry name="source/main/java/com/eviware/soapui/model/testsuite/LoadTestRunListener.java" shared="false" uninstallMode="0"/>
<entry name="source/main/java/com/eviware/soapui/support/editor/inspectors/attachments/ContentTypeHandler.java" shared="false" uninstallMode="0"/>
<entry name="jre/legal/java.base/cldr.md" shared="false" uninstallMode="3"/>
<entry name="source/test/java/com/eviware/soapui/support/editor/inspectors/auth/OAuth2ScriptsEditorTest.java" shared="false" uninstallMode="0"/>
<entry name="source/main/java/com/eviware/soapui/support/components/JCollapsibleTablePanel.java" shared="false" uninstallMode="0"/>
<entry name="source/main/java/com/eviware/soapui/impl/wsdl/submit/transports/jms/util/JMSUtils.java" shared="false" uninstallMode="0"/>
<entry name="source/main/java/com/eviware/soapui/model/support/XPathReference.java" shared="false" uninstallMode="0"/>
<entry name="source/main/java/com/eviware/soapui/support/editor/inspectors/httpheaders/MockResponseHeadersModel.java" shared="false" uninstallMode="0"/>
<entry name="source/main/java/org/syntax/jedit/tokenmarker/PerlTokenMarker.java" shared="false" uninstallMode="0"/>
<entry name="source/main/java/com/eviware/soapui/impl/wsdl/testcase/package.html" shared="false" uninstallMode="0"/>
<entry name="source/main/java/com/eviware/x/dialogs/Worker.java" shared="false" uninstallMode="0"/>
<entry name="source/main/resources/com/eviware/soapui/resources/images/create_empty_fault.gif" shared="false" uninstallMode="0"/>
<entry name="source/main/java/com/eviware/soapui/impl/rest/RestURIParser.java" shared="false" uninstallMode="0"/>
<entry name="lib/groovy-nio-3.0.19.jar" shared="false" uninstallMode="0"/>
<entry name="source/main/java/com/eviware/soapui/security/scan/XPathInjectionSecurityScan.java" shared="false" uninstallMode="0"/>
<entry name="lib/animal-sniffer-annotations-1.11.jar" shared="false" uninstallMode="0"/>
<entry name="source/main/java/com/eviware/soapui/actions/ToolsPrefs.java" shared="false" uninstallMode="0"/>
<entry name="source/main/java/com/eviware/soapui/impl/wsdl/teststeps/HttpTestRequestStep.java" shared="false" uninstallMode="0"/>
<entry name="source/main/java/com/eviware/soapui/support/xml/actions/LoadXmlTextAreaAction.java" shared="false" uninstallMode="0"/>
<entry name="source/main/java/com/eviware/soapui/impl/wsdl/submit/transports/http/ExtendedEntityEnclosingHttpMethod.java" shared="false" uninstallMode="0"/>
<entry name="source/main/java/com/eviware/soapui/security/tools/InfiniteAttachment.java" shared="false" uninstallMode="0"/>
<entry name="source/main/resources/com/eviware/soapui/resources/images/SoapUI-Spashscreen.png" shared="false" uninstallMode="0"/>
<entry name="source/test/java/com/eviware/soapui/impl/wsdl/teststeps/assertions/basic/SchemaComplianceAssertionTest.java" shared="false" uninstallMode="0"/>
<entry name="source/main/java/com/eviware/soapui/impl/rest/panels/resource/RestParamsTable.java" shared="false" uninstallMode="0"/>
<entry name="source/main/java/com/eviware/soapui/impl/wsdl/submit/transports/http/support/methods/ExtendedTraceMethod.java" shared="false" uninstallMode="0"/>
<entry name="source/main/java/com/eviware/soapui/model/tree/nodes/TestCaseTreeNode.java" shared="false" uninstallMode="0"/>
<entry name="licences/xerces-LICENSE.txt" shared="false" uninstallMode="0"/>
<entry name="source/main/java/com/eviware/soapui/support/dnd/handlers/MockResponseToTestCaseDropHandler.java" shared="false" uninstallMode="0"/>
<entry name="source/main/java/com/eviware/soapui/impl/wsdl/panels/support/MockSecurityTestRunner.java" shared="false" uninstallMode="0"/>
<entry name="licences/activation-LICENSE.txt" shared="false" uninstallMode="0"/>
<entry name="source/main/java/com/eviware/soapui/impl/support/definition/support/AbstractInterfaceDefinition.java" shared="false" uninstallMode="0"/>
<entry name="source/main/resources/com/eviware/soapui/resources/images/remoteProject.gif" shared="false" uninstallMode="0"/>
<entry name="source/main/resources/com/eviware/soapui/images/jquery-ui/ui-icons_222222_256x240.png" shared="false" uninstallMode="0"/>
<entry name="source/main/java/com/eviware/soapui/support/editor/inspectors/auth/OAuth1GetTokenForm.java" shared="false" uninstallMode="0"/>
<entry name="source/main/java/com/eviware/soapui/support/action/swing/SwingMultiActionDelegate.java" shared="false" uninstallMode="0"/>
<entry name="source/main/java/com/eviware/soapui/impl/actions/NewWorkspaceAction.java" shared="false" uninstallMode="0"/>
<entry name="source/test/resources/single-dependency-plugin.jar" shared="false" uninstallMode="0"/>
<entry name="source/main/resources/com/eviware/soapui/resources/images/clone_parameters.png" shared="false" uninstallMode="0"/>
<entry name="source/main/java/com/eviware/soapui/impl/wsdl/support/http/KerberosProtocolFixer.java" shared="false" uninstallMode="0"/>
<entry name="source/main/resources/com/eviware/soapui/resources/images/element.png" shared="false" uninstallMode="0"/>
<entry name="source/main/java/com/eviware/soapui/impl/wsdl/actions/project/RenameProjectAction.java" shared="false" uninstallMode="0"/>
<entry name="source/main/java/com/eviware/soapui/impl/wsdl/actions/mockresponse/ApplyOutgoingWSSToMockResponseAction.java" shared="false" uninstallMode="0"/>
<entry name="source/main/xsd/j2ee/j2ee_web_services_1_1.xsd" shared="false" uninstallMode="0"/>
<entry name="source/main/java/com/eviware/soapui/model/Releasable.java" shared="false" uninstallMode="0"/>
<entry name="source/test/java/com/eviware/soapui/model/tree/nodes/ProjectTreeNodeTest.java" shared="false" uninstallMode="0"/>
<entry name="source/test/java/com/eviware/soapui/utils/StubbedDialogs.java" shared="false" uninstallMode="0"/>
<entry name="source/main/java/com/eviware/soapui/impl/wsdl/submit/transports/http/HttpResponse.java" shared="false" uninstallMode="0"/>
<entry name="source/main/java/com/eviware/soapui/impl/wsdl/teststeps/RestTestRequest.java" shared="false" uninstallMode="0"/>
<entry name="source/main/java/com/eviware/soapui/impl/wsdl/testcase/WsdlTestCaseRunner.java" shared="false" uninstallMode="0"/>
<entry name="source/main/xsd/j2ee/j2ee_jaxrpc_mapping_1_1.xsd" shared="false" uninstallMode="0"/>
<entry name="source/main/java/com/eviware/soapui/impl/wsdl/support/wsdl/package.html" shared="false" uninstallMode="0"/>
<entry name="source/main/java/com/eviware/soapui/model/testsuite/PropertyAssertion.java" shared="false" uninstallMode="0"/>
<entry name="source/main/java/com/eviware/soapui/impl/rest/actions/oauth/WebViewUserBrowserFacade.java" shared="false" uninstallMode="0"/>
<entry name="README.md" shared="false" uninstallMode="0"/>
<entry name="source/main/java/com/eviware/soapui/impl/wsdl/panels/loadtest/StatisticsDesktopPanel.java" shared="false" uninstallMode="0"/>
<entry name="source/main/java/com/eviware/soapui/support/components/PreviewCorner.java" shared="false" uninstallMode="0"/>
<entry name="source/main/resources/com/eviware/soapui/resources/images/http_request_4.png" shared="false" uninstallMode="0"/>
<entry name="source/test/resources/mappings/target-jaxrpc-mapping.xml" shared="false" uninstallMode="0"/>
<entry name="source/main/resources/com/eviware/soapui/resources/images/default_properties.gif" shared="false" uninstallMode="0"/>
<entry name="source/main/java/com/eviware/soapui/impl/wsdl/actions/mockservice/RestartMockServiceAction.java" shared="false" uninstallMode="0"/>
<entry name="source/test/resources/merge/webinf/source/jaxrpc-mapping.xml" shared="false" uninstallMode="0"/>
<entry name="lib/jackson-jaxrs-xml-provider-2.10.1.jar" shared="false" uninstallMode="0"/>
<entry name="jre/lib/libmanagement_ext.so" shared="false" uninstallMode="3"/>
<entry name="source/main/java/com/eviware/soapui/impl/support/AbstractInterface.java" shared="false" uninstallMode="0"/>
<entry name="source/main/java/com/eviware/soapui/support/editor/inspectors/auth/OAuth2AdvancedOptionsDialog.java" shared="false" uninstallMode="0"/>
<entry name="source/main/java/com/eviware/soapui/support/editor/inspectors/jms/header/AbstractJMSHeaderInspector.java" shared="false" uninstallMode="0"/>
<entry name="source/main/java/com/eviware/soapui/support/xml/actions/GoToLineAction.java" shared="false" uninstallMode="0"/>
<entry name="source/main/java/com/eviware/soapui/model/iface/MessagePart.java" shared="false" uninstallMode="0"/>
<entry name="source/main/java/com/eviware/soapui/impl/wsdl/panels/mock/WsdlMockServicePanelBuilder.java" shared="false" uninstallMode="0"/>
<entry name="source/main/java/com/eviware/soapui/impl/wsdl/loadtest/strategy/SimpleLoadStrategy.java" shared="false" uninstallMode="0"/>
<entry name="lib/xmlsec-2.1.7.jar" shared="false" uninstallMode="0"/>
<entry name="source/main/java/com/eviware/soapui/impl/wsdl/actions/mockservice/AddNewMockOperationAction.java" shared="false" uninstallMode="0"/>
<entry name="jre/legal/java.management/ASSEMBLY_EXCEPTION" shared="false" uninstallMode="3"/>
<entry name="jre/bin/client/classes.jsa" shared="false" uninstallMode="0"/>
<entry name="source/main/resources/com/eviware/soapui/resources/images/exec_mockResponse_4.gif" shared="false" uninstallMode="0"/>
<entry name="source/main/java/com/eviware/soapui/impl/wsdl/panels/teststeps/DelayTestStepPanelBuilder.java" shared="false" uninstallMode="0"/>
<entry name="source/main/java/com/eviware/soapui/support/editor/views/xml/source/XmlSourceEditorView.java" shared="false" uninstallMode="0"/>
<entry name="source/main/java/com/eviware/soapui/report/JUnitReportCollector.java" shared="false" uninstallMode="0"/>
<entry name="source/main/java/com/eviware/soapui/impl/wsdl/panels/request/StringToStringMapTableModel.java" shared="false" uninstallMode="0"/>
<entry name="source/main/java/com/eviware/soapui/model/tree/AbstractTreeNode.java" shared="false" uninstallMode="0"/>
<entry name="source/main/resources/com/eviware/soapui/resources/images/exec_jdbc_request_1.gif" shared="false" uninstallMode="0"/>
<entry name="source/main/java/skt/swing/tree/check/TreePathSelectable.java" shared="false" uninstallMode="0"/>
<entry name="source/main/java/com/eviware/soapui/support/propertyexpansion/AbstractPropertyExpansionTarget.java" shared="false" uninstallMode="0"/>
<entry name="source/main/java/com/eviware/soapui/impl/actions/multi/MultiTestStepDeleteAction.java" shared="false" uninstallMode="0"/>
<entry name="source/main/java/com/eviware/soapui/impl/support/MediaTypeUtils.java" shared="false" uninstallMode="0"/>
<entry name="source/main/java/com/eviware/soapui/impl/wsdl/teststeps/RestResponseMessageExchange.java" shared="false" uninstallMode="0"/>
<entry name="source/main/java/com/eviware/soapui/impl/wsdl/teststeps/SettingPathPropertySupport.java" shared="false" uninstallMode="0"/>
<entry name="source/main/java/com/eviware/soapui/model/mock/MockRunListener.java" shared="false" uninstallMode="0"/>
<entry name="bin/testrunner.sh" shared="false" uninstallMode="0"/>
<entry name="source/test/java/com/eviware/soapui/impl/wsdl/monitor/jettyproxy/TunnelServletUnitTest.java" shared="false" uninstallMode="0"/>
<entry name="source/main/java/com/eviware/soapui/ui/desktop/standalone/StandaloneDesktop.java" shared="false" uninstallMode="0"/>
<entry name="jre/legal/jdk.crypto.cryptoki/ASSEMBLY_EXCEPTION" shared="false" uninstallMode="3"/>
<entry name=".install4j/autoUninstall.1" shared="false" uninstallMode="0"/>
<entry name="lib/groovy-all-3.0.19.pom" shared="false" uninstallMode="0"/>
<entry name="source/main/java/com/eviware/soapui/impl/rest/actions/service/CreateWadlDocumentationAction.java" shared="false" uninstallMode="0"/>
<entry name="source/main/resources/com/eviware/soapui/resources/images/put_method.png" shared="false" uninstallMode="0"/>
<entry name="jre/lib/minimal/libjsig.so" shared="false" uninstallMode="3"/>
<entry name="source/main/resources/com/eviware/soapui/resources/images/soap_request_4.png" shared="false" uninstallMode="0"/>
<entry name="source/test/java/com/eviware/soapui/support/JsonUtilTest.java" shared="false" uninstallMode="0"/>
<entry name="source/main/java/com/eviware/soapui/support/ModelItemNamer.java" shared="false" uninstallMode="0"/>
<entry name="source/main/java/com/eviware/soapui/ui/desktop/standalone/MostRecentlyUsedOrderDesktopManager.java" shared="false" uninstallMode="0"/>
<entry name="source/main/java/com/eviware/soapui/impl/rest/panels/resource/RestParamsTableModel.java" shared="false" uninstallMode="0"/>
<entry name="jre/legal/java.sql.rowset/LICENSE" shared="false" uninstallMode="3"/>
<entry name="source/main/java/com/eviware/soapui/impl/wsdl/actions/mockoperation/OpenRequestForMockOperationAction.java" shared="false" uninstallMode="0"/>
<entry name="source/main/resources/com/eviware/soapui/resources/images/copy_method.png" shared="false" uninstallMode="0"/>
<entry name="source/main/java/com/eviware/soapui/impl/wsdl/actions/iface/tools/jaxb/package.html" shared="false" uninstallMode="0"/>
<entry name="source/main/java/com/eviware/soapui/model/propertyexpansion/PropertyExpansionsResult.java" shared="false" uninstallMode="0"/>
<entry name="source/main/resources/com/eviware/soapui/resources/html/starter-page.html" shared="false" uninstallMode="0"/>
<entry name="source/main/java/com/eviware/soapui/impl/rest/support/RestUtils.java" shared="false" uninstallMode="0"/>
<entry name="source/main/java/com/eviware/soapui/impl/wsdl/monitor/SoapMonitorEngineImpl.java" shared="false" uninstallMode="0"/>
<entry name="source/main/resources/com/eviware/soapui/resources/images/interface.png" shared="false" uninstallMode="0"/>
<entry name="source/main/java/com/eviware/soapui/impl/wsdl/actions/iface/tools/wsi/package.html" shared="false" uninstallMode="0"/>
<entry name="jre/legal/java.xml.crypto/santuario.md" shared="false" uninstallMode="3"/>
<entry name="source/main/java/com/eviware/soapui/impl/rest/panels/method/RestMethodDesktopPanel.java" shared="false" uninstallMode="0"/>
<entry name="source/main/java/com/eviware/soapui/security/registry/SecurityScanRegistry.java" shared="false" uninstallMode="0"/>
<entry name="source/main/java/com/eviware/soapui/support/action/SoapUIMultiAction.java" shared="false" uninstallMode="0"/>
<entry name="source/test/java/com/eviware/soapui/impl/wsdl/WsdlProjectBackwardCompatibilityTest.java" shared="false" uninstallMode="0"/>
<entry name="source/main/java/com/eviware/soapui/impl/support/definition/export/WadlDefinitionExporter.java" shared="false" uninstallMode="0"/>
<entry name="source/main/resources/com/eviware/soapui/resources/images/clear_database_props.gif" shared="false" uninstallMode="0"/>
<entry name="lib/jersey-container-servlet-core-2.29.1.jar" shared="false" uninstallMode="0"/>
<entry name="source/main/java/com/eviware/soapui/impl/wsdl/actions/request/CreateEmptyRequestAction.java" shared="false" uninstallMode="0"/>
<entry name="source/main/java/com/eviware/soapui/RecentItemsListener.java" shared="false" uninstallMode="0"/>
<entry name="source/main/resources/com/eviware/soapui/resources/images/copy_parameters.gif" shared="false" uninstallMode="0"/>
<entry name="source/main/java/com/eviware/soapui/impl/wsdl/actions/testsuite/ImportTestCaseAction.java" shared="false" uninstallMode="0"/>
<entry name="source/main/java/com/eviware/soapui/security/registry/InvalidTypesSecurityScanFactory.java" shared="false" uninstallMode="0"/>
<entry name="source/main/resources/com/eviware/soapui/resources/images/http_request.gif" shared="false" uninstallMode="0"/>
<entry name="source/test/java/com/eviware/soapui/utils/RestRequestWithParamsMatcher.java" shared="false" uninstallMode="0"/>
<entry name="source/main/java/com/eviware/soapui/support/NodeRange.java" shared="false" uninstallMode="0"/>
<entry name="source/main/resources/com/eviware/soapui/resources/images/webTestCase.gif" shared="false" uninstallMode="0"/>
<entry name="source/main/java/com/eviware/soapui/settings/package.html" shared="false" uninstallMode="0"/>
<entry name="source/main/resources/com/eviware/soapui/resources/images/average_loadtest_assertion.gif" shared="false" uninstallMode="0"/>
<entry name="source/main/java/com/eviware/soapui/impl/wsdl/mock/WsdlMockService.java" shared="false" uninstallMode="0"/>
<entry name="source/main/java/com/eviware/soapui/impl/wsdl/teststeps/RestTestRequestStepInterface.java" shared="false" uninstallMode="0"/>
<entry name="lib/cal10n-api-0.8.1.jar" shared="false" uninstallMode="0"/>
<entry name="source/main/xsd/wsi/analyzerConfig.xsd" shared="false" uninstallMode="0"/>
<entry name="source/main/java/com/eviware/soapui/support/editor/inspectors/wsrm/WsdlRequestWsrmPiggybackInspector.java" shared="false" uninstallMode="0"/>
<entry name="source/main/java/com/eviware/soapui/model/iface/InterfaceListener.java" shared="false" uninstallMode="0"/>
<entry name="source/main/resources/com/eviware/soapui/resources/images/clone_request.gif" shared="false" uninstallMode="0"/>
<entry name="source/main/resources/com/eviware/soapui/resources/images/delete.png" shared="false" uninstallMode="0"/>
<entry name="source/main/resources/com/eviware/soapui/resources/images/new-rest-project-icon.png" shared="false" uninstallMode="0"/>
<entry name="source/main/java/com/eviware/soapui/impl/actions/package.html" shared="false" uninstallMode="0"/>
<entry name="source/main/java/com/eviware/soapui/autoupdate/SoapUIUpdateProviderStub.java" shared="false" uninstallMode="0"/>
<entry name="source/main/java/com/eviware/soapui/impl/wsdl/loadtest/strategy/VarianceLoadStrategy.java" shared="false" uninstallMode="0"/>
<entry name="source/main/java/com/eviware/soapui/support/components/JUndoableTextArea.java" shared="false" uninstallMode="0"/>
<entry name="source/main/java/com/eviware/soapui/impl/rest/panels/service/RestServiceDesktopPanel.java" shared="false" uninstallMode="0"/>
<entry name="source/main/java/com/eviware/soapui/impl/wsdl/teststeps/PathLanguage.java" shared="false" uninstallMode="0"/>
<entry name="source/main/java/com/eviware/soapui/support/editor/inspectors/attachments/package.html" shared="false" uninstallMode="0"/>
<entry name="source/main/java/com/eviware/soapui/support/MediaTypeComboBox.java" shared="false" uninstallMode="0"/>
<entry name="source/main/resources/com/eviware/soapui/resources/images/valid_securitytest.gif" shared="false" uninstallMode="0"/>
<entry name="lib/commons-cli-1.2.jar" shared="false" uninstallMode="0"/>
<entry name="source/main/java/com/eviware/x/form/support/XFormRadioGroupTopButtonPosition.java" shared="false" uninstallMode="0"/>
<entry name="source/main/java/com/eviware/soapui/impl/wsdl/actions/teststep/InsertWsdlTestStepAction.java" shared="false" uninstallMode="0"/>
<entry name="source/main/java/com/eviware/soapui/plugins/ApiImporter.java" shared="false" uninstallMode="0"/>
<entry name="source/main/java/com/eviware/soapui/support/resolver/ChooseAnotherTestCase.java" shared="false" uninstallMode="0"/>
<entry name="source/test/java/com/eviware/soapui/impl/wsdl/panels/request/WsdlRequestDesktopPanelTest.java" shared="false" uninstallMode="0"/>
<entry name=".install4j/i4j_extf_5_hs6ad0_x7nby6.png" shared="false" uninstallMode="2"/>
<entry name="source/main/resources/com/eviware/soapui/resources/images/disabled_http_request_step.png" shared="false" uninstallMode="0"/>
<entry name="jre/legal/jdk.internal.vm.compiler.management/ADDITIONAL_LICENSE_INFO" shared="false" uninstallMode="3"/>
<entry name="source/main/java/com/eviware/soapui/model/testsuite/TestSuiteListener.java" shared="false" uninstallMode="0"/>
<entry name="jre/lib/libjava.so" shared="false" uninstallMode="3"/>
<entry name="source/main/resources/com/eviware/soapui/resources/doc/wadl_documentation.xsl" shared="false" uninstallMode="0"/>
<entry name="source/main/resources/com/eviware/soapui/resources/images/rest_virt_4.png" shared="false" uninstallMode="0"/>
<entry name="source/main/java/com/eviware/soapui/impl/wsdl/actions/request/DeleteRequestAction.java" shared="false" uninstallMode="0"/>
<entry name="source/main/resources/com/eviware/soapui/resources/images/disabled_encrypted_project.png" shared="false" uninstallMode="0"/>
<entry name="source/main/java/com/eviware/soapui/support/editor/inspectors/auth/WSSAuthenticationForm.java" shared="false" uninstallMode="0"/>
<entry name="source/main/resources/com/eviware/soapui/resources/images/disabled_request.gif" shared="false" uninstallMode="0"/>
<entry name="source/main/java/com/eviware/soapui/model/iface/MessageExchange.java" shared="false" uninstallMode="0"/>
<entry name="source/test/resources/axis/services/incrementService.wsdl" shared="false" uninstallMode="0"/>
<entry name="source/main/java/org/apache/commons/httpclient/URIException.java" shared="false" uninstallMode="0"/>
<entry name="jre/legal/jdk.internal.ed/LICENSE" shared="false" uninstallMode="3"/>
<entry name="source/main/java/com/eviware/soapui/impl/wsdl/actions/mockoperation/package.html" shared="false" uninstallMode="0"/>
<entry name="source/main/java/com/eviware/soapui/plugins/auto/factories/AutoValueProviderFactory.java" shared="false" uninstallMode="0"/>
<entry name="source/main/java/com/eviware/soapui/impl/wsdl/mock/ViewWsdlMockResultAction.java" shared="false" uninstallMode="0"/>
<entry name="lib/saxon-9.1.0.8j.jar" shared="false" uninstallMode="0"/>
<entry name="source/test/java/com/eviware/soapui/utils/StatefulModelItemFactory.java" shared="false" uninstallMode="0"/>
<entry name="source/main/resources/com/eviware/soapui/resources/images/cross_site_script_scan.gif" shared="false" uninstallMode="0"/>
<entry name="lib/jline-2.14.6.jar" shared="false" uninstallMode="0"/>
<entry name="source/main/java/com/eviware/soapui/impl/wsdl/panels/mockoperation/WsdlMockRequestMessageExchange.java" shared="false" uninstallMode="0"/>
<entry name="source/main/resources/com/eviware/soapui/resources/images/soap_virt_3.png" shared="false" uninstallMode="0"/>
<entry name="source/main/java/com/smartbear/integrations/swaggerhub/component/ImportFromSwaggerHubDialog.java" shared="false" uninstallMode="0"/>
<entry name="source/main/java/com/eviware/soapui/impl/wsdl/mock/MockRunnerManagerImpl.java" shared="false" uninstallMode="0"/>
<entry name="jre/legal/java.desktop/giflib.md" shared="false" uninstallMode="3"/>
<entry name="source/main/java/com/eviware/soapui/impl/wsdl/submit/transports/http/support/methods/HttpLockMethod.java" shared="false" uninstallMode="0"/>
<entry name="lib/wss4j-1.6.17.jar" shared="false" uninstallMode="0"/>
<entry name="source/main/java/com/eviware/soapui/support/swing/SoapUISplitPaneUI.java" shared="false" uninstallMode="0"/>
<entry name="source/main/java/com/eviware/soapui/model/support/TestPropertyListenerAdapter.java" shared="false" uninstallMode="0"/>
<entry name="source/main/java/com/eviware/soapui/support/editor/inspectors/auth/OAuth2GetAccessTokenForm.java" shared="false" uninstallMode="0"/>
<entry name="source/main/java/com/eviware/soapui/security/log/JSecurityTestRunLog.java" shared="false" uninstallMode="0"/>
<entry name="lib/groovy-datetime-3.0.19.jar" shared="false" uninstallMode="0"/>
<entry name="source/test/resources/keys/jks-test-key.jks" shared="false" uninstallMode="0"/>
<entry name="licences/commons-lang-LICENSE.txt" shared="false" uninstallMode="0"/>
<entry name="source/main/resources/com/eviware/soapui/resources/images/options_method.gif" shared="false" uninstallMode="0"/>
<entry name="source/main/java/com/eviware/soapui/model/util/PanelBuilderFactory.java" shared="false" uninstallMode="0"/>
<entry name="lib/reactive-streams-1.0.3.jar" shared="false" uninstallMode="0"/>
<entry name="source/main/java/com/eviware/soapui/impl/wsdl/loadtest/strategy/LoadStrategyRegistry.java" shared="false" uninstallMode="0"/>
<entry name="jre/legal/java.security.jgss/LICENSE" shared="false" uninstallMode="3"/>
<entry name="source/main/java/com/eviware/soapui/impl/wsdl/support/http/ProxyUtils.java" shared="false" uninstallMode="0"/>
<entry name="source/main/java/com/eviware/soapui/impl/wsdl/support/xsd/SampleXmlUtil.java" shared="false" uninstallMode="0"/>
<entry name="source/main/java/com/eviware/soapui/support/editor/inspectors/script/ScriptInspectorFactory.java" shared="false" uninstallMode="0"/>
<entry name="source/main/java/com/eviware/soapui/impl/wsdl/submit/transports/http/package.html" shared="false" uninstallMode="0"/>
<entry name="source/test/java/com/eviware/soapui/impl/rest/mock/RestMockActionTest.java" shared="false" uninstallMode="0"/>
<entry name="jre/legal/jdk.jfr/LICENSE" shared="false" uninstallMode="3"/>
<entry name="source/main/java/com/eviware/soapui/support/swing/SwingWorkerDelegator.java" shared="false" uninstallMode="0"/>
<entry name="source/main/xsd/policy/xmldsig-core-schema.xsd" shared="false" uninstallMode="0"/>
<entry name="source/main/java/com/eviware/soapui/support/dnd/handlers/TestCaseToTestCaseDropHandler.java" shared="false" uninstallMode="0"/>
<entry name="source/test/java/com/eviware/soapui/impl/wsdl/monitor/ContentTypesTest.java" shared="false" uninstallMode="0"/>
<entry name="source/main/java/com/eviware/soapui/support/xml/actions/EnableLineNumbersAction.java" shared="false" uninstallMode="0"/>
<entry name="source/main/java/com/eviware/soapui/impl/rest/panels/component/RestResourceFinder.java" shared="false" uninstallMode="0"/>
<entry name="source/main/java/com/eviware/soapui/impl/support/definition/export/DefinitionExporter.java" shared="false" uninstallMode="0"/>
<entry name="source/main/resources/com/eviware/soapui/resources/images/sequential.gif" shared="false" uninstallMode="0"/>
<entry name="source/main/java/com/eviware/soapui/impl/wsdl/panels/support/package.html" shared="false" uninstallMode="0"/>
<entry name="source/main/java/com/eviware/soapui/integration/exporter/ProjectExporter.java" shared="false" uninstallMode="0"/>
<entry name="source/main/resources/com/eviware/soapui/resources/xsds/swaref.xsd" shared="false" uninstallMode="0"/>
<entry name="jre/legal/java.se/LICENSE" shared="false" uninstallMode="3"/>
<entry name=".install4j/launcher250876ee.jar" shared="false" uninstallMode="2"/>
<entry name="source/main/java/com/eviware/soapui/impl/wsdl/support/jms/property/JMSPropertyContainer.java" shared="false" uninstallMode="0"/>
<entry name="source/main/java/com/eviware/soapui/model/security/SecurityScan.java" shared="false" uninstallMode="0"/>
<entry name="source/main/java/com/eviware/soapui/model/project/ProjectListener.java" shared="false" uninstallMode="0"/>
<entry name="source/main/java/com/eviware/soapui/actions/SecurityScansPrefs.java" shared="false" uninstallMode="0"/>
<entry name="source/main/java/com/eviware/soapui/impl/wsdl/support/wss/OutgoingWss.java" shared="false" uninstallMode="0"/>
<entry name="jre/legal/java.xml/xerces.md" shared="false" uninstallMode="3"/>
<entry name="source/main/java/com/eviware/soapui/support/UISupport.java" shared="false" uninstallMode="0"/>
<entry name="source/main/resources/com/eviware/soapui/resources/images/rest_virt_8.png" shared="false" uninstallMode="0"/>
<entry name="source/test/resources/testResponse.xml" shared="false" uninstallMode="0"/>
<entry name="source/main/java/com/eviware/soapui/impl/rest/actions/explorer/callback/EndpointExplorerCallback.java" shared="false" uninstallMode="0"/>
<entry name="source/main/java/com/eviware/soapui/impl/wsdl/actions/iface/tools/cxf/CXFAction.java" shared="false" uninstallMode="0"/>
<entry name="source/main/java/com/eviware/x/impl/swing/JTabbedFormDialog.java" shared="false" uninstallMode="0"/>
<entry name="source/main/java/com/eviware/soapui/impl/wsdl/submit/transports/jms/JMSConnectionHolder.java" shared="false" uninstallMode="0"/>
<entry name="source/main/java/com/eviware/soapui/impl/rest/actions/request/CloneRestRequestAction.java" shared="false" uninstallMode="0"/>
<entry name="source/main/java/com/eviware/soapui/impl/wsdl/actions/iface/tools/wsi/WSIReportPanel.java" shared="false" uninstallMode="0"/>
<entry name=".install4j/i4j_extf_6_hs6ad0_vd2dea.png" shared="false" uninstallMode="2"/>
<entry name="source/main/java/com/eviware/soapui/impl/wsdl/support/http/RequestContentWrapper.java" shared="false" uninstallMode="0"/>
<entry name="source/main/java/org/apache/commons/httpclient/HttpStatus.java" shared="false" uninstallMode="0"/>
<entry name="jre/legal/jdk.crypto.cryptoki/ADDITIONAL_LICENSE_INFO" shared="false" uninstallMode="3"/>
<entry name="jre/legal/jdk.jdwp.agent/ASSEMBLY_EXCEPTION" shared="false" uninstallMode="3"/>
<entry name="source/main/java/com/eviware/soapui/impl/wsdl/actions/mockresponse/package.html" shared="false" uninstallMode="0"/>
<entry name="source/main/java/com/eviware/x/impl/swing/JTableFormField.java" shared="false" uninstallMode="0"/>
<entry name="source/main/resources/com/eviware/soapui/resources/images/proxyEnabled_toolbar.png" shared="false" uninstallMode="0"/>
<entry name="jre/release" shared="false" uninstallMode="3"/>
<entry name="source/main/resources/com/eviware/soapui/impl/rest/actions/support/Bundle.properties" shared="false" uninstallMode="0"/>
<entry name="source/main/java/com/eviware/soapui/model/support/AbstractSubmitContext.java" shared="false" uninstallMode="0"/>
<entry name="source/main/resources/com/eviware/soapui/resources/images/disabled_rest_request_step.png" shared="false" uninstallMode="0"/>
<entry name="source/main/resources/com/eviware/soapui/resources/images/lock_method.png" shared="false" uninstallMode="0"/>
<entry name="source/test/java/com/eviware/soapui/impl/support/AbstractMockRequestTest.java" shared="false" uninstallMode="0"/>
<entry name="source/main/resources/com/eviware/soapui/resources/images/SoapUI-OS_16-16.png" shared="false" uninstallMode="0"/>
<entry name="jre/legal/java.logging/ASSEMBLY_EXCEPTION" shared="false" uninstallMode="3"/>
<entry name="source/main/java/com/eviware/soapui/settings/SettingHandler.java" shared="false" uninstallMode="0"/>
<entry name="source/main/java/com/eviware/soapui/plugins/ActionGroup.java" shared="false" uninstallMode="0"/>
<entry name="source/main/java/com/eviware/soapui/support/monitor/MonitorSource.java" shared="false" uninstallMode="0"/>
<entry name="lib/groovy-astbuilder-3.0.19.jar" shared="false" uninstallMode="0"/>
<entry name="source/test/resources/wadl/atom.wadl" shared="false" uninstallMode="0"/>
<entry name="source/main/java/com/eviware/soapui/impl/wsdl/loadtest/data/SamplesModel.java" shared="false" uninstallMode="0"/>
<entry name="lib/FastInfoset-1.2.16.jar" shared="false" uninstallMode="0"/>
<entry name="source/main/java/com/eviware/soapui/model/support/MockRunListenerAdapter.java" shared="false" uninstallMode="0"/>
<entry name="source/main/java/com/eviware/soapui/support/xml/actions/FormatAction.java" shared="false" uninstallMode="0"/>
<entry name="source/main/java/skt/swing/tree/check/CheckTreeManager.java" shared="false" uninstallMode="0"/>
<entry name="jre/lib/security/public_suffix_list.dat" shared="false" uninstallMode="3"/>
<entry name="source/test/java/com/eviware/soapui/impl/wsdl/submit/filters/HttpAuthenticationRequestFilterTest.java" shared="false" uninstallMode="0"/>
<entry name="source/main/java/com/eviware/soapui/model/propertyexpansion/DefaultPropertyExpansionContext.java" shared="false" uninstallMode="0"/>
<entry name="source/main/java/com/eviware/soapui/impl/wsdl/actions/teststep/CloneTestStepAction.java" shared="false" uninstallMode="0"/>
<entry name="source/main/java/com/eviware/soapui/impl/wsdl/submit/filters/HttpAuthenticationRequestFilter.java" shared="false" uninstallMode="0"/>
<entry name="source/main/resources/com/eviware/soapui/resources/images/datasink_step.png" shared="false" uninstallMode="0"/>
<entry name="source/main/resources/com/eviware/soapui/resources/images/amf_request_4.png" shared="false" uninstallMode="0"/>
<entry name="jre/legal/jdk.crypto.ec/ASSEMBLY_EXCEPTION" shared="false" uninstallMode="3"/>
<entry name="source/main/java/com/eviware/soapui/impl/wsdl/actions/mockresponse/OpenRequestForMockResponseAction.java" shared="false" uninstallMode="0"/>
<entry name="source/main/xsd/soapui/InferredSchema.xsd" shared="false" uninstallMode="0"/>
<entry name="jre/legal/java.xml.crypto/LICENSE" shared="false" uninstallMode="3"/>
<entry name="source/main/java/com/eviware/soapui/support/resolver/ChooseAnotherPropertyTargetResolver.java" shared="false" uninstallMode="0"/>
<entry name="source/main/xsdconfig/soapui.xsdconfig" shared="false" uninstallMode="0"/>
<entry name="source/main/java/com/eviware/soapui/model/support/TestSuiteMetrics.java" shared="false" uninstallMode="0"/>
<entry name="source/main/java/org/apache/commons/httpclient/util/EncodingUtil.java" shared="false" uninstallMode="0"/>
<entry name="source/main/java/com/eviware/soapui/security/registry/MaliciousAttachmentSecurityScanFactory.java" shared="false" uninstallMode="0"/>
<entry name="source/main/resources/com/eviware/soapui/resources/images/import_toolbar_icon.png" shared="false" uninstallMode="0"/>
<entry name="jre/legal/java.naming/ASSEMBLY_EXCEPTION" shared="false" uninstallMode="3"/>
<entry name="jre/legal/jdk.crypto.ec/ADDITIONAL_LICENSE_INFO" shared="false" uninstallMode="3"/>
<entry name="source/main/java/com/eviware/soapui/actions/SaveAllProjectsAction.java" shared="false" uninstallMode="0"/>
<entry name="source/main/java/com/eviware/soapui/autoupdate/Install4jSoapUIUpdateProvider.java" shared="false" uninstallMode="0"/>
<entry name="source/main/resources/com/eviware/soapui/resources/images/rest_service.png" shared="false" uninstallMode="0"/>
<entry name="source/main/java/com/eviware/soapui/impl/support/EndpointsComboBoxModel.java" shared="false" uninstallMode="0"/>
<entry name="jre/lib/libnio.so" shared="false" uninstallMode="3"/>
<entry name="source/main/java/com/eviware/soapui/impl/wsdl/actions/mockoperation/RenameMockOperationAction.java" shared="false" uninstallMode="0"/>
<entry name="source/main/java/com/eviware/soapui/impl/wsdl/teststeps/registry/GotoStepFactory.java" shared="false" uninstallMode="0"/>
<entry name="source/main/java/com/eviware/soapui/impl/wsdl/panels/support/MockLoadTestRunner.java" shared="false" uninstallMode="0"/>
<entry name="source/main/java/com/eviware/soapui/impl/wsdl/monitor/SlowLinkSimulator.java" shared="false" uninstallMode="0"/>
<entry name="source/main/java/com/eviware/soapui/support/DateObjectSerializer.java" shared="false" uninstallMode="0"/>
<entry name="source/main/resources/com/eviware/soapui/resources/xsds/xmime200411.xsd" shared="false" uninstallMode="0"/>
<entry name="source/main/java/com/eviware/soapui/support/editor/inspectors/jms/property/JMSHeaderAndPropertyInspectorFactory.java" shared="false" uninstallMode="0"/>
<entry name="source/main/java/com/eviware/soapui/support/editor/views/package.html" shared="false" uninstallMode="0"/>
<entry name="source/main/java/com/eviware/soapui/impl/wsdl/actions/project/AddWadlAction.java" shared="false" uninstallMode="0"/>
<entry name="source/main/resources/com/eviware/soapui/resources/images/options_toolbar.png" shared="false" uninstallMode="0"/>
<entry name="source/main/resources/com/eviware/soapui/resources/images/reload_properties.gif" shared="false" uninstallMode="0"/>
<entry name="source/main/java/com/eviware/x/form/ComponentEnabler.java" shared="false" uninstallMode="0"/>
<entry name="source/test/java/com/eviware/soapui/impl/wsdl/submit/filters/OAuth2RequestFilterTest.java" shared="false" uninstallMode="0"/>
<entry name="source/main/java/com/eviware/soapui/support/action/swing/ActionSupport.java" shared="false" uninstallMode="0"/>
<entry name="source/test/java/com/eviware/soapui/tools/PropertyExpansionRemoverTest.java" shared="false" uninstallMode="0"/>
<entry name="source/main/resources/com/eviware/soapui/resources/images/patch_method.png" shared="false" uninstallMode="0"/>
<entry name="source/main/java/com/eviware/soapui/support/editor/inspectors/jms/property/JMSPropertyInspectorFactory.java" shared="false" uninstallMode="0"/>
<entry name="source/main/resources/com/eviware/soapui/resources/images/rest_virt_4.gif" shared="false" uninstallMode="0"/>
<entry name="source/main/java/com/eviware/soapui/support/scripting/SoapUIScriptEngine.java" shared="false" uninstallMode="0"/>
<entry name="source/main/java/com/eviware/soapui/impl/wsdl/panels/project/WSSTabPanel.java" shared="false" uninstallMode="0"/>
<entry name="source/main/java/com/eviware/soapui/impl/wsdl/support/soap/SoapVersion12.java" shared="false" uninstallMode="0"/>
<entry name="source/main/java/com/smartbear/swagger/SwaggerImporter.java" shared="false" uninstallMode="0"/>
<entry name="source/main/resources/com/eviware/soapui/resources/images/down_arrow.gif" shared="false" uninstallMode="0"/>
<entry name="source/main/java/com/eviware/soapui/support/editor/inspectors/jms/property/JMSHeaderAndPropertyInspector.java" shared="false" uninstallMode="0"/>
<entry name="source/main/java/com/eviware/soapui/plugins/PluginAdapter.java" shared="false" uninstallMode="0"/>
<entry name="source/test/resources/test6/wsdls/TestBinding.wsdl" shared="false" uninstallMode="0"/>
<entry name="source/main/resources/com/eviware/soapui/resources/images/soap_virt_7.png" shared="false" uninstallMode="0"/>
<entry name="source/main/java/com/eviware/soapui/plugins/auto/factories/AutoImportMethodFactory.java" shared="false" uninstallMode="0"/>
<entry name="source/test/java/com/eviware/soapui/impl/wsdl/submit/filters/GlobalHttpHeadersRequestFilterTest.java" shared="false" uninstallMode="0"/>
<entry name="source/main/java/com/eviware/soapui/impl/wsdl/teststeps/assertions/jdbc/JdbcStatusAssertion.java" shared="false" uninstallMode="0"/>
<entry name="lib/javafx-base-17.0.12.jar" shared="false" uninstallMode="0"/>
<entry name="lib/javafx-graphics-17.0.12-linux.jar" shared="false" uninstallMode="0"/>
<entry name="source/main/java/com/eviware/soapui/impl/wsdl/loadtest/data/LoadTestSamples.java" shared="false" uninstallMode="0"/>
<entry name="source/main/java/com/eviware/soapui/support/propertyexpansion/PropertyExpansionDropTarget.java" shared="false" uninstallMode="0"/>
<entry name="source/main/java/com/eviware/soapui/impl/wsdl/submit/filters/WsrmRequestFilter.java" shared="false" uninstallMode="0"/>
<entry name="source/main/java/com/eviware/soapui/support/jnlp/WebstartUtil.java" shared="false" uninstallMode="0"/>
<entry name="source/main/java/com/eviware/soapui/security/support/SecurityCheckedParameterHolder.java" shared="false" uninstallMode="0"/>
<entry name="lib/xpp3_min-1.1.4c.jar" shared="false" uninstallMode="0"/>
<entry name="source/main/java/com/eviware/x/form/validators/RequiredValidator.java" shared="false" uninstallMode="0"/>
<entry name="lib/jackson-annotations-2.13.0.jar" shared="false" uninstallMode="0"/>
<entry name="source/main/java/com/eviware/soapui/support/listener/InitializableListener.java" shared="false" uninstallMode="0"/>
<entry name="source/test/java/com/eviware/soapui/impl/wsdl/submit/filters/PropertyExpansionRequestFilterTest.java" shared="false" uninstallMode="0"/>
<entry name="source/main/java/com/eviware/soapui/impl/rest/actions/oauth/PropertyExpansionFunction.java" shared="false" uninstallMode="0"/>
<entry name="source/main/java/com/eviware/soapui/impl/wsdl/panels/iface/WsdlInterfacePanelBuilder.java" shared="false" uninstallMode="0"/>
<entry name="source/main/java/com/eviware/soapui/plugins/ActionConfiguration.java" shared="false" uninstallMode="0"/>
<entry name="jre/legal/jdk.internal.le/ASSEMBLY_EXCEPTION" shared="false" uninstallMode="3"/>
<entry name="source/main/java/com/eviware/soapui/support/resolver/DisablePropertyTransferResolver.java" shared="false" uninstallMode="0"/>
<entry name="source/main/xsd/policy/xml.xsd" shared="false" uninstallMode="0"/>
<entry name="source/main/resources/com/eviware/soapui/resources/images/jdbc_request_5.png" shared="false" uninstallMode="0"/>
<entry name="source/main/java/com/eviware/soapui/plugins/auto/PluginPrefs.java" shared="false" uninstallMode="0"/>
<entry name="licences/mydoggy-LICENSE.txt" shared="false" uninstallMode="0"/>
<entry name="source/main/java/com/eviware/soapui/support/components/JUndoableFormattedTextField.java" shared="false" uninstallMode="0"/>
<entry name="source/test/resources/root-plugin.jar" shared="false" uninstallMode="0"/>
<entry name="source/main/java/com/eviware/soapui/support/types/StringToStringsMap.java" shared="false" uninstallMode="0"/>
<entry name="source/main/java/com/eviware/soapui/impl/wsdl/actions/iface/tools/jbossws/WSToolsJava2WsdlAction.java" shared="false" uninstallMode="0"/>
<entry name="source/main/java/com/eviware/soapui/support/components/JXToolBar.java" shared="false" uninstallMode="0"/>
<entry name="source/main/java/com/eviware/soapui/impl/rest/panels/request/views/content/RestRequestContentView.java" shared="false" uninstallMode="0"/>
<entry name="source/main/java/com/eviware/soapui/impl/wsdl/teststeps/actions/package.html" shared="false" uninstallMode="0"/>
<entry name="source/main/java/com/eviware/x/form/ValidationMessage.java" shared="false" uninstallMode="0"/>
<entry name="source/main/java/com/eviware/soapui/impl/wsdl/actions/project/AddInterfaceActionFromFile.java" shared="false" uninstallMode="0"/>
<entry name="source/main/xsd/j2ee/j2ee_web_services_client_1_1.xsd" shared="false" uninstallMode="0"/>
<entry name="source/main/java/package.html" shared="false" uninstallMode="0"/>
<entry name="source/main/resources/com/eviware/soapui/resources/images/copy.png" shared="false" uninstallMode="0"/>
<entry name="source/main/java/com/eviware/soapui/plugins/auto/PluginResponseEditorView.java" shared="false" uninstallMode="0"/>
<entry name="source/main/java/com/eviware/soapui/model/testsuite/AssertionError.java" shared="false" uninstallMode="0"/>
<entry name="source/test/java/com/eviware/soapui/support/log/JLogListTest.java" shared="false" uninstallMode="0"/>
<entry name="lib/flex-messaging-remoting-1.0.jar" shared="false" uninstallMode="0"/>
<entry name="source/main/java/com/eviware/soapui/security/log/JFunctionalTestRunLog.java" shared="false" uninstallMode="0"/>
<entry name="source/main/resources/com/eviware/soapui/resources/images/mock_put_method.gif" shared="false" uninstallMode="0"/>
<entry name="source/main/java/com/eviware/soapui/impl/wsdl/support/MessageXmlObject.java" shared="false" uninstallMode="0"/>
<entry name="source/main/java/com/eviware/soapui/tools/SoapUIMockServlet.java" shared="false" uninstallMode="0"/>
<entry name="source/main/java/com/eviware/soapui/impl/wsdl/panels/monitor/SoapMonitorContainer.java" shared="false" uninstallMode="0"/>
<entry name="source/main/java/org/syntax/jedit/TextUtilities.java" shared="false" uninstallMode="0"/>
<entry name="source/main/java/com/eviware/soapui/impl/wsdl/submit/transports/http/support/attachments/MockRequestDataSource.java" shared="false" uninstallMode="0"/>
<entry name="source/main/java/com/eviware/soapui/support/dnd/handlers/TestStepToTestStepDropHandler.java" shared="false" uninstallMode="0"/>
<entry name="source/main/java/com/eviware/soapui/support/swing/JXButtonPanel.java" shared="false" uninstallMode="0"/>
<entry name="source/main/java/com/eviware/soapui/impl/rest/OAuth2Profile.java" shared="false" uninstallMode="0"/>
<entry name=".install4j/MessagesDefault" shared="false" uninstallMode="2"/>
<entry name="source/main/java/com/eviware/soapui/impl/wadl/inference/schema/types/ComplexType.java" shared="false" uninstallMode="0"/>
<entry name="source/main/java/com/eviware/soapui/impl/wsdl/submit/transports/http/support/attachments/WsdlSinglePartHttpResponse.java" shared="false" uninstallMode="0"/>
<entry name="source/main/java/com/eviware/soapui/support/dnd/AbstractSoapUIDropTarget.java" shared="false" uninstallMode="0"/>
<entry name="source/main/java/com/eviware/soapui/impl/wsdl/MutableTestPropertyHolder.java" shared="false" uninstallMode="0"/>
<entry name="source/main/java/com/eviware/soapui/support/components/SimpleBindingForm.java" shared="false" uninstallMode="0"/>
<entry name="source/main/java/com/eviware/soapui/impl/wsdl/teststeps/assertions/soap/SoapResponseAssertion.java" shared="false" uninstallMode="0"/>
<entry name="source/main/java/com/eviware/soapui/impl/WsdlInterfaceFactory.java" shared="false" uninstallMode="0"/>
<entry name="source/main/java/com/eviware/soapui/impl/wsdl/actions/iface/tools/package.html" shared="false" uninstallMode="0"/>
<entry name="jre/legal/jdk.internal.jvmstat/ASSEMBLY_EXCEPTION" shared="false" uninstallMode="3"/>
<entry name="source/main/java/com/eviware/soapui/impl/wsdl/loadtest/log/package.html" shared="false" uninstallMode="0"/>
<entry name="jre/legal/java.xml/dom.md" shared="false" uninstallMode="3"/>
<entry name="jre/conf/security/policy/unlimited/default_local.policy" shared="false" uninstallMode="3"/>
<entry name="jre/legal/java.transaction.xa/ASSEMBLY_EXCEPTION" shared="false" uninstallMode="3"/>
<entry name="source/main/resources/com/eviware/soapui/resources/images/soapui-backgroung.png" shared="false" uninstallMode="0"/>
<entry name="licences/ezmorph-LICENSE.txt" shared="false" uninstallMode="0"/>
<entry name="source/main/java/com/eviware/soapui/plugins/auto/PluginRequestInspector.java" shared="false" uninstallMode="0"/>
<entry name="jre/legal/jdk.sctp/ADDITIONAL_LICENSE_INFO" shared="false" uninstallMode="3"/>
<entry name="source/main/java/com/eviware/soapui/support/log/InspectorLog4JMonitor.java" shared="false" uninstallMode="0"/>
<entry name="source/main/resources/com/eviware/soapui/resources/images/rest_virt.png" shared="false" uninstallMode="0"/>
<entry name="source/test/java/com/eviware/soapui/impl/rest/mock/RestMockResponsePersistencyTest.java" shared="false" uninstallMode="0"/>
<entry name="source/main/java/com/eviware/soapui/support/MessageSupport.java" shared="false" uninstallMode="0"/>
<entry name="source/main/java/com/eviware/soapui/impl/support/http/HttpRequestInterface.java" shared="false" uninstallMode="0"/>
<entry name="source/main/java/com/eviware/soapui/tools/SoapUITestCaseRunner.java" shared="false" uninstallMode="0"/>
<entry name="source/main/java/com/eviware/soapui/monitor/package.html" shared="false" uninstallMode="0"/>
<entry name="source/main/java/com/eviware/soapui/tools/CmdLineRunner.java" shared="false" uninstallMode="0"/>
<entry name="source/test/java/com/eviware/soapui/support/XmlUtilsTest.java" shared="false" uninstallMode="0"/>
<entry name="source/main/resources/com/eviware/soapui/resources/images/parallell.gif" shared="false" uninstallMode="0"/>
<entry name="jre/lib/libjsig.so" shared="false" uninstallMode="3"/>
<entry name="source/main/resources/com/eviware/soapui/resources/images/dot.gif" shared="false" uninstallMode="0"/>
<entry name="source/main/java/com/eviware/soapui/impl/rest/support/RestRequestConverter.java" shared="false" uninstallMode="0"/>
<entry name="source/main/java/com/eviware/soapui/impl/support/HttpUtils.java" shared="false" uninstallMode="0"/>
<entry name="source/main/java/com/eviware/soapui/support/components/package.html" shared="false" uninstallMode="0"/>
<entry name="source/main/java/com/eviware/soapui/support/editor/support/AbstractEditorView.java" shared="false" uninstallMode="0"/>
<entry name="source/main/xsd/policy/oasis-200401-wss-wssecurity-utility-1.0.xsd" shared="false" uninstallMode="0"/>
<entry name="source/main/java/com/eviware/soapui/impl/wsdl/submit/transports/http/support/methods/IAfterRequestInjection.java" shared="false" uninstallMode="0"/>
<entry name="source/main/java/com/eviware/soapui/impl/wsdl/MutableWsdlAttachmentContainer.java" shared="false" uninstallMode="0"/>
<entry name="source/main/java/com/eviware/soapui/support/action/swing/JXSoapUIActionListToolBar.java" shared="false" uninstallMode="0"/>
<entry name="source/test/java/com/eviware/soapui/impl/rest/mock/RestMockDispatcherTest.java" shared="false" uninstallMode="0"/>
<entry name="source/test/resources/test6/wsdls/xsds/sub/testservice2.xsd" shared="false" uninstallMode="0"/>
<entry name="source/main/java/com/eviware/soapui/impl/rest/mock/RestMockAction.java" shared="false" uninstallMode="0"/>
<entry name="source/main/resources/com/eviware/soapui/resources/images/clear.png" shared="false" uninstallMode="0"/>
<entry name="source/main/java/skt/swing/tree/PreorderEnumeration.java" shared="false" uninstallMode="0"/>
<entry name="lib/txw2-2.3.2.jar" shared="false" uninstallMode="0"/>
<entry name="source/main/resources/com/eviware/soapui/resources/images/breakpoint_enabled.gif" shared="false" uninstallMode="0"/>
<entry name="source/main/java/com/eviware/soapui/plugins/auto/PluginRequestFilter.java" shared="false" uninstallMode="0"/>
<entry name="tempHermes/hermesInstall64bit.bat" shared="false" uninstallMode="0"/>
<entry name="source/main/java/com/eviware/soapui/impl/wsdl/actions/testsuite/RenameTestSuiteAction.java" shared="false" uninstallMode="0"/>
<entry name="lib/analytics-core-5.5.4.jar" shared="false" uninstallMode="0"/>
<entry name="source/main/java/com/eviware/soapui/impl/rest/panels/request/views/html/HttpHtmlResponseView.java" shared="false" uninstallMode="0"/>
<entry name="source/main/resources/com/eviware/soapui/resources/images/exec_http_request_3.gif" shared="false" uninstallMode="0"/>
<entry name="source/main/resources/com/eviware/soapui/resources/images/right_arrow.gif" shared="false" uninstallMode="0"/>
<entry name="jre/legal/java.rmi/LICENSE" shared="false" uninstallMode="3"/>
<entry name="jre/lib/security/blocked.certs" shared="false" uninstallMode="3"/>
<entry name="source/main/java/com/eviware/soapui/impl/wsdl/teststeps/actions/DeleteAssertionAction.java" shared="false" uninstallMode="0"/>
<entry name="jre/bin/keytool" shared="false" uninstallMode="3"/>
<entry name="source/main/java/com/eviware/soapui/plugins/PluginProxy.java" shared="false" uninstallMode="0"/>
<entry name="source/main/java/com/eviware/soapui/tools/PropertyExpansionRemover.java" shared="false" uninstallMode="0"/>
<entry name="source/test/java/com/eviware/soapui/utils/RestRequestParamsMatcher.java" shared="false" uninstallMode="0"/>
<entry name="source/main/java/com/eviware/soapui/impl/rest/panels/request/views/json/JsonResponseViewFactory.java" shared="false" uninstallMode="0"/>
<entry name="source/main/java/com/eviware/soapui/model/tree/nodes/support/EmptyModelItem.java" shared="false" uninstallMode="0"/>
<entry name="jre/legal/jdk.internal.vm.ci/LICENSE" shared="false" uninstallMode="3"/>
<entry name="source/main/java/com/eviware/soapui/impl/wsdl/teststeps/registry/RunTestCaseStepFactory.java" shared="false" uninstallMode="0"/>
<entry name="source/main/java/com/eviware/soapui/plugins/Plugin.java" shared="false" uninstallMode="0"/>
<entry name="source/main/java/com/eviware/soapui/impl/support/components/package.html" shared="false" uninstallMode="0"/>
<entry name="lib/mimepull-1.9.11.jar" shared="false" uninstallMode="0"/>
<entry name="source/main/java/com/eviware/soapui/impl/wsdl/monitor/MonitorListener.java" shared="false" uninstallMode="0"/>
<entry name="jre/include/jvmticmlr.h" shared="false" uninstallMode="3"/>
<entry name="jre/legal/jdk.management.agent/ASSEMBLY_EXCEPTION" shared="false" uninstallMode="3"/>
<entry name="source/main/java/com/eviware/soapui/impl/wsdl/teststeps/PropertyTransfersTestStep.java" shared="false" uninstallMode="0"/>
<entry name="source/main/resources/com/eviware/soapui/resources/images/add_security_scan.gif" shared="false" uninstallMode="0"/>
<entry name="source/main/java/org/syntax/jedit/JEditTextArea.java" shared="false" uninstallMode="0"/>
<entry name="source/main/resources/com/eviware/soapui/resources/images/soap_virt_11.png" shared="false" uninstallMode="0"/>
<entry name="source/main/java/com/eviware/soapui/impl/wsdl/teststeps/JdbcTestStepResult.java" shared="false" uninstallMode="0"/>
<entry name="source/main/java/com/eviware/soapui/impl/wsdl/teststeps/registry/WsdlTestStepFactory.java" shared="false" uninstallMode="0"/>
<entry name="source/main/java/com/eviware/soapui/impl/wsdl/panels/teststeps/support/MovePropertyUpAction.java" shared="false" uninstallMode="0"/>
<entry name="source/main/java/com/eviware/soapui/security/assertion/ValidHttpStatusCodesAssertion.java" shared="false" uninstallMode="0"/>
<entry name="lib/jersey-client-2.29.1.jar" shared="false" uninstallMode="0"/>
<entry name="source/main/resources/com/eviware/soapui/resources/images/Proxy_Turned-off.png" shared="false" uninstallMode="0"/>
<entry name="source/main/java/com/eviware/soapui/support/resolver/ChangeOperationResolver.java" shared="false" uninstallMode="0"/>
<entry name="source/main/java/com/eviware/soapui/impl/support/AbstractMockRequest.java" shared="false" uninstallMode="0"/>
<entry name="jre/legal/java.xml/LICENSE" shared="false" uninstallMode="3"/>
<entry name="source/main/java/com/eviware/soapui/support/components/JEditorStatusBarWithProgress.java" shared="false" uninstallMode="0"/>
<entry name="source/main/resources/com/eviware/soapui/resources/images/split_request_pane.gif" shared="false" uninstallMode="0"/>
<entry name="source/main/resources/com/eviware/soapui/resources/images/exec_request.png" shared="false" uninstallMode="0"/>
<entry name="source/main/java/com/eviware/soapui/impl/wsdl/teststeps/WsdlTestRequest.java" shared="false" uninstallMode="0"/>
<entry name="source/main/xsd/j2ee/j2ee_1_4.xsd" shared="false" uninstallMode="0"/>
<entry name="source/main/resources/com/eviware/soapui/resources/images/samples_graph.gif" shared="false" uninstallMode="0"/>
<entry name="source/test/java/com/eviware/soapui/impl/wsdl/support/xsd/SettingUtilsTest.java" shared="false" uninstallMode="0"/>
<entry name="source/main/java/com/eviware/soapui/settings/LoadUISettings.java" shared="false" uninstallMode="0"/>
<entry name="source/main/xsd/policy/policy.xsd" shared="false" uninstallMode="0"/>
<entry name="lib/swagger-inflector-1.0.19.jar" shared="false" uninstallMode="0"/>
<entry name="source/main/java/com/eviware/soapui/impl/wsdl/submit/filters/RestRequestFilter.java" shared="false" uninstallMode="0"/>
<entry name="source/main/xsd/mtom/xmime200411.xsd" shared="false" uninstallMode="0"/>
<entry name="jre/lib/libj2gss.so" shared="false" uninstallMode="3"/>
<entry name="source/main/java/com/eviware/soapui/model/environment/Endpoint.java" shared="false" uninstallMode="0"/>
<entry name="source/main/resources/com/eviware/soapui/resources/images/jdbc_request_2.png" shared="false" uninstallMode="0"/>
<entry name="source/main/java/com/eviware/soapui/impl/wsdl/panels/teststeps/amf/AMFTestRunListener.java" shared="false" uninstallMode="0"/>
<entry name="source/main/java/com/eviware/soapui/impl/wsdl/submit/filters/ScriptExpansionRequestFilter.java" shared="false" uninstallMode="0"/>
<entry name="source/main/resources/com/eviware/soapui/resources/mockaswar/web.xml" shared="false" uninstallMode="0"/>
<entry name="source/main/java/com/eviware/soapui/tools/DebugWatch.java" shared="false" uninstallMode="0"/>
<entry name="source/test/java/com/eviware/soapui/impl/wsdl/panels/teststeps/RestTestRequestDesktopPanelTest.java" shared="false" uninstallMode="0"/>
<entry name="lib/flex-messaging-common-1.0.jar" shared="false" uninstallMode="0"/>
<entry name="source/main/java/com/eviware/soapui/support/editor/registry/EditorViewFactoryRegistry.java" shared="false" uninstallMode="0"/>
<entry name="source/main/java/com/eviware/soapui/security/support/SecurityTestRunListener.java" shared="false" uninstallMode="0"/>
<entry name="source/main/java/com/eviware/soapui/model/testsuite/RequestAssertedMessageExchange.java" shared="false" uninstallMode="0"/>
<entry name="source/main/java/com/eviware/soapui/impl/wsdl/WsdlProject.java" shared="false" uninstallMode="0"/>
<entry name="source/main/java/com/eviware/soapui/impl/wsdl/submit/transports/http/support/methods/ExtendedGenericMethod.java" shared="false" uninstallMode="0"/>
<entry name="source/main/java/com/eviware/soapui/impl/wsdl/teststeps/AMFTestStepResult.java" shared="false" uninstallMode="0"/>
<entry name="source/main/java/com/eviware/soapui/support/types/TupleList.java" shared="false" uninstallMode="0"/>
<entry name="source/main/java/com/eviware/soapui/impl/wsdl/support/http/FixedDigestScheme.java" shared="false" uninstallMode="0"/>
<entry name="source/main/java/com/eviware/soapui/impl/wsdl/actions/mockservice/RenameMockServiceAction.java" shared="false" uninstallMode="0"/>
<entry name="source/main/java/com/eviware/soapui/impl/wsdl/support/wsdl/CachedWsdlLoader.java" shared="false" uninstallMode="0"/>
<entry name="source/main/resources/com/eviware/soapui/resources/images/addToRestMockAction.gif" shared="false" uninstallMode="0"/>
<entry name="jre/legal/jdk.localedata/ASSEMBLY_EXCEPTION" shared="false" uninstallMode="3"/>
<entry name="source/main/java/com/eviware/soapui/impl/support/definition/DefinitionLoader.java" shared="false" uninstallMode="0"/>
<entry name="source/main/java/com/eviware/soapui/support/dnd/handlers/DragAndDropSupport.java" shared="false" uninstallMode="0"/>
<entry name="source/main/resources/com/eviware/soapui/resources/images/clear_properties.gif" shared="false" uninstallMode="0"/>
<entry name="source/main/java/com/eviware/soapui/model/testsuite/OperationTestStep.java" shared="false" uninstallMode="0"/>
<entry name="source/main/xsd/junit/report.xsd" shared="false" uninstallMode="0"/>
<entry name="source/main/java/com/eviware/soapui/support/components/ComponentTitledBorder.java" shared="false" uninstallMode="0"/>
<entry name="source/main/java/com/eviware/soapui/impl/wsdl/support/wsdl/WsdlUtils.java" shared="false" uninstallMode="0"/>
<entry name="source/main/java/com/eviware/soapui/ui/navigator/NavigatorTree.java" shared="false" uninstallMode="0"/>
<entry name="source/main/java/com/eviware/soapui/security/boundary/BoundaryUtils.java" shared="false" uninstallMode="0"/>
<entry name="source/main/java/com/eviware/soapui/security/SecurityTest.java" shared="false" uninstallMode="0"/>
<entry name="source/main/java/com/eviware/soapui/ui/starterpage/StarterPageButtonCallback.java" shared="false" uninstallMode="0"/>
<entry name="source/main/java/com/eviware/soapui/impl/URIParser.java" shared="false" uninstallMode="0"/>
<entry name="source/main/java/com/eviware/soapui/model/tree/SoapUITreeNodeRenderer.java" shared="false" uninstallMode="0"/>
<entry name="source/main/java/com/eviware/soapui/security/scan/MaliciousAttachmentSecurityScan.java" shared="false" uninstallMode="0"/>
<entry name="source/main/java/com/eviware/soapui/settings/ToolLocator.java" shared="false" uninstallMode="0"/>
<entry name="source/test/resources/testFragmentWithCommentAndWildcard.xml" shared="false" uninstallMode="0"/>
<entry name="source/main/java/com/eviware/soapui/security/assertion/InvalidHttpStatusCodesAssertion.java" shared="false" uninstallMode="0"/>
<entry name="source/main/java/com/eviware/soapui/impl/wsdl/submit/transports/jms/HermesJmsRequestReceiveTransport.java" shared="false" uninstallMode="0"/>
<entry name="source/main/java/com/eviware/soapui/model/testsuite/TestAssertion.java" shared="false" uninstallMode="0"/>
<entry name="source/main/java/com/eviware/soapui/impl/wsdl/support/RequestFileAttachment.java" shared="false" uninstallMode="0"/>
<entry name="jre/legal/jdk.management.agent/ADDITIONAL_LICENSE_INFO" shared="false" uninstallMode="3"/>
<entry name="source/main/java/com/eviware/soapui/impl/wsdl/actions/mockservice/ExportMockService.java" shared="false" uninstallMode="0"/>
<entry name="source/main/java/com/eviware/soapui/model/environment/Environment.java" shared="false" uninstallMode="0"/>
<entry name="source/main/resources/com/eviware/soapui/resources/images/format_request.gif" shared="false" uninstallMode="0"/>
<entry name="source/main/resources/com/eviware/soapui/resources/images/http_request.png" shared="false" uninstallMode="0"/>
<entry name="source/main/java/com/eviware/soapui/security/result/SecurityTestStepResult.java" shared="false" uninstallMode="0"/>
<entry name="source/main/java/org/apache/commons/httpclient/util/URIUtil.java" shared="false" uninstallMode="0"/>
<entry name="source/main/java/com/eviware/soapui/impl/wsdl/support/xsd/SchemaException.java" shared="false" uninstallMode="0"/>
<entry name="source/main/java/com/eviware/soapui/security/ui/MaliciousAttachmentAdvancedSettingsPanel.java" shared="false" uninstallMode="0"/>
<entry name="source/main/java/com/eviware/soapui/impl/wsdl/support/wss/DefaultWssContainer.java" shared="false" uninstallMode="0"/>
<entry name="source/main/xsd/wsi/common.xsd" shared="false" uninstallMode="0"/>
<entry name="source/main/java/com/eviware/soapui/impl/wsdl/teststeps/HttpTestRequestStepInterface.java" shared="false" uninstallMode="0"/>
<entry name="lib/binding-2.0.1.jar" shared="false" uninstallMode="0"/>
<entry name="source/main/java/com/eviware/soapui/support/xml/XPathData.java" shared="false" uninstallMode="0"/>
<entry name="source/main/resources/com/eviware/soapui/resources/mockaswar/header_logo.png" shared="false" uninstallMode="0"/>
<entry name="source/main/java/com/eviware/soapui/security/assertion/CrossSiteScriptAssertion.java" shared="false" uninstallMode="0"/>
<entry name="jre/lib/amd64/client/classes.jsa" shared="false" uninstallMode="0"/>
<entry name="source/main/java/com/eviware/soapui/model/testsuite/TestSuiteRunContext.java" shared="false" uninstallMode="0"/>
<entry name="source/main/java/com/eviware/soapui/impl/wsdl/submit/transports/http/support/methods/HttpCopyMethod.java" shared="false" uninstallMode="0"/>
<entry name="source/main/xsd/wadl/wadl.xsd" shared="false" uninstallMode="0"/>
<entry name="source/main/java/com/eviware/soapui/model/support/ModelSupport.java" shared="false" uninstallMode="0"/>
<entry name="/home/labuser/SoapUI-Tutorials/popular-apis/Flickr-soapui-project.xml" shared="false" uninstallMode="0"/>
<entry name="source/main/java/com/eviware/soapui/impl/rest/mock/RestMockService.java" shared="false" uninstallMode="0"/>
<entry name="source/main/java/com/eviware/soapui/security/tools/AttachmentHolder.java" shared="false" uninstallMode="0"/>
<entry name="source/main/java/com/eviware/soapui/impl/wsdl/teststeps/WsdlPropertiesTestStep.java" shared="false" uninstallMode="0"/>
<entry name="source/main/java/com/eviware/soapui/impl/wsdl/submit/transports/http/support/methods/ExtendedPropFindMethod.java" shared="false" uninstallMode="0"/>
<entry name="source/main/java/com/eviware/soapui/impl/wsdl/actions/testsuite/AddNewTestCaseAction.java" shared="false" uninstallMode="0"/>
<entry name="source/main/java/com/eviware/soapui/impl/wsdl/monitor/SoapMonitor.java" shared="false" uninstallMode="0"/>
<entry name="source/main/java/com/eviware/soapui/support/editor/inspectors/ssl/SSLInspectorFactory.java" shared="false" uninstallMode="0"/>
<entry name="source/test/java/com/eviware/soapui/impl/wsdl/support/http/HttpClientSupportSoapUIHttpRequestExecutorTest.java" shared="false" uninstallMode="0"/>
<entry name="source/main/resources/com/eviware/soapui/resources/images/trace_method.gif" shared="false" uninstallMode="0"/>
<entry name="source/main/java/com/eviware/soapui/impl/rest/actions/service/GenerateRestTestSuiteAction.java" shared="false" uninstallMode="0"/>
<entry name="source/main/java/com/eviware/soapui/impl/wsdl/actions/teststep/MoveTestStepDownAction.java" shared="false" uninstallMode="0"/>
<entry name="source/main/java/com/eviware/soapui/settings/RecentAssertionSettings.java" shared="false" uninstallMode="0"/>
<entry name="source/test/resources/xqueryassertion/testBodyWithComments.xml" shared="false" uninstallMode="0"/>
<entry name="soapUI.url" shared="false" uninstallMode="0"/>
<entry name="source/main/resources/com/eviware/soapui/resources/images/lock.png" shared="false" uninstallMode="0"/>
<entry name="source/main/java/com/eviware/soapui/impl/wsdl/actions/operation/RelabelOperationAction.java" shared="false" uninstallMode="0"/>
<entry name="source/main/java/com/eviware/soapui/impl/wsdl/teststeps/WsdlTestStepWithProperties.java" shared="false" uninstallMode="0"/>
<entry name="source/main/java/com/eviware/soapui/model/workspace/Workspace.java" shared="false" uninstallMode="0"/>
<entry name="source/main/resources/com/eviware/soapui/resources/mockaswar/stylesheet.css" shared="false" uninstallMode="0"/>
<entry name="source/main/java/com/eviware/soapui/model/propertyexpansion/resolvers/DynamicPropertyResolver.java" shared="false" uninstallMode="0"/>
<entry name="source/main/resources/com/eviware/soapui/resources/images/convertLoadTestToLoadUI.png" shared="false" uninstallMode="0"/>
<entry name="source/main/java/com/eviware/x/impl/swing/JTextFieldFormField.java" shared="false" uninstallMode="0"/>
<entry name="source/main/java/com/eviware/soapui/impl/wsdl/actions/iface/tools/soapui/TestCaseTestRunnerAction.java" shared="false" uninstallMode="0"/>
<entry name="jre/legal/jdk.internal.jvmstat/LICENSE" shared="false" uninstallMode="3"/>
<entry name="SoapUI-Tutorials/popular-apis/Facebook-soapui-project.xml" shared="false" uninstallMode="0"/>
<entry name="source/main/java/com/eviware/soapui/impl/wsdl/teststeps/assertions/basic/SimpleContainsAssertion.java" shared="false" uninstallMode="0"/>
<entry name="source/main/java/com/eviware/soapui/impl/wsdl/submit/transports/http/support/methods/ExtendedPostMethod.java" shared="false" uninstallMode="0"/>
<entry name="source/main/java/com/eviware/soapui/impl/support/definition/support/AbstractDefinitionCache.java" shared="false" uninstallMode="0"/>
<entry name="source/main/java/com/eviware/soapui/support/editor/EditorInspector.java" shared="false" uninstallMode="0"/>
<entry name="source/main/java/com/eviware/soapui/impl/rest/panels/request/RestRequestDesktopPanel.java" shared="false" uninstallMode="0"/>
<entry name="source/main/java/com/eviware/soapui/support/editor/inspectors/jms/property/JMSPropertyInspectorModel.java" shared="false" uninstallMode="0"/>
<entry name="source/main/java/com/eviware/soapui/impl/wsdl/actions/loadtest/CloneLoadTestAction.java" shared="false" uninstallMode="0"/>
<entry name="source/main/resources/com/eviware/soapui/resources/images/mockService_2.gif" shared="false" uninstallMode="0"/>
<entry name="source/main/java/com/eviware/soapui/impl/rest/mock/RestMockDispatcher.java" shared="false" uninstallMode="0"/>
<entry name="source/main/java/com/eviware/soapui/impl/rest/support/OverlayRestParamsPropertyHolder.java" shared="false" uninstallMode="0"/>
<entry name="source/main/java/com/eviware/soapui/impl/support/wsa/WsaRequest.java" shared="false" uninstallMode="0"/>
<entry name="source/main/resources/com/eviware/soapui/resources/images/exportDefinition.gif" shared="false" uninstallMode="0"/>
<entry name=".install4j/stats.properties" shared="false" uninstallMode="2"/>
<entry name="source/main/java/com/eviware/soapui/impl/wsdl/actions/iface/tools/oracle/package.html" shared="false" uninstallMode="0"/>
<entry name="source/main/java/com/eviware/soapui/impl/support/http/HttpRequestTestStep.java" shared="false" uninstallMode="0"/>
<entry name="source/main/java/com/eviware/soapui/support/actions/ChangeSplitPaneOrientationAction.java" shared="false" uninstallMode="0"/>
<entry name="source/main/resources/com/eviware/soapui/resources/images/teststeps.png" shared="false" uninstallMode="0"/>
<entry name="source/main/java/com/eviware/soapui/impl/wsdl/actions/mockresponse/AddWsaHeadersToMockResponseAction.java" shared="false" uninstallMode="0"/>
<entry name="source/main/resources/com/eviware/soapui/resources/images/exclamation-dummy.png" shared="false" uninstallMode="0"/>
<entry name="source/main/java/com/eviware/soapui/impl/settings/SettingsImpl.java" shared="false" uninstallMode="0"/>
<entry name="source/main/java/com/eviware/soapui/model/propertyexpansion/resolvers/providers/CurrentStepRunIndexProvider.java" shared="false" uninstallMode="0"/>
<entry name="lib/groovy-swing-3.0.19.jar" shared="false" uninstallMode="0"/>
<entry name="jre/legal/java.base/public_suffix.md" shared="false" uninstallMode="3"/>
<entry name="jre/legal/java.sql/LICENSE" shared="false" uninstallMode="3"/>
<entry name="source/main/java/com/eviware/soapui/impl/rest/actions/oauth/OAuth2Exception.java" shared="false" uninstallMode="0"/>
<entry name="source/main/java/com/eviware/soapui/impl/wsdl/support/http/SoapUISSLSocketFactory.java" shared="false" uninstallMode="0"/>
<entry name="source/main/java/com/eviware/soapui/impl/wsdl/submit/filters/AbstractWssRequestFilter.java" shared="false" uninstallMode="0"/>
<entry name="source/main/java/com/eviware/soapui/security/registry/MalformedXmlSecurityScanFactory.java" shared="false" uninstallMode="0"/>
<entry name="source/test/java/com/eviware/soapui/impl/wsdl/support/wss/entries/ManualSAMLEntryTest.java" shared="false" uninstallMode="0"/>
<entry name="source/main/java/com/eviware/soapui/impl/wsdl/teststeps/actions/ShowTransferValuesResultsAction.java" shared="false" uninstallMode="0"/>
<entry name="source/main/java/com/eviware/soapui/impl/wsdl/actions/project/StartHermesJMS.java" shared="false" uninstallMode="0"/>
<entry name="source/main/java/com/eviware/soapui/plugins/PluginListener.java" shared="false" uninstallMode="0"/>
<entry name="source/main/java/com/eviware/soapui/SwingPluginSoapUICore.java" shared="false" uninstallMode="0"/>
<entry name="source/main/java/com/eviware/soapui/actions/AnnotatedSettingsPrefs.java" shared="false" uninstallMode="0"/>
<entry name="source/main/java/com/eviware/soapui/plugins/PluginClassLoader.java" shared="false" uninstallMode="0"/>
<entry name="source/main/resources/com/eviware/soapui/resources/xsds/xml.xsd" shared="false" uninstallMode="0"/>
<entry name="jre/lib/librmi.so" shared="false" uninstallMode="3"/>
<entry name="source/main/java/com/eviware/soapui/plugins/auto/PluginTestStep.java" shared="false" uninstallMode="0"/>
<entry name="lib/jakarta.ws.rs-api-2.1.6.jar" shared="false" uninstallMode="0"/>
<entry name="source/main/java/com/eviware/soapui/model/testsuite/ResponseAssertion.java" shared="false" uninstallMode="0"/>
<entry name="source/main/resources/com/eviware/soapui/resources/images/options.png" shared="false" uninstallMode="0"/>
<entry name="source/main/java/com/eviware/soapui/impl/support/AbstractHttpRequest.java" shared="false" uninstallMode="0"/>
<entry name="source/main/java/com/eviware/soapui/impl/wsdl/support/CompressionSupport.java" shared="false" uninstallMode="0"/>
<entry name="source/main/java/com/eviware/soapui/impl/wsdl/teststeps/assertions/basic/SchemaComplianceAssertion.java" shared="false" uninstallMode="0"/>
<entry name="source/main/java/com/eviware/soapui/model/propertyexpansion/MutablePropertyExpansion.java" shared="false" uninstallMode="0"/>
<entry name="source/main/resources/com/eviware/soapui/resources/images/new-soap-project-icon.png" shared="false" uninstallMode="0"/>
<entry name="source/main/java/com/eviware/soapui/impl/wsdl/support/http/CredentialsNotAvailableException.java" shared="false" uninstallMode="0"/>
<entry name="source/test/java/com/eviware/soapui/impl/rest/panels/resource/RestResourceDesktopPanelTest.java" shared="false" uninstallMode="0"/>
<entry name="jre/legal/java.xml/jcup.md" shared="false" uninstallMode="3"/>
<entry name="source/main/resources/com/eviware/soapui/resources/images/disabled_jdbc_request_step.png" shared="false" uninstallMode="0"/>
<entry name="source/main/java/com/eviware/soapui/impl/wsdl/submit/RestMessageExchange.java" shared="false" uninstallMode="0"/>
<entry name="source/main/resources/com/eviware/soapui/resources/images/remote_project.png" shared="false" uninstallMode="0"/>
<entry name="source/main/java/com/eviware/soapui/impl/wsdl/panels/loadtest/package.html" shared="false" uninstallMode="0"/>
<entry name="source/main/java/org/syntax/jedit/tokenmarker/SQLTokenMarker.java" shared="false" uninstallMode="0"/>
<entry name="source/main/java/com/eviware/soapui/impl/wsdl/actions/testcase/AddNewLoadTestAction.java" shared="false" uninstallMode="0"/>
<entry name="source/main/resources/rsyntaxarea-theme/theme.dtd" shared="false" uninstallMode="0"/>
<entry name="source/main/java/com/eviware/soapui/impl/wsdl/panels/teststeps/support/AbstractGroovyEditorModel.java" shared="false" uninstallMode="0"/>
<entry name="lib/xmlunit-1.2.jar" shared="false" uninstallMode="0"/>
<entry name="source/main/java/com/eviware/soapui/impl/wsdl/actions/testcase/AddNewSecurityTestAction.java" shared="false" uninstallMode="0"/>
<entry name="source/main/resources/com/eviware/soapui/resources/xsds/soapEnvelope.xsd" shared="false" uninstallMode="0"/>
<entry name="source/main/java/com/eviware/soapui/support/scripting/package.html" shared="false" uninstallMode="0"/>
<entry name="source/main/resources/com/eviware/soapui/resources/images/bullet_green.png" shared="false" uninstallMode="0"/>
<entry name="jre/legal/jdk.charsets/LICENSE" shared="false" uninstallMode="3"/>
<entry name="source/main/java/com/eviware/soapui/security/actions/RenameSecurityTestAction.java" shared="false" uninstallMode="0"/>
<entry name="jre/legal/jdk.httpserver/ASSEMBLY_EXCEPTION" shared="false" uninstallMode="3"/>
<entry name="source/main/java/com/eviware/soapui/impl/wsdl/actions/mockservice/package.html" shared="false" uninstallMode="0"/>
<entry name="source/main/java/com/eviware/soapui/security/scan/AbstractSecurityScan.java" shared="false" uninstallMode="0"/>
<entry name="source/main/java/com/eviware/soapui/impl/wsdl/actions/iface/tools/dotnet/package.html" shared="false" uninstallMode="0"/>
<entry name="source/main/java/com/eviware/soapui/support/components/DNDList.java" shared="false" uninstallMode="0"/>
<entry name="jre/conf/security/policy/unlimited/default_US_export.policy" shared="false" uninstallMode="3"/>
<entry name="source/main/java/com/eviware/soapui/impl/wsdl/panels/teststeps/support/GroovyEditorModel.java" shared="false" uninstallMode="0"/>
<entry name="source/main/java/com/smartbear/soapui/core/Logging.java" shared="false" uninstallMode="0"/>
<entry name="source/test/resources/xsds/ws-addr-1.0.xsd" shared="false" uninstallMode="0"/>
<entry name="source/main/java/com/eviware/soapui/impl/wsdl/submit/filters/HttpPackagingResponseFilter.java" shared="false" uninstallMode="0"/>
<entry name=".install4j/user/flatlaf.jar" shared="false" uninstallMode="2"/>
<entry name="lib/jaxb-runtime-2.3.2.jar" shared="false" uninstallMode="0"/>
<entry name="source/main/java/com/eviware/soapui/support/TimeUtils.java" shared="false" uninstallMode="0"/>
<entry name="source/main/java/com/eviware/soapui/support/action/package.html" shared="false" uninstallMode="0"/>
<entry name="source/test/java/com/eviware/soapui/support/editor/inspectors/auth/ExpirationTimeChooserTest.java" shared="false" uninstallMode="0"/>
<entry name="source/main/java/com/smartbear/swagger/SwaggerUtils.java" shared="false" uninstallMode="0"/>
<entry name="source/main/java/skt/swing/tree/check/CheckTreeCellRenderer.java" shared="false" uninstallMode="0"/>
<entry name="source/main/java/com/eviware/soapui/impl/wsdl/submit/transports/http/WsdlResponse.java" shared="false" uninstallMode="0"/>
<entry name="source/main/java/com/eviware/soapui/plugins/auto/PluginRequestEditorView.java" shared="false" uninstallMode="0"/>
<entry name="source/main/java/com/eviware/soapui/ui/URLDesktopPanel.java" shared="false" uninstallMode="0"/>
<entry name="source/test/java/com/eviware/soapui/impl/rest/actions/oauth/OAuth2AccessTokenResponseTest.java" shared="false" uninstallMode="0"/>
<entry name="licences/jackson-LICENSE.txt" shared="false" uninstallMode="0"/>
<entry name="source/main/java/com/eviware/soapui/model/project/EndpointStrategy.java" shared="false" uninstallMode="0"/>
<entry name="source/main/java/com/eviware/soapui/support/xml/actions/SaveXmlTextAreaAction.java" shared="false" uninstallMode="0"/>
<entry name="source/main/java/com/eviware/soapui/SoapUI.java" shared="false" uninstallMode="0"/>
<entry name="source/main/java/com/eviware/soapui/impl/wsdl/support/wss/crypto/CryptoType.java" shared="false" uninstallMode="0"/>
<entry name="source/main/resources/com/eviware/soapui/resources/images/open_request.gif" shared="false" uninstallMode="0"/>
<entry name="lib/kotlin-stdlib-common-1.5.31.jar" shared="false" uninstallMode="0"/>
<entry name="source/main/java/com/eviware/soapui/testondemand/TestOnDemandCaller.java" shared="false" uninstallMode="0"/>
<entry name="source/test/resources/wadl/NewsSearchResponse.xsd" shared="false" uninstallMode="0"/>
<entry name="source/main/java/com/eviware/soapui/impl/wsdl/support/http/FixedSPNegoSchemeFactory.java" shared="false" uninstallMode="0"/>
<entry name="source/main/java/com/eviware/soapui/impl/wsdl/actions/iface/AddJMSEndpointAction.java" shared="false" uninstallMode="0"/>
<entry name="source/main/java/com/eviware/soapui/impl/wsdl/teststeps/assertions/jms/JMSTimeoutAssertion.java" shared="false" uninstallMode="0"/>
<entry name="source/main/resources/com/eviware/soapui/resources/security/xmlbomb/BillionLaughsAttack.xml.txt" shared="false" uninstallMode="0"/>
<entry name="jre/lib/libextnet.so" shared="false" uninstallMode="3"/>
<entry name="source/main/java/com/eviware/soapui/model/environment/Property.java" shared="false" uninstallMode="0"/>
<entry name="source/main/resources/com/eviware/soapui/resources/report/coveragePage.xslt" shared="false" uninstallMode="0"/>
<entry name="source/main/resources/com/eviware/soapui/resources/images/propfind_method.png" shared="false" uninstallMode="0"/>
<entry name="source/main/resources/com/eviware/soapui/resources/images/clone_parameters.gif" shared="false" uninstallMode="0"/>
<entry name="source/main/xsd/wsdl/mime.xsd" shared="false" uninstallMode="0"/>
<entry name="source/main/java/com/eviware/soapui/impl/wsdl/support/HelpUrlsDev.java" shared="false" uninstallMode="0"/>
<entry name="source/main/xsd/policy/oasis-200401-wss-wssecurity-secext-1.0.xsd" shared="false" uninstallMode="0"/>
<entry name="source/main/resources/com/eviware/soapui/resources/images/unknown_assertion.png" shared="false" uninstallMode="0"/>
<entry name="source/main/java/com/eviware/soapui/support/swing/AbstractTableMouseListener.java" shared="false" uninstallMode="0"/>
<entry name="source/test/java/com/eviware/soapui/impl/wsdl/WsdlInterfaceTest.java" shared="false" uninstallMode="0"/>
<entry name="source/test/resources/rpc/rpc.wsdl" shared="false" uninstallMode="0"/>
<entry name="source/main/resources/com/eviware/soapui/resources/images/exec_request_3.png" shared="false" uninstallMode="0"/>
<entry name="source/main/java/com/eviware/soapui/model/propertyexpansion/PropertyExpansion.java" shared="false" uninstallMode="0"/>
<entry name="source/main/java/com/eviware/soapui/model/support/ProjectRunListenerAdapter.java" shared="false" uninstallMode="0"/>
<entry name="source/main/java/com/eviware/soapui/support/editor/inspectors/attachments/AttachmentsTableModel.java" shared="false" uninstallMode="0"/>
<entry name="source/main/java/com/eviware/soapui/impl/rest/actions/mock/AddRestRequestToMockServiceAction.java" shared="false" uninstallMode="0"/>
<entry name="source/main/java/com/eviware/soapui/impl/wsdl/submit/transports/http/support/methods/ExtendedPatchMethod.java" shared="false" uninstallMode="0"/>
<entry name="source/main/java/com/eviware/soapui/impl/wsdl/panels/assertions/CategoriesListTable.java" shared="false" uninstallMode="0"/>
<entry name="source/main/java/com/eviware/soapui/impl/wsdl/teststeps/registry/WsdlMockResponseStepFactory.java" shared="false" uninstallMode="0"/>
<entry name="source/main/resources/com/eviware/soapui/resources/images/load_properties.gif" shared="false" uninstallMode="0"/>
<entry name="source/main/java/com/eviware/soapui/impl/rest/support/handlers/JsonMediaTypeHandler.java" shared="false" uninstallMode="0"/>
<entry name="source/main/java/com/eviware/soapui/ui/support/FindAndReplaceDialogView.java" shared="false" uninstallMode="0"/>
<entry name="source/main/java/com/eviware/soapui/security/support/MaliciousAttachmentFilesListForm.java" shared="false" uninstallMode="0"/>
<entry name="source/main/resources/com/eviware/soapui/resources/images/invalid_http_request_step.png" shared="false" uninstallMode="0"/>
<entry name="source/main/resources/com/eviware/soapui/resources/conf/soapui-log4j.xml" shared="false" uninstallMode="0"/>
<entry name=".install4j/response.varfile" shared="false" uninstallMode="0"/>
<entry name="source/main/java/com/eviware/soapui/impl/wsdl/actions/iface/tools/tcpmon/package.html" shared="false" uninstallMode="0"/>
<entry name="source/main/java/com/eviware/soapui/impl/wsdl/actions/teststep/RenameTestStepAction.java" shared="false" uninstallMode="0"/>
<entry name="source/main/java/com/eviware/soapui/security/result/SecurityScanResult.java" shared="false" uninstallMode="0"/>
<entry name="source/main/java/com/eviware/soapui/impl/wsdl/submit/transports/http/support/methods/ExtendedPurgeMethod.java" shared="false" uninstallMode="0"/>
<entry name="source/main/java/com/eviware/soapui/impl/support/definition/support/InvalidDefinitionException.java" shared="false" uninstallMode="0"/>
<entry name="source/main/java/com/eviware/soapui/impl/wsdl/teststeps/assertions/soap/WSARequestAssertion.java" shared="false" uninstallMode="0"/>
<entry name="source/main/java/com/eviware/soapui/security/SecurityTestRunContext.java" shared="false" uninstallMode="0"/>
<entry name="source/main/java/com/eviware/soapui/impl/wsdl/submit/transports/jms/JMSHeader.java" shared="false" uninstallMode="0"/>
<entry name="source/main/java/org/syntax/jedit/SyntaxDocument.java" shared="false" uninstallMode="0"/>
<entry name="source/main/java/com/eviware/soapui/support/listener/SoapUIListenerRegistry.java" shared="false" uninstallMode="0"/>
<entry name="lib/jakarta.inject-2.6.1.jar" shared="false" uninstallMode="0"/>
<entry name="source/main/java/com/eviware/soapui/support/editor/inspectors/auth/AuthInspectorFactory.java" shared="false" uninstallMode="0"/>
<entry name="source/main/resources/com/eviware/soapui/impl/actions/Bundle.properties" shared="false" uninstallMode="0"/>
<entry name="source/main/java/com/eviware/soapui/impl/rest/actions/resource/CloneRestResourceAction.java" shared="false" uninstallMode="0"/>
<entry name="source/main/java/com/eviware/soapui/impl/wsdl/submit/transports/http/support/attachments/AttachmentUtils.java" shared="false" uninstallMode="0"/>
<entry name="lib/saxon-dom-9.1.0.8j.jar" shared="false" uninstallMode="0"/>
<entry name="source/main/java/com/eviware/soapui/support/editor/inspectors/AbstractXmlInspector.java" shared="false" uninstallMode="0"/>
<entry name="source/main/java/com/eviware/soapui/support/editor/inspectors/auth/OAuth2AccessTokenStatusChangeListener.java" shared="false" uninstallMode="0"/>
<entry name="source/main/java/com/smartbear/integrations/swaggerhub/PublishToSwaggerHubAction.java" shared="false" uninstallMode="0"/>
<entry name="bin/SoapUI-5.8.0.vmoptions" shared="false" uninstallMode="0"/>
<entry name="source/main/java/com/eviware/soapui/impl/wsdl/panels/testcase/actions/SetEndpointAction.java" shared="false" uninstallMode="0"/>
<entry name="source/main/resources/com/eviware/soapui/resources/images/restMockService_2.gif" shared="false" uninstallMode="0"/>
<entry name="source/main/resources/com/eviware/soapui/resources/images/exec_rest_request_4.png" shared="false" uninstallMode="0"/>
<entry name="source/main/java/com/eviware/soapui/model/testsuite/TestStepResult.java" shared="false" uninstallMode="0"/>
<entry name="source/main/java/com/eviware/soapui/impl/wadl/inference/schema/types/CustomType.java" shared="false" uninstallMode="0"/>
<entry name="source/main/java/com/eviware/soapui/security/registry/SQLInjectionScanFactory.java" shared="false" uninstallMode="0"/>
<entry name="source/main/java/com/eviware/soapui/impl/rest/support/MediaTypeHandlerRegistry.java" shared="false" uninstallMode="0"/>
<entry name="jre/legal/jdk.security.jgss/ASSEMBLY_EXCEPTION" shared="false" uninstallMode="3"/>
<entry name="source/main/java/com/eviware/soapui/impl/rest/actions/project/NewRestServiceAction.java" shared="false" uninstallMode="0"/>
<entry name="lib/swagger-jersey2-jaxrs-1.6.0.jar" shared="false" uninstallMode="0"/>
<entry name="source/main/resources/com/eviware/soapui/resources/images/failed_property_transfer_step.png" shared="false" uninstallMode="0"/>
<entry name="source/main/java/com/eviware/soapui/support/editor/xml/support/DefaultXmlDocument.java" shared="false" uninstallMode="0"/>
<entry name="licences/groovy-LICENSE.txt" shared="false" uninstallMode="0"/>
<entry name="source/main/java/com/eviware/soapui/impl/rest/actions/support/ParamLocation.java" shared="false" uninstallMode="0"/>
<entry name="source/main/java/com/eviware/soapui/impl/wsdl/teststeps/package.html" shared="false" uninstallMode="0"/>
<entry name="tempHermes/xercesImpl.jar" shared="false" uninstallMode="0"/>
<entry name="source/main/java/com/eviware/soapui/impl/wsdl/teststeps/ManualTestStep.java" shared="false" uninstallMode="0"/>
<entry name="source/main/java/com/eviware/soapui/model/tree/nodes/SecurityTestTreeNode.java" shared="false" uninstallMode="0"/>
<entry name="source/main/java/com/eviware/soapui/model/mock/MockOperation.java" shared="false" uninstallMode="0"/>
<entry name="source/main/java/com/eviware/soapui/security/support/MaliciousAttachmentGenerateTableModel.java" shared="false" uninstallMode="0"/>
<entry name="source/main/java/com/eviware/soapui/support/swing/TreePathUtils.java" shared="false" uninstallMode="0"/>
<entry name="source/main/java/com/eviware/soapui/security/support/MaliciousAttachmentListToTableHolder.java" shared="false" uninstallMode="0"/>
<entry name="source/main/resources/com/eviware/soapui/resources/images/jdbc_request_step.png" shared="false" uninstallMode="0"/>
<entry name="jre/legal/jdk.sctp/ASSEMBLY_EXCEPTION" shared="false" uninstallMode="3"/>
<entry name="source/main/java/com/eviware/soapui/model/tree/nodes/support/WsdlLoadTestsModelItem.java" shared="false" uninstallMode="0"/>
<entry name="source/main/java/com/eviware/soapui/impl/wsdl/panels/teststeps/support/RemovePropertyAction.java" shared="false" uninstallMode="0"/>
<entry name="source/main/java/com/eviware/soapui/impl/actions/ImportMethodFactory.java" shared="false" uninstallMode="0"/>
<entry name="jre/lib/minimal/libjvm.so" shared="false" uninstallMode="3"/>
<entry name="lib/not-going-to-be-commons-ssl-0.3.20.jar" shared="false" uninstallMode="0"/>
<entry name="source/main/java/com/eviware/soapui/impl/actions/multi/MultiTestStepEnableAction.java" shared="false" uninstallMode="0"/>
<entry name="source/main/java/com/eviware/soapui/impl/wsdl/panels/teststeps/amf/SoapUIAMFConnection.java" shared="false" uninstallMode="0"/>
<entry name="source/main/java/com/eviware/soapui/tools/ToolActionFactory.java" shared="false" uninstallMode="0"/>
<entry name="lib/log4j-api-2.17.1.jar" shared="false" uninstallMode="0"/>
<entry name="source/main/java/com/eviware/soapui/security/panels/SecurityScanTree.java" shared="false" uninstallMode="0"/>
<entry name="jre/legal/java.naming/ADDITIONAL_LICENSE_INFO" shared="false" uninstallMode="3"/>
<entry name="bin/soapui-errors.log" shared="false" uninstallMode="0"/>
<entry name="source/main/java/com/eviware/soapui/impl/wsdl/monitor/SoapMonitorEngine.java" shared="false" uninstallMode="0"/>
<entry name="source/main/java/com/eviware/x/form/XFormBuilder.java" shared="false" uninstallMode="0"/>
<entry name="lib/saxon-9.jar" shared="false" uninstallMode="0"/>
<entry name="source/main/java/com/eviware/soapui/impl/rest/support/WadlImporter.java" shared="false" uninstallMode="0"/>
<entry name="source/main/java/com/eviware/soapui/impl/wsdl/actions/iface/tools/support/ProcessDialog.java" shared="false" uninstallMode="0"/>
<entry name="source/main/java/com/eviware/soapui/impl/wsdl/actions/testcase/package.html" shared="false" uninstallMode="0"/>
<entry name="licences/piccolo-LICENSE.txt" shared="false" uninstallMode="0"/>
<entry name="source/main/java/org/syntax/jedit/tokenmarker/EiffelTokenMarker.java" shared="false" uninstallMode="0"/>
<entry name="source/main/java/com/eviware/soapui/security/SecurityTestRunnerImpl.java" shared="false" uninstallMode="0"/>
<entry name="jre/legal/jdk.management/LICENSE" shared="false" uninstallMode="3"/>
<entry name="source/main/java/org/syntax/jedit/tokenmarker/HTMLTokenMarker.java" shared="false" uninstallMode="0"/>
<entry name="source/main/java/com/eviware/soapui/impl/rest/actions/oauth/OAuth2TokenExtractor.java" shared="false" uninstallMode="0"/>
<entry name="source/main/java/com/eviware/x/impl/swing/FileFormField.java" shared="false" uninstallMode="0"/>
<entry name="source/main/java/com/eviware/soapui/impl/wsdl/teststeps/assertions/basic/GroovyScriptAssertion.java" shared="false" uninstallMode="0"/>
<entry name="source/main/java/com/eviware/soapui/security/support/MaliciousAttachmentReplaceTableModel.java" shared="false" uninstallMode="0"/>
<entry name="source/main/java/com/eviware/soapui/support/editor/inspectors/attachments/AttachmentsInspector.java" shared="false" uninstallMode="0"/>
<entry name="source/main/java/com/eviware/soapui/plugins/PluginAware.java" shared="false" uninstallMode="0"/>
<entry name="source/main/java/com/eviware/soapui/impl/wsdl/actions/testsuite/ToggleDisableTestSuiteAction.java" shared="false" uninstallMode="0"/>
<entry name="source/main/java/com/eviware/soapui/impl/wsdl/panels/testsuite/WsdlTestSuitePanelBuilder.java" shared="false" uninstallMode="0"/>
<entry name="source/main/java/com/eviware/soapui/impl/wsdl/panels/mockoperation/actions/RecreateMockResponseAction.java" shared="false" uninstallMode="0"/>
<entry name="lib/groovy-3.0.19.jar" shared="false" uninstallMode="0"/>
<entry name="source/main/java/com/eviware/soapui/model/mock/MockServiceListener.java" shared="false" uninstallMode="0"/>
<entry name="source/main/java/com/eviware/soapui/impl/wsdl/testcase/TestCaseLogModel.java" shared="false" uninstallMode="0"/>
<entry name="source/main/java/com/eviware/soapui/impl/wadl/inference/ConflictHandler.java" shared="false" uninstallMode="0"/>
<entry name="source/test/java/com/eviware/soapui/impl/wsdl/MoveXmlTest.java" shared="false" uninstallMode="0"/>
<entry name="source/main/java/com/eviware/soapui/impl/wsdl/submit/transports/jms/HermesJmsRequestSubscribeTransport.java" shared="false" uninstallMode="0"/>
<entry name="source/main/java/com/eviware/x/impl/swing/SwingXFormDialog.java" shared="false" uninstallMode="0"/>
<entry name="lib/ezmorph-1.0.5.jar" shared="false" uninstallMode="0"/>
<entry name="jre/lib/client/libjvm.so" shared="false" uninstallMode="3"/>
<entry name="source/main/java/com/eviware/soapui/model/mock/MockServer.java" shared="false" uninstallMode="0"/>
<entry name="source/main/java/com/eviware/soapui/impl/wsdl/teststeps/registry/package.html" shared="false" uninstallMode="0"/>
<entry name="SoapUI-5.8.0.desktop" shared="false" uninstallMode="0"/>
<entry name="source/main/xsd/wsdl/wsdl11.xsd" shared="false" uninstallMode="0"/>
<entry name="source/main/java/com/eviware/soapui/impl/wsdl/support/xsd/package.html" shared="false" uninstallMode="0"/>
<entry name="source/main/resources/com/eviware/soapui/resources/images/operation.png" shared="false" uninstallMode="0"/>
<entry name="source/main/java/com/eviware/soapui/impl/wsdl/panels/request/AbstractWsdlRequestDesktopPanel.java" shared="false" uninstallMode="0"/>
<entry name="source/main/java/com/eviware/soapui/support/HelpActionMarker.java" shared="false" uninstallMode="0"/>
<entry name="source/main/java/com/eviware/soapui/impl/wsdl/panels/request/package.html" shared="false" uninstallMode="0"/>
<entry name="source/jsl/changelog2txt.jsl" shared="false" uninstallMode="0"/>
<entry name="jre/legal/java.base/aes.md" shared="false" uninstallMode="3"/>
<entry name="lib/json-smart-2.3.jar" shared="false" uninstallMode="0"/>
<entry name="source/main/java/com/eviware/soapui/impl/wsdl/actions/testsuite/WsdlTestSuiteSoapUIActionGroup.java" shared="false" uninstallMode="0"/>
<entry name="source/main/java/com/eviware/soapui/plugins/ToolbarPosition.java" shared="false" uninstallMode="0"/>
<entry name="source/main/resources/com/eviware/soapui/resources/images/disk_multiple_toolbar.png" shared="false" uninstallMode="0"/>
<entry name="jre/lib/libj2pcsc.so" shared="false" uninstallMode="3"/>
<entry name="jre/lib/libjimage.so" shared="false" uninstallMode="3"/>
<entry name="source/test/java/com/eviware/soapui/impl/support/HttpUtilsTest.java" shared="false" uninstallMode="0"/>
<entry name="source/main/java/com/eviware/soapui/model/testsuite/TestCaseRunner.java" shared="false" uninstallMode="0"/>
<entry name="source/main/resources/com/eviware/soapui/resources/images/update-request-parameters-from-url.png" shared="false" uninstallMode="0"/>
<entry name="source/main/resources/com/eviware/soapui/resources/images/addAssertion.gif" shared="false" uninstallMode="0"/>
<entry name="source/main/java/com/eviware/soapui/model/testsuite/TestPropertyListener.java" shared="false" uninstallMode="0"/>
<entry name="lib/groovy-servlet-3.0.19.jar" shared="false" uninstallMode="0"/>
<entry name="source/main/java/com/eviware/soapui/impl/wsdl/support/http/package.html" shared="false" uninstallMode="0"/>
<entry name="source/main/java/com/eviware/soapui/impl/wsdl/actions/iface/CloneInterfaceAction.java" shared="false" uninstallMode="0"/>
<entry name="source/main/java/com/eviware/soapui/impl/wsdl/actions/iface/tools/axis2/package.html" shared="false" uninstallMode="0"/>
<entry name="lib/commons-collections-3.2.2.jar" shared="false" uninstallMode="0"/>
<entry name="source/main/java/com/eviware/soapui/support/xml/XmlObjectConfigurationReader.java" shared="false" uninstallMode="0"/>
<entry name="source/main/resources/com/eviware/soapui/resources/images/run.png" shared="false" uninstallMode="0"/>
<entry name="source/test/java/com/eviware/soapui/utils/ModelItemFactory.java" shared="false" uninstallMode="0"/>
<entry name="source/main/java/com/eviware/soapui/model/project/ProjectFactoryRegistry.java" shared="false" uninstallMode="0"/>
<entry name="licences/commons-logging-LICENSE.txt" shared="false" uninstallMode="0"/>
<entry name="lib/httpclient-cache-4.5.5.jar" shared="false" uninstallMode="0"/>
<entry name="source/main/java/com/eviware/soapui/impl/rest/actions/request/AddRestRequestToTestCaseAction.java" shared="false" uninstallMode="0"/>
<entry name="source/main/java/com/eviware/soapui/impl/wsdl/teststeps/WsdlGroovyScriptTestStep.java" shared="false" uninstallMode="0"/>
<entry name="jre/legal/jdk.internal.jvmstat/ADDITIONAL_LICENSE_INFO" shared="false" uninstallMode="3"/>
<entry name="source/main/java/com/eviware/soapui/impl/rest/support/handlers/JsonXmlSerializer.java" shared="false" uninstallMode="0"/>
<entry name="jre/legal/jdk.naming.dns/LICENSE" shared="false" uninstallMode="3"/>
<entry name="source/main/java/com/eviware/soapui/impl/wsdl/actions/iface/tools/support/RunnerContext.java" shared="false" uninstallMode="0"/>
<entry name="source/test/resources/multiple-dependency-plugin.jar" shared="false" uninstallMode="0"/>
<entry name="source/main/java/com/eviware/soapui/impl/wsdl/panels/testcase/JTestRunLog.java" shared="false" uninstallMode="0"/>
<entry name="source/main/java/com/eviware/soapui/impl/wsdl/panels/mockoperation/package.html" shared="false" uninstallMode="0"/>
<entry name="source/main/java/com/eviware/soapui/impl/wsdl/teststeps/actions/ChangeOperationAction.java" shared="false" uninstallMode="0"/>
<entry name="lib/out-app-analytics-provider-5.5.4.jar" shared="false" uninstallMode="0"/>
<entry name="source/main/java/com/eviware/soapui/security/support/SecurityCheckedParameterImpl.java" shared="false" uninstallMode="0"/>
<entry name="licences/log4j-LICENSE.txt" shared="false" uninstallMode="0"/>
<entry name="source/main/java/com/eviware/soapui/impl/wsdl/submit/transports/http/support/attachments/WsdlRequestMimeMessageRequestEntity.java" shared="false" uninstallMode="0"/>
<entry name="source/main/java/com/eviware/soapui/support/resolver/RemoveTestStepResolver.java" shared="false" uninstallMode="0"/>
<entry name="source/main/java/com/eviware/soapui/support/actions/package.html" shared="false" uninstallMode="0"/>
<entry name="source/main/java/com/eviware/soapui/support/dnd/handlers/AbstractBeforeModelItemDropHandler.java" shared="false" uninstallMode="0"/>
<entry name="source/main/java/com/eviware/soapui/model/testsuite/TestCase.java" shared="false" uninstallMode="0"/>
<entry name="jre/legal/java.desktop/mesa3d.md" shared="false" uninstallMode="3"/>
<entry name="source/main/java/com/eviware/soapui/security/registry/BoundarySecurityScanFactory.java" shared="false" uninstallMode="0"/>
<entry name="source/main/java/com/eviware/soapui/impl/support/definition/InterfaceDefinition.java" shared="false" uninstallMode="0"/>
<entry name="source/main/java/com/eviware/soapui/impl/wsdl/panels/request/actions/EndpointsActionComponentFactory.java" shared="false" uninstallMode="0"/>
<entry name="source/main/java/com/eviware/soapui/support/PropertyChangeNotifier.java" shared="false" uninstallMode="0"/>
<entry name="jre/lib/libjaas.so" shared="false" uninstallMode="3"/>
<entry name="source/main/resources/com/eviware/soapui/impl/Bundle.properties" shared="false" uninstallMode="0"/>
<entry name="source/main/java/com/eviware/soapui/model/security/SensitiveInformationTableModel.java" shared="false" uninstallMode="0"/>
<entry name="source/main/java/com/eviware/soapui/impl/settings/XmlBeansSettingsImpl.java" shared="false" uninstallMode="0"/>
<entry name="lib/javafx-media-17.0.12-linux.jar" shared="false" uninstallMode="0"/>
<entry name="source/main/java/com/eviware/soapui/impl/wsdl/panels/request/actions/SubmitWsdlRequestAction.java" shared="false" uninstallMode="0"/>
<entry name="source/main/resources/com/eviware/soapui/resources/images/runWithLoadui.png" shared="false" uninstallMode="0"/>
<entry name="lib/flex-messaging-opt-1.0.jar" shared="false" uninstallMode="0"/>
<entry name="source/main/java/com/eviware/soapui/impl/wsdl/panels/teststeps/amf/AMFSubmit.java" shared="false" uninstallMode="0"/>
<entry name="source/main/java/com/eviware/soapui/model/propertyexpansion/resolvers/GlobalPropertyResolver.java" shared="false" uninstallMode="0"/>
<entry name="source/main/java/com/eviware/soapui/support/editor/xml/XmlDocument.java" shared="false" uninstallMode="0"/>
<entry name="source/main/java/com/eviware/soapui/model/tree/nodes/PropertyModelItem.java" shared="false" uninstallMode="0"/>
<entry name="source/main/java/com/eviware/soapui/support/registry/AbstractRegistry.java" shared="false" uninstallMode="0"/>
<entry name="source/test/java/com/eviware/soapui/impl/rest/actions/mock/AddRestRequestToMockServiceActionTest.java" shared="false" uninstallMode="0"/>
<entry name="licences/binding-LICENSE.txt" shared="false" uninstallMode="0"/>
<entry name="source/main/java/com/eviware/soapui/impl/wsdl/WsdlTestSuite.java" shared="false" uninstallMode="0"/>
<entry name="source/main/java/org/syntax/jedit/SyntaxStyle.java" shared="false" uninstallMode="0"/>
<entry name="jre/legal/java.management.rmi/LICENSE" shared="false" uninstallMode="3"/>
<entry name="lib/groovy-json-3.0.19.jar" shared="false" uninstallMode="0"/>
<entry name="source/test/java/com/eviware/soapui/impl/rest/mock/RestMockResponseTest.java" shared="false" uninstallMode="0"/>
<entry name="source/main/java/com/eviware/soapui/model/testsuite/LoadTestRunner.java" shared="false" uninstallMode="0"/>
<entry name="source/main/java/com/eviware/soapui/support/xml/package.html" shared="false" uninstallMode="0"/>
<entry name="source/main/java/com/eviware/soapui/impl/wsdl/support/wsdl/WsdlInterfaceDefinition.java" shared="false" uninstallMode="0"/>
<entry name="source/main/java/com/eviware/soapui/support/components/ShowPopupAction.java" shared="false" uninstallMode="0"/>
<entry name="source/main/java/com/eviware/soapui/settings/UISettings.java" shared="false" uninstallMode="0"/>
<entry name="source/test/java/com/eviware/soapui/plugins/PluginManagerTest.java" shared="false" uninstallMode="0"/>
<entry name="source/main/java/com/eviware/soapui/impl/wsdl/submit/filters/WsdlPackagingRequestFilter.java" shared="false" uninstallMode="0"/>
<entry name="source/main/resources/com/eviware/soapui/resources/images/toggle_properties.gif" shared="false" uninstallMode="0"/>
<entry name="source/main/java/com/eviware/soapui/impl/wsdl/support/http/FixedKerberosScheme.java" shared="false" uninstallMode="0"/>
<entry name="source/main/resources/com/eviware/soapui/resources/images/options_old.gif" shared="false" uninstallMode="0"/>
<entry name="source/main/java/com/eviware/soapui/support/dnd/ModelItemTransferable.java" shared="false" uninstallMode="0"/>
<entry name="source/main/java/com/eviware/soapui/impl/wsdl/support/wsrm/WsrmContainer.java" shared="false" uninstallMode="0"/>
<entry name="source/main/java/com/eviware/soapui/support/DateUtil.java" shared="false" uninstallMode="0"/>
<entry name="source/main/resources/com/eviware/soapui/resources/images/mockResponse.gif" shared="false" uninstallMode="0"/>
<entry name="source/main/java/com/eviware/soapui/impl/wsdl/panels/mockoperation/actions/CreateFaultWsdlMockResponseAction.java" shared="false" uninstallMode="0"/>
<entry name="source/main/java/com/eviware/soapui/impl/wsdl/panels/mockoperation/actions/WSIValidateResponseAction.java" shared="false" uninstallMode="0"/>
<entry name="source/test/java/com/eviware/soapui/impl/wsdl/support/http/ProxyUtilsTestCase.java" shared="false" uninstallMode="0"/>
<entry name="jre/legal/jdk.localedata/thaidict.md" shared="false" uninstallMode="3"/>
<entry name="source/main/java/com/eviware/soapui/security/panels/SecurityTestDesktopPanel.java" shared="false" uninstallMode="0"/>
<entry name="source/main/resources/com/eviware/soapui/resources/images/failed_assertion.gif" shared="false" uninstallMode="0"/>
<entry name="lib/hamcrest-core-1.3.jar" shared="false" uninstallMode="0"/>
<entry name="source/main/java/com/eviware/soapui/impl/wsdl/panels/project/TestRunLogTestSuiteRunListener.java" shared="false" uninstallMode="0"/>
<entry name="source/main/java/com/eviware/soapui/impl/support/definition/DefinitionCache.java" shared="false" uninstallMode="0"/>
<entry name="source/main/java/com/eviware/soapui/impl/rest/panels/request/views/json/actions/FormatJsonAction.java" shared="false" uninstallMode="0"/>
<entry name="source/test/java/com/eviware/soapui/impl/wsdl/support/JoinRelativeUrlTest.java" shared="false" uninstallMode="0"/>
<entry name="source/main/java/com/eviware/soapui/model/propertyexpansion/resolvers/providers/ProjectDirProvider.java" shared="false" uninstallMode="0"/>
<entry name="source/main/java/com/eviware/soapui/support/editor/registry/InspectorFactory.java" shared="false" uninstallMode="0"/>
<entry name="tempHermes/hermesInstall.bat" shared="false" uninstallMode="0"/>
<entry name="source/main/java/com/eviware/soapui/impl/wsdl/teststeps/RestTestRequestInterface.java" shared="false" uninstallMode="0"/>
<entry name="source/main/java/com/eviware/soapui/impl/wsdl/teststeps/registry/GraphQLRequestTestStepFactory.java" shared="false" uninstallMode="0"/>
<entry name="source/main/java/com/eviware/soapui/impl/wsdl/teststeps/registry/WsdlTestStepRegistry.java" shared="false" uninstallMode="0"/>
<entry name="source/main/java/com/eviware/soapui/impl/wsdl/teststeps/assertions/recent/RecentAssertionHandler.java" shared="false" uninstallMode="0"/>
<entry name="source/main/java/com/eviware/soapui/model/tree/nodes/RestMethodTreeNode.java" shared="false" uninstallMode="0"/>
<entry name="source/test/java/com/eviware/soapui/impl/rest/actions/oauth/RefreshOAuthAccessTokenActionTest.java" shared="false" uninstallMode="0"/>
<entry name="source/main/java/com/eviware/soapui/model/tree/nodes/MockResponseTreeNode.java" shared="false" uninstallMode="0"/>
<entry name="licences/xalan-LICENSE.txt" shared="false" uninstallMode="0"/>
<entry name="jre/legal/jdk.zipfs/LICENSE" shared="false" uninstallMode="3"/>
<entry name="jre/bin/java" shared="false" uninstallMode="3"/>
<entry name="source/main/java/com/eviware/soapui/impl/support/components/ModelItemXmlEditor.java" shared="false" uninstallMode="0"/>
<entry name="source/main/java/com/eviware/soapui/support/dnd/handlers/AbstractAfterModelItemDropHandler.java" shared="false" uninstallMode="0"/>
<entry name="lib/groovy-groovydoc-3.0.19.jar" shared="false" uninstallMode="0"/>
<entry name="source/main/java/com/eviware/soapui/impl/wsdl/panels/teststeps/WsdlMockResponseStepDesktopPanel.java" shared="false" uninstallMode="0"/>
<entry name="source/main/java/com/eviware/soapui/impl/wsdl/teststeps/GraphQLRequestTestStep.java" shared="false" uninstallMode="0"/>
<entry name="lib/jackson-jaxrs-json-provider-2.10.1.jar" shared="false" uninstallMode="0"/>
<entry name="source/main/resources/com/eviware/soapui/resources/xsds/xop.xsd" shared="false" uninstallMode="0"/>
<entry name="source/main/java/com/eviware/soapui/monitor/MockEngine.java" shared="false" uninstallMode="0"/>
<entry name="source/main/java/com/eviware/soapui/plugins/auto/PluginTestAssertion.java" shared="false" uninstallMode="0"/>
<entry name="source/main/java/com/eviware/soapui/impl/wsdl/submit/filters/AbstractRequestFilter.java" shared="false" uninstallMode="0"/>
<entry name="source/main/java/com/eviware/soapui/support/ClassUtils.java" shared="false" uninstallMode="0"/>
<entry name="source/main/java/com/eviware/soapui/impl/wsdl/panels/teststeps/GraphQLRequestTestStepDesktopPanel.java" shared="false" uninstallMode="0"/>
<entry name="source/main/java/com/eviware/soapui/impl/wsdl/panels/support/MockTestSuiteRunContext.java" shared="false" uninstallMode="0"/>
<entry name="source/main/java/com/eviware/soapui/impl/wsdl/submit/transports/jms/HermesJmsRequestSendReceiveTransport.java" shared="false" uninstallMode="0"/>
<entry name="source/main/java/com/eviware/soapui/SoapUICore.java" shared="false" uninstallMode="0"/>
<entry name="/home/labuser/SoapUI-Tutorials/WSDL-WADL/sample-service.wsdl" shared="false" uninstallMode="0"/>
<entry name="source/test/resources/keys/jceks-test-key.jck" shared="false" uninstallMode="0"/>
<entry name="source/main/java/org/syntax/jedit/tokenmarker/JavaTokenMarker.java" shared="false" uninstallMode="0"/>
<entry name="jre/lib/libawt.so" shared="false" uninstallMode="3"/>
<entry name="source/main/resources/com/eviware/soapui/resources/images/delete_method.png" shared="false" uninstallMode="0"/>
<entry name="source/main/resources/com/eviware/soapui/resources/images/exec_jdbc_request_2.gif" shared="false" uninstallMode="0"/>
<entry name="source/main/resources/com/eviware/soapui/resources/images/clone.png" shared="false" uninstallMode="0"/>
<entry name="jre/lib/psfontj2d.properties" shared="false" uninstallMode="3"/>
<entry name="source/main/resources/com/eviware/soapui/resources/images/mock_get_method.gif" shared="false" uninstallMode="0"/>
<entry name="source/main/resources/com/eviware/soapui/impl/wsdl/teststeps/registry/Bundle.properties" shared="false" uninstallMode="0"/>
<entry name="licences/wsdl4j-LICENSE.html" shared="false" uninstallMode="0"/>
<entry name="source/main/java/com/eviware/x/form/XFormFieldListener.java" shared="false" uninstallMode="0"/>
<entry name="source/main/java/com/eviware/soapui/model/testsuite/LoadTestRunContext.java" shared="false" uninstallMode="0"/>
<entry name="source/main/java/com/eviware/soapui/support/editor/inspectors/script/MockResponseScriptInspector.java" shared="false" uninstallMode="0"/>
<entry name="jre/lib/libjsound.so" shared="false" uninstallMode="3"/>
<entry name="source/main/java/com/eviware/soapui/impl/wsdl/support/xsd/SettingUtils.java" shared="false" uninstallMode="0"/>
<entry name="source/main/java/com/eviware/soapui/settings/ToolsSettings.java" shared="false" uninstallMode="0"/>
<entry name="source/main/java/com/eviware/soapui/impl/wsdl/teststeps/assertions/json/JsonPathCountAssertion.java" shared="false" uninstallMode="0"/>
<entry name="source/main/java/com/eviware/soapui/support/factory/SoapUIFactoryRegistryListener.java" shared="false" uninstallMode="0"/>
<entry name="source/main/java/com/eviware/soapui/support/swing/RSyntaxAreaPopupMenu.java" shared="false" uninstallMode="0"/>
<entry name="source/main/java/com/eviware/soapui/impl/wsdl/teststeps/registry/AMFRequestStepFactory.java" shared="false" uninstallMode="0"/>
<entry name="source/main/java/com/eviware/x/impl/swing/JPasswordFieldFormField.java" shared="false" uninstallMode="0"/>
<entry name="source/main/resources/com/eviware/soapui/resources/images/graphql-request-fail.png" shared="false" uninstallMode="0"/>
<entry name="lib/jms-1.1.jar" shared="false" uninstallMode="0"/>
<entry name="source/main/java/org/syntax/jedit/tokenmarker/TeXTokenMarker.java" shared="false" uninstallMode="0"/>
<entry name="source/main/java/com/eviware/soapui/impl/wsdl/submit/transports/jms/JMSResponse.java" shared="false" uninstallMode="0"/>
<entry name="source/main/java/com/eviware/soapui/impl/wsdl/monitor/MonitorMessageExchangeDataSource.java" shared="false" uninstallMode="0"/>
<entry name="source/test/java/com/eviware/soapui/impl/rest/actions/oauth/OAuth2ParametersTest.java" shared="false" uninstallMode="0"/>
<entry name="source/main/java/com/eviware/soapui/impl/wsdl/actions/iface/tools/jbossws/WSToolsRegenerateJava2WsdlAction.java" shared="false" uninstallMode="0"/>
<entry name="source/main/java/com/eviware/soapui/model/tree/nodes/PropertyTreeNode.java" shared="false" uninstallMode="0"/>
<entry name="source/main/java/com/eviware/soapui/support/swing/MenuBuilderHelper.java" shared="false" uninstallMode="0"/>
<entry name="source/main/resources/com/eviware/soapui/resources/images/bullet_blue.png" shared="false" uninstallMode="0"/>
<entry name="source/main/resources/com/eviware/soapui/resources/images/rest_method.gif" shared="false" uninstallMode="0"/>
<entry name="lib/junit-jupiter-engine-5.9.2.jar" shared="false" uninstallMode="0"/>
<entry name="source/main/java/com/eviware/soapui/impl/wsdl/panels/teststeps/PropertyTransfersDesktopPanel.java" shared="false" uninstallMode="0"/>
<entry name="source/main/java/com/eviware/soapui/support/ListDataListenerAdapter.java" shared="false" uninstallMode="0"/>
<entry name="source/main/java/com/eviware/soapui/support/dnd/handlers/TestSuiteToProjectDropHandler.java" shared="false" uninstallMode="0"/>
<entry name="lib/groovy-test-3.0.19.jar" shared="false" uninstallMode="0"/>
<entry name="lib/jakarta.activation-1.2.1.jar" shared="false" uninstallMode="0"/>
<entry name="source/main/java/com/eviware/soapui/security/boundary/BoundaryRestrictionUtill.java" shared="false" uninstallMode="0"/>
<entry name="licences/blazeds-LICENSE.txt" shared="false" uninstallMode="0"/>
<entry name="source/main/java/com/eviware/soapui/impl/wsdl/support/http/HttpCredentialsProvider.java" shared="false" uninstallMode="0"/>
<entry name=".install4j/i4jparams.conf" shared="false" uninstallMode="2"/>
<entry name="source/main/java/com/eviware/soapui/support/xml/actions/FormatXmlAction.java" shared="false" uninstallMode="0"/>
<entry name="source/main/java/com/eviware/soapui/security/boundary/Boundary.java" shared="false" uninstallMode="0"/>
<entry name="source/main/java/com/eviware/soapui/impl/wsdl/support/assertions/AssertionsListener.java" shared="false" uninstallMode="0"/>
<entry name="source/main/java/com/eviware/soapui/impl/rest/panels/request/RestRequestPanelBuilder.java" shared="false" uninstallMode="0"/>
<entry name="source/main/java/org/apache/http/localserver/BasicAuthTokenExtractor.java" shared="false" uninstallMode="0"/>
<entry name="lib/jcifs-1.2.9.jar" shared="false" uninstallMode="0"/>
<entry name="lib/libphonenumber-8.0.0.jar" shared="false" uninstallMode="0"/>
<entry name="source/main/java/com/eviware/soapui/support/swing/JTableFactory.java" shared="false" uninstallMode="0"/>
<entry name="source/main/resources/com/eviware/soapui/resources/images/soap_request_1.png" shared="false" uninstallMode="0"/>
<entry name="source/main/java/com/eviware/soapui/support/dnd/handlers/OperationToMockServiceDropHandler.java" shared="false" uninstallMode="0"/>
<entry name="lib/flex-messaging-core-1.0.jar" shared="false" uninstallMode="0"/>
<entry name="source/main/java/com/eviware/soapui/support/EditorModel.java" shared="false" uninstallMode="0"/>
<entry name="source/main/java/com/eviware/soapui/impl/wsdl/panels/teststeps/support/package.html" shared="false" uninstallMode="0"/>
<entry name="source/main/java/com/eviware/soapui/impl/wsdl/support/wsrm/WsrmSequence.java" shared="false" uninstallMode="0"/>
<entry name="source/main/java/com/eviware/soapui/support/swing/ComponentBag.java" shared="false" uninstallMode="0"/>
<entry name="source/main/java/com/eviware/soapui/model/testsuite/EvaluatedOnReadTestProperty.java" shared="false" uninstallMode="0"/>
<entry name="source/main/java/com/smartbear/swagger/Swagger2Exporter.java" shared="false" uninstallMode="0"/>
<entry name="source/main/java/com/eviware/soapui/model/tree/TreeNodeFactory.java" shared="false" uninstallMode="0"/>
<entry name="source/main/java/com/eviware/soapui/analytics/ModuleType.java" shared="false" uninstallMode="0"/>
<entry name="source/test/java/com/eviware/soapui/impl/wsdl/submit/transports/http/support/attachments/AttachmentUtilsTest.java" shared="false" uninstallMode="0"/>
<entry name="source/main/java/com/eviware/soapui/support/propertyexpansion/scrollmenu/ScrollableMenuContainer.java" shared="false" uninstallMode="0"/>
<entry name="source/main/java/com/eviware/soapui/impl/wsdl/support/assertions/AssertableConfig.java" shared="false" uninstallMode="0"/>
<entry name="tempHermes/xml-apis.jar" shared="false" uninstallMode="0"/>
<entry name="source/main/java/com/eviware/soapui/impl/wsdl/support/assertions/Assertable.java" shared="false" uninstallMode="0"/>
<entry name="source/main/java/com/eviware/x/form/support/AFormHandler.java" shared="false" uninstallMode="0"/>
<entry name="jre/legal/java.desktop/LICENSE" shared="false" uninstallMode="3"/>
<entry name="source/main/java/com/eviware/soapui/impl/wsdl/mock/WsdlMockOperation.java" shared="false" uninstallMode="0"/>
<entry name="source/main/resources/com/eviware/soapui/resources/images/notificationoperation.gif" shared="false" uninstallMode="0"/>
<entry name="source/main/java/com/eviware/soapui/impl/rest/actions/method/NewRestRequestAction.java" shared="false" uninstallMode="0"/>
<entry name="source/main/java/com/eviware/soapui/support/action/support/AbstractSoapUIActionGroup.java" shared="false" uninstallMode="0"/>
<entry name="source/main/java/com/eviware/soapui/impl/wsdl/loadtest/log/LoadTestLog.java" shared="false" uninstallMode="0"/>
<entry name="source/main/java/com/eviware/soapui/impl/wsdl/actions/iface/tools/wsi/WSIAnalyzeAction.java" shared="false" uninstallMode="0"/>
<entry name="source/main/resources/com/eviware/soapui/resources/images/SoapUI-OS_256-256.png" shared="false" uninstallMode="0"/>
<entry name="source/main/java/com/eviware/soapui/impl/wsdl/loadtest/WsdlLoadTestContext.java" shared="false" uninstallMode="0"/>
<entry name="source/main/resources/com/eviware/soapui/resources/images/Save-all.png" shared="false" uninstallMode="0"/>
<entry name="source/main/java/com/eviware/soapui/security/panels/SecurityTreeRootNode.java" shared="false" uninstallMode="0"/>
<entry name="lib/retrofit-2.9.0.jar" shared="false" uninstallMode="0"/>
<entry name="lib/osgi-resource-locator-1.0.3.jar" shared="false" uninstallMode="0"/>
<entry name="source/main/resources/com/eviware/soapui/resources/images/http_request_3.png" shared="false" uninstallMode="0"/>
<entry name="source/main/resources/com/eviware/soapui/resources/images/set_credentials.png" shared="false" uninstallMode="0"/>
<entry name="jre/include/linux/jawt_md.h" shared="false" uninstallMode="3"/>
<entry name="source/test/java/com/eviware/soapui/impl/rest/support/handlers/JsonXmlSerializerTest.java" shared="false" uninstallMode="0"/>
<entry name="source/main/java/com/eviware/soapui/support/Tools.java" shared="false" uninstallMode="0"/>
<entry name="source/main/resources/com/eviware/soapui/resources/images/rest_virt_5.png" shared="false" uninstallMode="0"/>
<entry name="bin/SoapUI-5.8.0" shared="false" uninstallMode="0"/>
<entry name="source/main/java/com/eviware/soapui/impl/wsdl/panels/mockoperation/actions/package.html" shared="false" uninstallMode="0"/>
<entry name="lib/looks-2.2.0.jar" shared="false" uninstallMode="0"/>
<entry name="/home/labuser/SoapUI-Tutorials/Sample-SOAP-Project-soapui-project.xml" shared="false" uninstallMode="0"/>
<entry name="source/main/java/com/eviware/soapui/impl/wsdl/submit/filters/SoapHeadersRequestFilter.java" shared="false" uninstallMode="0"/>
<entry name="source/main/java/com/eviware/x/form/XFormFactory.java" shared="false" uninstallMode="0"/>
<entry name="source/main/java/com/eviware/soapui/impl/wsdl/support/soap/package.html" shared="false" uninstallMode="0"/>
<entry name="source/main/java/com/eviware/soapui/impl/wsdl/panels/loadtest/JStatisticsHistoryGraph.java" shared="false" uninstallMode="0"/>
<entry name="source/main/java/com/eviware/soapui/impl/wsdl/teststeps/actions/AddAssertionAction.java" shared="false" uninstallMode="0"/>
<entry name="source/main/java/com/eviware/soapui/analytics/ProductArea.java" shared="false" uninstallMode="0"/>
<entry name="source/main/java/com/eviware/soapui/impl/wsdl/actions/testcase/DeleteTestCaseAction.java" shared="false" uninstallMode="0"/>
<entry name="source/main/java/com/eviware/soapui/impl/wsdl/panels/teststeps/amf/AMFResponse.java" shared="false" uninstallMode="0"/>
<entry name="source/main/java/com/eviware/soapui/model/testsuite/TestRunner.java" shared="false" uninstallMode="0"/>
<entry name="source/main/java/com/eviware/soapui/plugins/auto/factories/AutoTestAssertionFactory.java" shared="false" uninstallMode="0"/>
<entry name="source/main/java/com/eviware/soapui/impl/wsdl/support/AbstractTestRunner.java" shared="false" uninstallMode="0"/>
<entry name="source/main/java/com/eviware/soapui/impl/wsdl/panels/assertions/AssertionsListTable.java" shared="false" uninstallMode="0"/>
<entry name="source/test/java/com/eviware/soapui/impl/rest/panels/request/ParametersFieldTest.java" shared="false" uninstallMode="0"/>
<entry name="source/main/java/com/eviware/soapui/support/components/VerticalMetalTabbedPaneUI.java" shared="false" uninstallMode="0"/>
<entry name="source/main/resources/com/eviware/soapui/resources/images/soap_virt_2.png" shared="false" uninstallMode="0"/>
<entry name="source/main/java/com/eviware/soapui/impl/wsdl/loadtest/data/package.html" shared="false" uninstallMode="0"/>
<entry name="lib/hermes-1.14.jar" shared="false" uninstallMode="0"/>
<entry name="source/main/java/com/eviware/soapui/impl/wsdl/panels/loadtest/JStatisticsTable.java" shared="false" uninstallMode="0"/>
<entry name="source/main/java/com/eviware/soapui/support/swing/ExtendedComboBoxModel.java" shared="false" uninstallMode="0"/>
<entry name=".install4j/inst_jre.cfg" shared="false" uninstallMode="0"/>
<entry name="source/main/java/com/eviware/soapui/impl/settings/package.html" shared="false" uninstallMode="0"/>
<entry name="source/main/java/com/eviware/soapui/impl/wsdl/submit/transports/http/HTMLPageSourceDownloader.java" shared="false" uninstallMode="0"/>
<entry name="source/main/java/com/eviware/soapui/impl/wsdl/panels/support/ProgressBarTestSuiteAdapter.java" shared="false" uninstallMode="0"/>
<entry name="source/main/resources/com/eviware/soapui/resources/images/up_arrow.gif" shared="false" uninstallMode="0"/>
<entry name="source/main/java/com/eviware/soapui/support/dnd/handlers/MockResponseToTestStepDropHandler.java" shared="false" uninstallMode="0"/>
<entry name="source/main/java/com/eviware/soapui/model/tree/nodes/ProjectTreeNode.java" shared="false" uninstallMode="0"/>
<entry name="jre/legal/java.base/c-libutl.md" shared="false" uninstallMode="3"/>
<entry name="source/main/java/com/eviware/soapui/impl/support/BaseMockResult.java" shared="false" uninstallMode="0"/>
<entry name="source/main/java/com/eviware/soapui/impl/wsdl/actions/iface/tools/support/package.html" shared="false" uninstallMode="0"/>
<entry name="source/main/java/com/eviware/soapui/impl/wsdl/endpoint/DefaultEndpointStrategy.java" shared="false" uninstallMode="0"/>
<entry name="source/main/resources/com/eviware/soapui/resources/images/valid_amf_request.gif" shared="false" uninstallMode="0"/>
<entry name="source/main/resources/com/eviware/soapui/resources/images/rest_request.png" shared="false" uninstallMode="0"/>
<entry name="bin/updateinstallation.sh" shared="false" uninstallMode="0"/>
<entry name="source/test/java/com/eviware/soapui/model/propertyexpansion/resolvers/providers/CurrentRunStepIndexProviderTest.java" shared="false" uninstallMode="0"/>
<entry name="source/main/resources/com/eviware/soapui/resources/images/add_to_test_case.png" shared="false" uninstallMode="0"/>
<entry name="source/main/java/com/eviware/soapui/impl/wsdl/support/wss/WssEntryRegistry.java" shared="false" uninstallMode="0"/>
<entry name="licences/swingx-LICENSE.txt" shared="false" uninstallMode="0"/>
<entry name="source/test/resources/testFragment.xml" shared="false" uninstallMode="0"/>
<entry name="source/main/java/com/eviware/soapui/impl/wsdl/submit/transports/http/support/attachments/WsdlRequestDataSource.java" shared="false" uninstallMode="0"/>
<entry name="source/main/java/com/eviware/soapui/plugins/auto/factories/AutoPrefsFactory.java" shared="false" uninstallMode="0"/>
<entry name="jre/lib/libinstrument.so" shared="false" uninstallMode="3"/>
<entry name="source/main/java/com/eviware/soapui/impl/wsdl/actions/testcase/WsdlTestCaseAddStepSoapUIActionGroup.java" shared="false" uninstallMode="0"/>
<entry name="lib/commons-httpclient-3.1.jar" shared="false" uninstallMode="0"/>
<entry name="source/main/java/com/eviware/soapui/security/ui/SecurityCheckedParametersTablePanel.java" shared="false" uninstallMode="0"/>
<entry name="source/main/java/com/eviware/soapui/impl/wsdl/support/xsd/SchemaUtils.java" shared="false" uninstallMode="0"/>
<entry name="source/main/java/com/eviware/soapui/support/editor/xml/XmlEditorView.java" shared="false" uninstallMode="0"/>
<entry name="jre/legal/java.instrument/ADDITIONAL_LICENSE_INFO" shared="false" uninstallMode="3"/>
<entry name="source/test/java/com/eviware/soapui/support/scripting/groovy/GroovyScriptEngineFactoryTest.java" shared="false" uninstallMode="0"/>
<entry name="source/main/java/com/eviware/soapui/impl/wsdl/support/http/SoapUIWire.java" shared="false" uninstallMode="0"/>
<entry name="source/main/resources/com/eviware/soapui/resources/images/onewayoperation.gif" shared="false" uninstallMode="0"/>
<entry name="lib/mixpanel-java-1.4.4.jar" shared="false" uninstallMode="0"/>
<entry name="source/main/java/com/eviware/soapui/model/testsuite/ResultContainer.java" shared="false" uninstallMode="0"/>
<entry name="source/main/java/com/eviware/soapui/impl/wsdl/submit/AbstractMessageExchange.java" shared="false" uninstallMode="0"/>
<entry name="source/main/java/com/eviware/soapui/support/resolver/CreateMissingPropertyResolver.java" shared="false" uninstallMode="0"/>
<entry name="source/main/resources/com/eviware/soapui/resources/images/proxyDisabled_toolbar.png" shared="false" uninstallMode="0"/>
<entry name="source/main/java/com/eviware/soapui/impl/wsdl/panels/mockoperation/WsdlMockResponseDesktopPanel.java" shared="false" uninstallMode="0"/>
<entry name="source/main/java/com/eviware/soapui/impl/wsdl/panels/teststeps/amf/AMFRequestTestStepDesktopPanel.java" shared="false" uninstallMode="0"/>
<entry name="source/main/resources/com/eviware/soapui/resources/images/valid_assertion.gif" shared="false" uninstallMode="0"/>
<entry name="source/main/java/com/eviware/soapui/impl/wsdl/panels/loadtest/WsdlLoadTestDesktopPanel.java" shared="false" uninstallMode="0"/>
<entry name="source/main/java/com/eviware/soapui/model/testsuite/SamplerTestStep.java" shared="false" uninstallMode="0"/>
<entry name="source/main/java/com/eviware/soapui/autoupdate/SoapUIUpdateProvider.java" shared="false" uninstallMode="0"/>
<entry name="source/main/java/com/eviware/soapui/impl/wsdl/actions/iface/tools/soapui/LoadTestRunnerAction.java" shared="false" uninstallMode="0"/>
<entry name="lib/jcommander-1.78.jar" shared="false" uninstallMode="0"/>
<entry name="source/main/java/com/eviware/soapui/impl/wsdl/panels/teststeps/PropertiesStepPanelBuilder.java" shared="false" uninstallMode="0"/>
<entry name="source/main/java/com/eviware/soapui/impl/wsdl/submit/filters/HttpRequestFilter.java" shared="false" uninstallMode="0"/>
<entry name="source/main/java/com/eviware/soapui/impl/wsdl/submit/WsdlMessageExchange.java" shared="false" uninstallMode="0"/>
<entry name="source/main/java/com/eviware/soapui/impl/wsdl/actions/teststep/WsdlTestStepSoapUIActionGroup.java" shared="false" uninstallMode="0"/>
<entry name="source/main/java/com/eviware/soapui/impl/wsdl/panels/testcase/TestRunLogTestRunListener.java" shared="false" uninstallMode="0"/>
<entry name="source/main/java/com/eviware/soapui/model/testsuite/TestSuiteRunner.java" shared="false" uninstallMode="0"/>
<entry name="jre/legal/jdk.crypto.cryptoki/pkcs11cryptotoken.md" shared="false" uninstallMode="3"/>
<entry name="jre/legal/jdk.internal.ed/ASSEMBLY_EXCEPTION" shared="false" uninstallMode="3"/>
<entry name="source/test/resources/chameleon/chameleon.xsd" shared="false" uninstallMode="0"/>
<entry name="source/main/java/com/eviware/soapui/impl/rest/support/RestURIParserImpl.java" shared="false" uninstallMode="0"/>
<entry name="source/main/resources/com/eviware/soapui/resources/images/testcase.png" shared="false" uninstallMode="0"/>
<entry name="source/main/java/com/eviware/soapui/impl/wsdl/AbstractTestPropertyHolderWsdlModelItem.java" shared="false" uninstallMode="0"/>
<entry name="jre/legal/java.se/ASSEMBLY_EXCEPTION" shared="false" uninstallMode="3"/>
<entry name="source/main/java/com/eviware/soapui/support/action/support/WrapperSoapUIAction.java" shared="false" uninstallMode="0"/>
<entry name="source/main/java/com/eviware/soapui/support/components/SimpleForm.java" shared="false" uninstallMode="0"/>
<entry name="source/main/java/com/eviware/soapui/impl/wsdl/support/http/FixedKerberosSchemeFactory.java" shared="false" uninstallMode="0"/>
<entry name="source/main/resources/com/eviware/soapui/resources/images/failed_groovy_step.png" shared="false" uninstallMode="0"/>
<entry name="source/test/java/com/eviware/soapui/impl/rest/actions/oauth/OAuth2TokenExtractorTest.java" shared="false" uninstallMode="0"/>
<entry name="source/main/java/com/eviware/soapui/impl/wsdl/submit/transports/http/HttpClientRequestTransport.java" shared="false" uninstallMode="0"/>
<entry name="source/main/java/com/eviware/soapui/analytics/Analytics.java" shared="false" uninstallMode="0"/>
<entry name="source/main/java/com/eviware/soapui/security/scan/SQLInjectionScan.java" shared="false" uninstallMode="0"/>
<entry name="source/main/java/com/eviware/soapui/plugins/factories/navigator/NavigatroNodeExpandStateProviderFactory.java" shared="false" uninstallMode="0"/>
<entry name="source/main/java/com/eviware/x/impl/swing/SwingFileDialogs.java" shared="false" uninstallMode="0"/>
<entry name="source/main/resources/com/eviware/soapui/resources/images/workspace.gif" shared="false" uninstallMode="0"/>
<entry name="lib/jersey-media-multipart-2.29.1.jar" shared="false" uninstallMode="0"/>
<entry name="source/main/java/com/eviware/soapui/impl/actions/RenameWorkspaceAction.java" shared="false" uninstallMode="0"/>
<entry name="source/main/java/com/eviware/soapui/model/package.html" shared="false" uninstallMode="0"/>
<entry name="source/main/resources/com/eviware/soapui/resources/images/loop.gif" shared="false" uninstallMode="0"/>
<entry name="SoapUI-Tutorials/popular-apis/Amazon-soapui-project.xml" shared="false" uninstallMode="0"/>
<entry name="source/main/java/com/eviware/soapui/impl/wsdl/teststeps/actions/SetMockOperationAction.java" shared="false" uninstallMode="0"/>
<entry name="source/main/java/com/eviware/soapui/tools/AbstractSoapUITestRunner.java" shared="false" uninstallMode="0"/>
<entry name="source/main/java/com/eviware/soapui/impl/wsdl/support/soap/TibcoSoapJMSBindingImporter.java" shared="false" uninstallMode="0"/>
<entry name="jre/lib/client/libjsig.so" shared="false" uninstallMode="3"/>
<entry name="source/test/java/com/eviware/soapui/impl/wsdl/AttachmentTest.java" shared="false" uninstallMode="0"/>
<entry name="source/main/java/com/eviware/soapui/impl/wsdl/testcase/WsdlTestRunContext.java" shared="false" uninstallMode="0"/>
<entry name="source/main/java/com/eviware/soapui/security/log/SecurityTestLogModel.java" shared="false" uninstallMode="0"/>
<entry name=".install4j/install4j_146y2rr-SoapUI-5.8.0.desktop" shared="false" uninstallMode="2">
<preUninstall admin="false" executable="xdg-desktop-menu">
<argument>uninstall</argument>
<argument>--mode</argument>
<argument>user</argument>
<argument>/home/labuser/SmartBear/SoapUI-5.8.0/.install4j/install4j_146y2rr-SoapUI-5.8.0.desktop</argument>
</preUninstall>
</entry>
<entry name="source/main/java/com/eviware/soapui/impl/wsdl/actions/request/CloneRequestAction.java" shared="false" uninstallMode="0"/>
<entry name="jre/legal/java.net.http/LICENSE" shared="false" uninstallMode="3"/>
<entry name="source/main/java/com/eviware/soapui/support/dnd/handlers/TestStepToTestCaseDropHandler.java" shared="false" uninstallMode="0"/>
<entry name="source/main/java/com/eviware/x/form/support/XFormRadioGroup.java" shared="false" uninstallMode="0"/>
<entry name="source/main/java/com/eviware/soapui/support/components/FileFormComponent.java" shared="false" uninstallMode="0"/>
<entry name="source/main/resources/com/eviware/soapui/resources/images/amf_request_3.png" shared="false" uninstallMode="0"/>
<entry name="source/main/java/com/eviware/soapui/impl/wsdl/submit/transports/http/support/attachments/WsdlMimeMessageResponse.java" shared="false" uninstallMode="0"/>
<entry name="licences/javamail-LICENSE.txt" shared="false" uninstallMode="0"/>
<entry name="source/main/java/com/eviware/soapui/support/action/swing/DefaultActionList.java" shared="false" uninstallMode="0"/>
<entry name="source/main/java/com/eviware/soapui/impl/wadl/inference/schema/particles/ReferenceParticle.java" shared="false" uninstallMode="0"/>
<entry name="lib/uri-template-0.9.jar" shared="false" uninstallMode="0"/>
<entry name="/home/labuser/Desktop/SoapUI 5.8.0.desktop" shared="false" uninstallMode="2"/>
<entry name="source/main/java/com/eviware/soapui/support/ConsoleDialogs.java" shared="false" uninstallMode="0"/>
<entry name="source/main/java/com/eviware/soapui/impl/wsdl/teststeps/GraphQLTestRequestInterface.java" shared="false" uninstallMode="0"/>
<entry name="source/main/java/com/eviware/soapui/impl/wsdl/support/soap/SoapUtils.java" shared="false" uninstallMode="0"/>
<entry name="lib/org.apache.oltu.oauth2.httpclient4-0.31.jar" shared="false" uninstallMode="0"/>
<entry name="source/main/java/com/eviware/soapui/impl/wsdl/support/wsdl/WsdlValidator.java" shared="false" uninstallMode="0"/>
<entry name="source/main/java/com/eviware/soapui/plugins/auto/PluginPropertyResolver.java" shared="false" uninstallMode="0"/>
<entry name="source/main/java/com/eviware/soapui/impl/rest/RestRepresentation.java" shared="false" uninstallMode="0"/>
<entry name="source/main/java/com/eviware/soapui/impl/wsdl/support/wss/entries/UsernameEntry.java" shared="false" uninstallMode="0"/>
<entry name="source/main/java/com/eviware/soapui/impl/wsdl/monitor/jettyproxy/CapturedExchange.java" shared="false" uninstallMode="0"/>
<entry name="source/main/java/com/eviware/soapui/impl/wsdl/mock/dispatch/MockOperationDispatcher.java" shared="false" uninstallMode="0"/>
<entry name="source/main/java/com/eviware/soapui/impl/wsdl/support/package.html" shared="false" uninstallMode="0"/>
<entry name="source/test/java/com/eviware/soapui/impl/rest/support/handlers/JsonMediaTypeHandlerTest.java" shared="false" uninstallMode="0"/>
<entry name="source/main/java/com/eviware/soapui/support/components/VTextIcon.java" shared="false" uninstallMode="0"/>
<entry name="source/main/java/com/eviware/soapui/actions/OpenClosedProjectsAction.java" shared="false" uninstallMode="0"/>
<entry name="jre/legal/jdk.jsobject/ASSEMBLY_EXCEPTION" shared="false" uninstallMode="3"/>
<entry name="jre/legal/jdk.accessibility/ASSEMBLY_EXCEPTION" shared="false" uninstallMode="3"/>
<entry name="lib/commons-logging-1.1.1.jar" shared="false" uninstallMode="0"/>
<entry name="source/main/java/com/eviware/soapui/impl/wsdl/actions/teststep/RunFromTestStepAction.java" shared="false" uninstallMode="0"/>
<entry name="source/main/java/com/eviware/soapui/support/dnd/DropType.java" shared="false" uninstallMode="0"/>
<entry name="/home/labuser/SoapUI-Tutorials/popular-apis/Twitter-soapui-project.xml" shared="false" uninstallMode="0"/>
<entry name="source/main/java/com/eviware/soapui/impl/wsdl/support/PathUtils.java" shared="false" uninstallMode="0"/>
<entry name="source/main/java/com/eviware/soapui/support/dnd/JTableTestPropertyDropTarget.java" shared="false" uninstallMode="0"/>
<entry name="source/main/java/com/eviware/soapui/impl/wadl/inference/schema/types/SimpleType.java" shared="false" uninstallMode="0"/>
<entry name="jre/include/jni.h" shared="false" uninstallMode="3"/>
<entry name="source/main/java/com/eviware/soapui/support/editor/inspectors/amfheader/AMFHeadersInspector.java" shared="false" uninstallMode="0"/>
<entry name="source/main/java/com/eviware/soapui/impl/wsdl/submit/filters/PostPackagingRequestFilter.java" shared="false" uninstallMode="0"/>
<entry name="source/main/java/com/eviware/soapui/impl/wsdl/submit/transports/http/BaseHttpResponse.java" shared="false" uninstallMode="0"/>
<entry name="source/main/java/com/eviware/soapui/model/testsuite/package.html" shared="false" uninstallMode="0"/>
<entry name="source/main/resources/com/eviware/soapui/resources/images/missing_assertion.gif" shared="false" uninstallMode="0"/>
<entry name="source/main/java/com/eviware/soapui/support/JsonLineNumberMapper.java" shared="false" uninstallMode="0"/>
<entry name="source/main/java/com/eviware/soapui/impl/rest/actions/oauth/OAuthParameterValidator.java" shared="false" uninstallMode="0"/>
<entry name="lib/opensaml-2.5.1-1.jar" shared="false" uninstallMode="0"/>
<entry name="source/main/java/com/eviware/soapui/model/propertyexpansion/resolvers/ResolverUtils.java" shared="false" uninstallMode="0"/>
<entry name="source/main/java/org/syntax/jedit/tokenmarker/PLSQLTokenMarker.java" shared="false" uninstallMode="0"/>
<entry name="source/test/java/com/eviware/soapui/impl/wsdl/submit/transports/MimeMessageTest.java" shared="false" uninstallMode="0"/>
<entry name="source/test/java/com/eviware/soapui/impl/wsdl/submit/filters/EndpointRequestFilterTest.java" shared="false" uninstallMode="0"/>
<entry name="lib/hk2-locator-2.6.1.jar" shared="false" uninstallMode="0"/>
<entry name="source/main/java/com/eviware/soapui/support/components/EnabledWebViewBasedBrowserComponent.java" shared="false" uninstallMode="0"/>
<entry name="source/main/resources/com/eviware/soapui/resources/images/start.png" shared="false" uninstallMode="0"/>
<entry name="source/main/java/com/eviware/soapui/impl/wsdl/actions/iface/tools/support/ProcessToolRunner.java" shared="false" uninstallMode="0"/>
<entry name="source/main/java/com/eviware/soapui/impl/wsdl/actions/project/WsdlProjectSoapUIActionGroup.java" shared="false" uninstallMode="0"/>
<entry name="source/main/java/com/eviware/soapui/support/log/Log4JMonitor.java" shared="false" uninstallMode="0"/>
<entry name="source/test/java/com/eviware/soapui/impl/rest/actions/oauth/ClientCredentialsInputParamsTest.java" shared="false" uninstallMode="0"/>
<entry name="lib/l2fprod-common-directorychooser-7.3.jar" shared="false" uninstallMode="0"/>
<entry name="source/main/java/com/eviware/soapui/security/scan/GroovySecurityScan.java" shared="false" uninstallMode="0"/>
<entry name="jre/lib/i386/server/classes.jsa" shared="false" uninstallMode="0"/>
<entry name="source/main/java/com/eviware/soapui/impl/wsdl/teststeps/actions/CloneAssertionAction.java" shared="false" uninstallMode="0"/>
<entry name="source/main/resources/com/eviware/soapui/resources/images/arrow_right.png" shared="false" uninstallMode="0"/>
<entry name="source/main/java/com/eviware/soapui/impl/wsdl/actions/mockservice/StartMinimizedMockServiceAction.java" shared="false" uninstallMode="0"/>
<entry name="licences/RSyntaxTextArea-LICENSE.txt" shared="false" uninstallMode="0"/>
<entry name="source/main/resources/com/eviware/soapui/support/Bundle.properties" shared="false" uninstallMode="0"/>
<entry name="source/main/java/com/eviware/x/impl/swing/JComboBoxFormField.java" shared="false" uninstallMode="0"/>
<entry name="source/test/resources/config/soapui-test-settings.xml" shared="false" uninstallMode="0"/>
<entry name="source/test/java/com/eviware/soapui/impl/rest/actions/oauth/JavaScriptValidatorTest.java" shared="false" uninstallMode="0"/>
<entry name="source/main/resources/com/eviware/soapui/resources/images/submit_request.png" shared="false" uninstallMode="0"/>
<entry name="lib/jaxen-1.1-beta-8.jar" shared="false" uninstallMode="0"/>
<entry name="source/main/java/com/eviware/soapui/impl/wsdl/teststeps/assertions/http/HttpDownloadAllResourcesAssertion.java" shared="false" uninstallMode="0"/>
<entry name="source/main/java/com/eviware/soapui/impl/wsdl/WsdlOperation.java" shared="false" uninstallMode="0"/>
<entry name="source/main/java/com/smartbear/integrations/swaggerhub/engine/ApisJsonImporter.java" shared="false" uninstallMode="0"/>
<entry name="jre/legal/jdk.crypto.cryptoki/LICENSE" shared="false" uninstallMode="3"/>
<entry name="/home/labuser/SoapUI-Tutorials/Sample-REST-Project-soapui-project.xml" shared="false" uninstallMode="0"/>
<entry name="source/main/resources/com/eviware/soapui/resources/images/invalid_soap_request_step.png" shared="false" uninstallMode="0"/>
<entry name="source/main/java/com/eviware/soapui/model/tree/nodes/InterfaceTreeNode.java" shared="false" uninstallMode="0"/>
<entry name="source/main/resources/com/eviware/soapui/resources/images/alert.png" shared="false" uninstallMode="0"/>
<entry name=".install4j/SoapUIUpdater" shared="false" uninstallMode="0"/>
<entry name="source/main/java/com/eviware/soapui/support/editor/inspectors/wsa/WsdlMockresponseWsaInspector.java" shared="false" uninstallMode="0"/>
<entry name="jre/legal/java.xml.crypto/ADDITIONAL_LICENSE_INFO" shared="false" uninstallMode="3"/>
<entry name="jre/man/man1/jrunscript.1" shared="false" uninstallMode="3"/>
<entry name="source/main/java/com/eviware/soapui/impl/wsdl/submit/transports/http/support/metrics/SoapUIMetrics.java" shared="false" uninstallMode="0"/>
<entry name="source/main/java/com/eviware/soapui/support/components/ConfigurationDialog.java" shared="false" uninstallMode="0"/>
<entry name="lib/junit-jupiter-api-5.9.2.jar" shared="false" uninstallMode="0"/>
<entry name="source/main/java/com/eviware/soapui/support/editor/inspectors/wsrm/WsdlRequestWsrmInspector.java" shared="false" uninstallMode="0"/>
<entry name="source/main/java/com/eviware/soapui/model/mock/MockRunContext.java" shared="false" uninstallMode="0"/>
<entry name="jre/lib/server/libjsig.so" shared="false" uninstallMode="3"/>
<entry name="lib/commons-lang3-3.4.jar" shared="false" uninstallMode="0"/>
<entry name="source/main/java/com/eviware/soapui/tools/JavaFXTools.java" shared="false" uninstallMode="0"/>
<entry name="jre/legal/java.sql/ADDITIONAL_LICENSE_INFO" shared="false" uninstallMode="3"/>
<entry name="source/main/resources/com/eviware/soapui/resources/images/addAsMockResponseStep.gif" shared="false" uninstallMode="0"/>
<entry name="source/main/resources/com/eviware/soapui/resources/images/left_arrow.gif" shared="false" uninstallMode="0"/>
<entry name="source/main/java/com/eviware/soapui/support/SoapUIUrl.java" shared="false" uninstallMode="0"/>
<entry name="source/main/resources/com/eviware/soapui/resources/images/rest_virt_1.gif" shared="false" uninstallMode="0"/>
<entry name="source/main/java/skt/swing/tree/check/TristateCheckBox.java" shared="false" uninstallMode="0"/>
<entry name="lib/htmlunit-core-js-2.7.jar" shared="false" uninstallMode="0"/>
<entry name="source/test/java/com/eviware/soapui/support/xml/XPathDataTest.java" shared="false" uninstallMode="0"/>
<entry name="source/main/java/com/eviware/soapui/impl/wsdl/InterfaceFactoryRegistry.java" shared="false" uninstallMode="0"/>
<entry name="source/main/java/com/eviware/soapui/impl/wsdl/mock/dispatch/AbstractMockOperationDispatcher.java" shared="false" uninstallMode="0"/>
<entry name="LICENSE.md" shared="false" uninstallMode="0"/>
<entry name="source/main/resources/com/eviware/soapui/resources/images/valid_jdbc_request_step.png" shared="false" uninstallMode="0"/>
<entry name="source/main/java/com/eviware/soapui/model/propertyexpansion/resolvers/providers/CurrentStepIndexProvider.java" shared="false" uninstallMode="0"/>
<entry name="source/test/java/com/eviware/soapui/impl/rest/actions/oauth/OAuth2TestUtils.java" shared="false" uninstallMode="0"/>
<entry name="source/main/resources/com/eviware/soapui/resources/images/rest_virt_9.png" shared="false" uninstallMode="0"/>
<entry name="source/main/java/com/eviware/soapui/impl/rest/RestServiceFactory.java" shared="false" uninstallMode="0"/>
<entry name="source/main/java/com/eviware/soapui/impl/wsdl/actions/iface/tools/xfire/XFireAction.java" shared="false" uninstallMode="0"/>
<entry name="source/test/resources/wadl/YahooSearchWithExpansions.wadl" shared="false" uninstallMode="0"/>
<entry name="jre/lib/jrt-fs.jar" shared="false" uninstallMode="3"/>
<entry name="source/main/java/com/eviware/soapui/impl/WorkspaceFactoryImpl.java" shared="false" uninstallMode="0"/>
<entry name="source/main/resources/com/eviware/soapui/resources/images/SoapUI-OS.ico" shared="false" uninstallMode="0"/>
<entry name="lib/jackson-dataformat-yaml-2.11.1.jar" shared="false" uninstallMode="0"/>
<entry name="source/main/resources/com/eviware/soapui/resources/images/loadtests.png" shared="false" uninstallMode="0"/>
<entry name="source/main/java/com/eviware/soapui/model/tree/nodes/support/BaseTestsModelItem.java" shared="false" uninstallMode="0"/>
<entry name="lib/ant-antlr-1.10.12.jar" shared="false" uninstallMode="0"/>
<entry name="source/main/java/com/eviware/soapui/ui/support/KeySensitiveModelItemDesktopPanel.java" shared="false" uninstallMode="0"/>
<entry name="source/main/java/com/eviware/soapui/impl/wsdl/actions/request/RemoveWsaHeadersFromRequestAction.java" shared="false" uninstallMode="0"/>
<entry name="source/main/java/com/eviware/soapui/impl/wsdl/panels/loadtest/WsdlLoadTestPanelBuilder.java" shared="false" uninstallMode="0"/>
<entry name="source/test/resources/keys/keystore.jks" shared="false" uninstallMode="0"/>
<entry name="source/main/java/com/eviware/soapui/model/environment/Service.java" shared="false" uninstallMode="0"/>
<entry name="source/main/java/com/eviware/soapui/plugins/auto/factories/AutoTestStepFactory.java" shared="false" uninstallMode="0"/>
<entry name="lib/java-dataloader-3.3.0.jar" shared="false" uninstallMode="0"/>
<entry name="source/main/java/com/eviware/soapui/impl/wsdl/actions/mockresponse/CreateTestRequestForMockResponseAction.java" shared="false" uninstallMode="0"/>
<entry name="source/main/java/com/eviware/soapui/impl/wadl/WadlDefinitionContext.java" shared="false" uninstallMode="0"/>
<entry name="source/main/java/com/eviware/soapui/impl/rest/panels/request/inspectors/representations/RestRequestRepresentationsInspector.java" shared="false" uninstallMode="0"/>
<entry name="source/main/resources/com/eviware/soapui/resources/images/security_tests_group.png" shared="false" uninstallMode="0"/>
<entry name=".install4j/libi4jinst2.dylib" shared="false" uninstallMode="2"/>
<entry name="source/main/java/com/eviware/soapui/model/testsuite/TestRunListener.java" shared="false" uninstallMode="0"/>
<entry name="source/main/java/com/eviware/x/dialogs/XDialogs.java" shared="false" uninstallMode="0"/>
<entry name="lib/sac-1.3.jar" shared="false" uninstallMode="0"/>
<entry name="source/main/java/com/eviware/soapui/impl/wsdl/panels/teststeps/ManualTestStepPanelBuilder.java" shared="false" uninstallMode="0"/>
<entry name="lib/groovy-test-junit5-3.0.19.jar" shared="false" uninstallMode="0"/>
<entry name="source/main/resources/com/eviware/soapui/resources/images/get_method.png" shared="false" uninstallMode="0"/>
<entry name="lib/commons-beanutils-1.9.4.jar" shared="false" uninstallMode="0"/>
<entry name="source/test/java/com/eviware/soapui/impl/wsdl/teststeps/assertions/XPathContainsAssertionTest.java" shared="false" uninstallMode="0"/>
<entry name="source/test/resources/test6/wsdls/xsds/testservice1.xsd" shared="false" uninstallMode="0"/>
<entry name="source/main/resources/com/eviware/soapui/resources/images/rename.gif" shared="false" uninstallMode="0"/>
<entry name="source/main/java/com/eviware/soapui/impl/wsdl/loadtest/data/LoadTestStepSample.java" shared="false" uninstallMode="0"/>
<entry name="source/main/java/com/eviware/soapui/support/action/SoapUIActionGroup.java" shared="false" uninstallMode="0"/>
<entry name="source/main/resources/com/eviware/soapui/resources/images/project.png" shared="false" uninstallMode="0"/>
<entry name="jre/legal/java.scripting/LICENSE" shared="false" uninstallMode="3"/>
<entry name="source/main/java/com/eviware/soapui/impl/wsdl/loadtest/strategy/AbstractLoadStrategy.java" shared="false" uninstallMode="0"/>
<entry name="source/main/resources/com/eviware/soapui/impl/rest/actions/mock/Bundle.properties" shared="false" uninstallMode="0"/>
<entry name="source/main/resources/com/eviware/soapui/impl/rest/mock/dispatching-script-sample.groovy" shared="false" uninstallMode="0"/>
<entry name="source/main/java/org/syntax/jedit/KeywordMap.java" shared="false" uninstallMode="0"/>
<entry name="source/main/java/com/eviware/soapui/support/action/swing/ActionListBuilder.java" shared="false" uninstallMode="0"/>
<entry name="jre/legal/java.xml/ADDITIONAL_LICENSE_INFO" shared="false" uninstallMode="3"/>
<entry name="lib/groovy-ant-3.0.19.jar" shared="false" uninstallMode="0"/>
<entry name="source/main/java/com/eviware/soapui/settings/HttpSettings.java" shared="false" uninstallMode="0"/>
<entry name="tempHermes/hermesInstall.sh" shared="false" uninstallMode="0"/>
<entry name="source/main/resources/com/eviware/soapui/resources/images/bullet_red.png" shared="false" uninstallMode="0"/>
<entry name="source/main/java/com/eviware/soapui/impl/rest/panels/request/views/content/RestTestRequestContentView.java" shared="false" uninstallMode="0"/>
<entry name="source/main/java/com/eviware/soapui/impl/wsdl/panels/project/WsdlProjectTestSuitesTabPanel.java" shared="false" uninstallMode="0"/>
<entry name="source/main/java/com/eviware/soapui/impl/wsdl/submit/RequestTransportFactory.java" shared="false" uninstallMode="0"/>
<entry name="lib/groovy-testng-3.0.19.jar" shared="false" uninstallMode="0"/>
<entry name="jre/legal/java.management/ADDITIONAL_LICENSE_INFO" shared="false" uninstallMode="3"/>
<entry name="licences/not-going-to-be-common-ssl-LICENSE.txt" shared="false" uninstallMode="0"/>
<entry name="source/main/java/com/eviware/soapui/support/editor/EditorLocationListener.java" shared="false" uninstallMode="0"/>
<entry name="source/main/java/com/eviware/soapui/plugins/auto/factories/SimpleSoapUIFactory.java" shared="false" uninstallMode="0"/>
<entry name="source/main/resources/com/eviware/soapui/impl/rest/actions/resource/Bundle.properties" shared="false" uninstallMode="0"/>
<entry name="lib/google-http-client-1.21.0.jar" shared="false" uninstallMode="0"/>
<entry name="source/main/java/com/eviware/soapui/impl/wsdl/submit/transports/http/support/attachments/HttpRequestMimeMessageRequestEntity.java" shared="false" uninstallMode="0"/>
<entry name="lib/xmlbeans-xpath-2.6.0.jar" shared="false" uninstallMode="0"/>
<entry name="source/test/java/com/eviware/soapui/plugins/PluginLoaderTest.java" shared="false" uninstallMode="0"/>
<entry name="source/main/java/com/eviware/soapui/impl/wsdl/teststeps/PropertyTransferException.java" shared="false" uninstallMode="0"/>
<entry name="source/main/java/com/eviware/soapui/model/testsuite/ProjectRunListener.java" shared="false" uninstallMode="0"/>
<entry name="source/main/java/com/eviware/soapui/support/dnd/handlers/TestSuiteToTestSuiteDropHandler.java" shared="false" uninstallMode="0"/>
<entry name="jre/conf/security/java.policy" shared="false" uninstallMode="3"/>
<entry name="source/main/java/com/eviware/soapui/support/components/StringListFormComponent.java" shared="false" uninstallMode="0"/>
<entry name="source/main/java/com/eviware/soapui/actions/XQueryXPathTesterAction.java" shared="false" uninstallMode="0"/>
<entry name="lib/htmlunit-2.7.jar" shared="false" uninstallMode="0"/>
<entry name="source/main/java/com/eviware/soapui/impl/wsdl/teststeps/AbstractPathPropertySupport.java" shared="false" uninstallMode="0"/>
<entry name="source/main/java/com/eviware/soapui/security/boundary/AbstractBoundary.java" shared="false" uninstallMode="0"/>
<entry name="source/main/java/com/eviware/soapui/impl/wsdl/submit/transports/jms/HermesJmsRequestPublishReceiveTransport.java" shared="false" uninstallMode="0"/>
<entry name="source/main/java/com/eviware/soapui/impl/wsdl/teststeps/assertions/ResponseAssertion.java" shared="false" uninstallMode="0"/>
<entry name="source/main/java/com/smartbear/swagger/Swagger2Importer.java" shared="false" uninstallMode="0"/>
<entry name="source/main/java/com/eviware/soapui/impl/wsdl/actions/request/RecreateRequestAction.java" shared="false" uninstallMode="0"/>
<entry name="source/main/java/com/eviware/soapui/settings/impl/package.html" shared="false" uninstallMode="0"/>
<entry name="source/main/resources/com/eviware/soapui/resources/report/coverage-frames.html" shared="false" uninstallMode="0"/>
<entry name="source/main/java/com/eviware/soapui/impl/wsdl/actions/project/SaveProjectAsAction.java" shared="false" uninstallMode="0"/>
<entry name="source/main/resources/com/eviware/soapui/resources/images/soap_virt_6.png" shared="false" uninstallMode="0"/>
<entry name="jre/lib/libawt_headless.so" shared="false" uninstallMode="3"/>
<entry name="source/main/java/com/eviware/soapui/impl/rest/actions/oauth/OAuth1ClientFacade.java" shared="false" uninstallMode="0"/>
<entry name="source/main/java/com/eviware/soapui/impl/rest/actions/oauth/JavaScriptValidator.java" shared="false" uninstallMode="0"/>
<entry name="lib/okio-jvm-3.0.0.jar" shared="false" uninstallMode="0"/>
<entry name="lib/jersey-server-2.29.1.jar" shared="false" uninstallMode="0"/>
<entry name="source/main/java/com/eviware/soapui/security/scan/PropertyMutation.java" shared="false" uninstallMode="0"/>
<entry name="lib/json-schema-core-1.2.8.jar" shared="false" uninstallMode="0"/>
<entry name="source/main/java/com/eviware/soapui/impl/support/definition/export/WsdlDefinitionExporter.java" shared="false" uninstallMode="0"/>
<entry name="source/main/java/com/eviware/soapui/impl/wsdl/teststeps/WsdlTestMockService.java" shared="false" uninstallMode="0"/>
<entry name="source/main/java/com/eviware/soapui/settings/ProjectSettings.java" shared="false" uninstallMode="0"/>
<entry name="jre/lib/libjawt.so" shared="false" uninstallMode="3"/>
<entry name="source/main/java/com/eviware/soapui/impl/rest/actions/service/NewRestResourceAction.java" shared="false" uninstallMode="0"/>
<entry name="source/main/java/com/eviware/soapui/impl/wsdl/panels/teststeps/amf/AMFRequest.java" shared="false" uninstallMode="0"/>
<entry name="source/main/resources/com/eviware/soapui/resources/images/datasource_step.png" shared="false" uninstallMode="0"/>
<entry name="source/main/java/com/eviware/soapui/support/components/TestStepComboBoxModel.java" shared="false" uninstallMode="0"/>
<entry name=".install4j/i4j_extf_1_hs6ad0_19a6rok.png" shared="false" uninstallMode="2"/>
<entry name="source/main/resources/com/eviware/soapui/resources/images/purge_method.png" shared="false" uninstallMode="0"/>
<entry name="source/main/java/com/eviware/soapui/support/components/Undoable.java" shared="false" uninstallMode="0"/>
<entry name="source/main/java/com/eviware/soapui/support/swing/SwingUtils.java" shared="false" uninstallMode="0"/>
<entry name="source/main/resources/com/eviware/soapui/resources/images/onewaymockoperation.gif" shared="false" uninstallMode="0"/>
<entry name="jre/conf/security/policy/limited/default_local.policy" shared="false" uninstallMode="3"/>
<entry name="jre/legal/jdk.net/ADDITIONAL_LICENSE_INFO" shared="false" uninstallMode="3"/>
<entry name="source/main/java/com/eviware/soapui/impl/wsdl/loadtest/LoadTestListener.java" shared="false" uninstallMode="0"/>
<entry name="source/main/java/com/eviware/soapui/impl/actions/NewWsdlProjectAction.java" shared="false" uninstallMode="0"/>
<entry name="source/main/java/com/eviware/soapui/impl/wsdl/actions/support/ShowDesktopPanelAction.java" shared="false" uninstallMode="0"/>
<entry name="source/main/resources/starter-page/starter-page.html" shared="false" uninstallMode="0"/>
<entry name="source/main/java/com/eviware/soapui/model/tree/package.html" shared="false" uninstallMode="0"/>
<entry name="lib/mailapi-1.4.3.jar" shared="false" uninstallMode="0"/>
<entry name="source/main/java/com/eviware/soapui/tools/JarPackager.java" shared="false" uninstallMode="0"/>
<entry name="source/main/resources/com/eviware/soapui/resources/images/unknown_amf_request.gif" shared="false" uninstallMode="0"/>
<entry name="source/main/java/com/eviware/soapui/impl/wsdl/support/wsa/WsaConfig.java" shared="false" uninstallMode="0"/>
<entry name="source/main/java/com/eviware/soapui/impl/wsdl/support/wsa/WsaContainer.java" shared="false" uninstallMode="0"/>
<entry name="source/main/resources/com/eviware/soapui/resources/images/unknown_securitytest.gif" shared="false" uninstallMode="0"/>
<entry name="source/main/resources/com/eviware/soapui/resources/images/reset_loadtest.gif" shared="false" uninstallMode="0"/>
<entry name="source/main/java/com/eviware/soapui/model/settings/package.html" shared="false" uninstallMode="0"/>
<entry name="source/main/java/com/eviware/soapui/plugins/UsePluginClassloader.java" shared="false" uninstallMode="0"/>
<entry name="source/main/resources/com/eviware/soapui/resources/images/disabled_rest_request.gif" shared="false" uninstallMode="0"/>
<entry name="source/main/java/com/eviware/soapui/impl/wsdl/panels/support/MockProjectRunner.java" shared="false" uninstallMode="0"/>
<entry name="source/test/java/com/eviware/soapui/support/ToolsTestCase.java" shared="false" uninstallMode="0"/>
<entry name="source/main/java/com/eviware/soapui/impl/wsdl/panels/teststeps/ManualTestStepDesktopPanel.java" shared="false" uninstallMode="0"/>
<entry name="jre/legal/jdk.security.auth/ADDITIONAL_LICENSE_INFO" shared="false" uninstallMode="3"/>
<entry name="source/main/resources/com/eviware/soapui/resources/images/disabledProject.gif" shared="false" uninstallMode="0"/>
<entry name="licences/xstream-LICENSE.txt" shared="false" uninstallMode="0"/>
<entry name="source/main/java/com/eviware/x/form/support/ADialogBuilder.java" shared="false" uninstallMode="0"/>
<entry name="source/main/resources/com/eviware/soapui/impl/rest/actions/oauth/Bundle.properties" shared="false" uninstallMode="0"/>
<entry name="source/main/java/com/eviware/soapui/impl/wsdl/actions/iface/RemoveInterfaceAction.java" shared="false" uninstallMode="0"/>
<entry name="source/main/java/com/eviware/soapui/impl/wsdl/WsdlProjectFactory.java" shared="false" uninstallMode="0"/>
<entry name="source/demo/soapui/demo/DemoListener.java" shared="false" uninstallMode="0"/>
<entry name="source/main/java/com/eviware/soapui/impl/wsdl/actions/testcase/WsdlTestCaseSoapUIActionGroup.java" shared="false" uninstallMode="0"/>
<entry name="source/main/java/com/eviware/soapui/support/components/DisabledWebViewBasedBrowserComponent.java" shared="false" uninstallMode="0"/>
<entry name="source/main/resources/com/eviware/soapui/explorer/css/jquery-ui.structure.css" shared="false" uninstallMode="0"/>
<entry name="source/main/java/org/syntax/jedit/package.html" shared="false" uninstallMode="0"/>
<entry name="lib/swagger-jaxrs-1.6.0.jar" shared="false" uninstallMode="0"/>
<entry name="source/main/java/com/eviware/soapui/impl/wsdl/loadtest/assertions/package.html" shared="false" uninstallMode="0"/>
<entry name="source/main/resources/com/eviware/soapui/resources/images/coverage.gif" shared="false" uninstallMode="0"/>
<entry name="source/test/java/com/eviware/soapui/impl/support/HttpUtilsTest.java~" shared="false" uninstallMode="0"/>
<entry name="source/main/java/com/eviware/soapui/support/editor/inspectors/auth/BasicAuthenticationForm.java" shared="false" uninstallMode="0"/>
<entry name="source/main/resources/com/eviware/soapui/resources/images/property_transfer_step.png" shared="false" uninstallMode="0"/>
<entry name="source/test/resources/soapui-latest-version.xml" shared="false" uninstallMode="0"/>
<entry name="lib/jaxb-impl-2.1.17.jar" shared="false" uninstallMode="0"/>
<entry name="source/main/java/com/eviware/soapui/impl/wsdl/panels/request/actions/WSIValidateRequestAction.java" shared="false" uninstallMode="0"/>
<entry name="source/main/java/com/eviware/soapui/model/tree/nodes/OperationTreeNode.java" shared="false" uninstallMode="0"/>
<entry name="source/main/java/com/eviware/soapui/impl/rest/panels/mock/RestMockResponseDesktopPanel.java" shared="false" uninstallMode="0"/>
<entry name="source/main/java/com/eviware/soapui/plugins/UninstallablePlugin.java" shared="false" uninstallMode="0"/>
<entry name="jre/legal/jdk.management.agent/LICENSE" shared="false" uninstallMode="3"/>
<entry name="lib/jackson-module-jaxb-annotations-2.10.1.jar" shared="false" uninstallMode="0"/>
<entry name="source/main/resources/com/eviware/soapui/resources/images/jdbc_request_3.png" shared="false" uninstallMode="0"/>
<entry name="source/test/java/com/eviware/soapui/support/ModelItemNamerTest.java" shared="false" uninstallMode="0"/>
<entry name="source/main/java/com/eviware/soapui/model/support/AnimatableItem.java" shared="false" uninstallMode="0"/>
<entry name="source/main/java/com/eviware/soapui/security/boundary/EnumerationValuesExtractor.java" shared="false" uninstallMode="0"/>
<entry name="source/main/java/com/eviware/soapui/impl/wsdl/mock/dispatch/ScriptMockOperationDispatcher.java" shared="false" uninstallMode="0"/>
<entry name="source/main/java/com/eviware/soapui/impl/wsdl/teststeps/assertions/basic/AbstractXmlContainsAssertion.java" shared="false" uninstallMode="0"/>
<entry name="source/test/java/com/eviware/soapui/impl/rest/panels/resource/RestParamsTableModelColumnsNamesAndTypesUnitTest.java" shared="false" uninstallMode="0"/>
<entry name="source/main/java/com/eviware/soapui/model/support/TestPropertyUtils.java" shared="false" uninstallMode="0"/>
<entry name="source/main/java/com/eviware/soapui/impl/wsdl/panels/teststeps/support/MovePropertyDownAction.java" shared="false" uninstallMode="0"/>
<entry name="source/main/java/com/eviware/soapui/impl/wsdl/submit/transports/http/support/methods/ExtendedOptionsMethod.java" shared="false" uninstallMode="0"/>
<entry name="lib/swagger-annotations-1.6.2.jar" shared="false" uninstallMode="0"/>
<entry name="source/main/java/com/eviware/soapui/impl/wsdl/panels/teststeps/PropertiesStepDesktopPanel.java" shared="false" uninstallMode="0"/>
<entry name="source/main/java/com/eviware/soapui/impl/wsdl/support/HelpUrls.java" shared="false" uninstallMode="0"/>
<entry name="lib/jakarta.validation-api-2.0.2.jar" shared="false" uninstallMode="0"/>
<entry name="source/main/resources/com/eviware/soapui/explorer/css/jquery-ui.theme.css" shared="false" uninstallMode="0"/>
<entry name="source/main/java/com/eviware/soapui/impl/wsdl/support/jms/header/JMSHeaderContainerImpl.java" shared="false" uninstallMode="0"/>
<entry name="source/main/resources/com/eviware/soapui/resources/images/loop.png" shared="false" uninstallMode="0"/>
<entry name="source/main/java/com/eviware/soapui/package.html" shared="false" uninstallMode="0"/>
<entry name="lib/opentest4j-1.2.0.jar" shared="false" uninstallMode="0"/>
<entry name="source/main/java/com/eviware/soapui/support/swing/GradientPanel.java" shared="false" uninstallMode="0"/>
<entry name="source/main/resources/com/eviware/soapui/resources/images/validate_request.gif" shared="false" uninstallMode="0"/>
<entry name="source/main/java/com/eviware/soapui/impl/wsdl/panels/mockoperation/WsdlMockResponsePanelBuilder.java" shared="false" uninstallMode="0"/>
<entry name="source/main/java/com/eviware/soapui/impl/wsdl/support/wss/WssContainerListener.java" shared="false" uninstallMode="0"/>
<entry name="source/main/resources/com/eviware/soapui/resources/images/set_properties_source.gif" shared="false" uninstallMode="0"/>
<entry name="source/main/java/com/eviware/soapui/model/testsuite/AssertedXPath.java" shared="false" uninstallMode="0"/>
<entry name="SECURITY.md" shared="false" uninstallMode="0"/>
<entry name="source/main/java/com/eviware/soapui/impl/wsdl/actions/iface/CreateWsdlDocumentationAction.java" shared="false" uninstallMode="0"/>
<entry name="source/main/java/com/eviware/soapui/impl/wsdl/panels/teststeps/support/DefaultPropertyHolderTableModel.java" shared="false" uninstallMode="0"/>
<entry name="source/main/java/com/eviware/soapui/impl/rest/panels/request/views/content/GraphQLRequestContentView.java" shared="false" uninstallMode="0"/>
<entry name="source/main/java/com/eviware/soapui/impl/wsdl/panels/teststeps/support/NamedParameterStatement.java" shared="false" uninstallMode="0"/>
<entry name="source/main/java/com/eviware/soapui/support/swing/AutoscrollSupport.java" shared="false" uninstallMode="0"/>
<entry name="source/main/java/com/eviware/soapui/support/ModelItemPropertyEditorModel.java" shared="false" uninstallMode="0"/>
<entry name="source/main/java/com/eviware/soapui/impl/wsdl/support/MockFileAttachment.java" shared="false" uninstallMode="0"/>
<entry name="source/main/java/com/eviware/soapui/plugins/PluginDependencyResolver.java" shared="false" uninstallMode="0"/>
<entry name="source/main/java/com/eviware/soapui/impl/wsdl/submit/filters/OAuth2RequestFilter.java" shared="false" uninstallMode="0"/>
<entry name="source/main/java/com/eviware/soapui/report/JUnitReport.java" shared="false" uninstallMode="0"/>
<entry name="source/main/java/com/eviware/soapui/impl/wsdl/mock/DispatchException.java" shared="false" uninstallMode="0"/>
<entry name="source/main/java/com/eviware/soapui/impl/wsdl/loadtest/strategy/LoadStrategyFactory.java" shared="false" uninstallMode="0"/>
<entry name="source/main/java/com/eviware/soapui/impl/wsdl/panels/teststeps/package.html" shared="false" uninstallMode="0"/>
<entry name=".install4j/i4j_extf_8_hs6ad0_18gg8kx_dark.png" shared="false" uninstallMode="2"/>
<entry name="source/main/java/com/eviware/soapui/impl/wsdl/support/http/SoapUILoggingInputStream.java" shared="false" uninstallMode="0"/>
<entry name="source/main/resources/com/eviware/soapui/resources/images/Trial_16-16.png" shared="false" uninstallMode="0"/>
<entry name="source/main/java/com/eviware/soapui/impl/wsdl/loadtest/strategy/LoadStrategy.java" shared="false" uninstallMode="0"/>
<entry name="source/main/java/com/eviware/soapui/impl/wsdl/panels/teststeps/JdbcSubmit.java" shared="false" uninstallMode="0"/>
<entry name="jre/conf/security/policy/limited/default_US_export.policy" shared="false" uninstallMode="3"/>
<entry name="source/main/xsd/wsi/swaref.xsd" shared="false" uninstallMode="0"/>
<entry name="source/main/java/com/eviware/soapui/actions/SoapUIPreferencesAction.java" shared="false" uninstallMode="0"/>
<entry name="source/test/java/com/eviware/soapui/monitor/JettyMockEngineTest.java" shared="false" uninstallMode="0"/>
<entry name="source/main/java/com/eviware/soapui/impl/wsdl/actions/project/AddNewRestMockServiceAction.java" shared="false" uninstallMode="0"/>
<entry name="source/main/java/com/eviware/soapui/impl/wsdl/teststeps/assertions/soap/SoapRequestAssertion.java" shared="false" uninstallMode="0"/>
<entry name="source/main/java/com/eviware/soapui/impl/wsdl/panels/teststeps/MockResponseStepPanelBuilder.java" shared="false" uninstallMode="0"/>
<entry name="source/main/java/com/eviware/soapui/impl/rest/panels/request/inspectors/schema/InferredSchemaManager.java" shared="false" uninstallMode="0"/>
<entry name="/home/labuser/SoapUI-Tutorials/WSDL-WADL/sample-service.wadl" shared="false" uninstallMode="0"/>
<entry name="source/main/java/com/eviware/soapui/impl/wsdl/submit/transports/http/support/metrics/NanoStopwatch.java" shared="false" uninstallMode="0"/>
<entry name="licences/xmlbeans-LICENSE.txt" shared="false" uninstallMode="0"/>
<entry name="source/main/java/com/eviware/soapui/impl/wsdl/teststeps/WsdlMessageAssertion.java" shared="false" uninstallMode="0"/>
<entry name="source/main/java/com/eviware/soapui/support/SoapUIException.java" shared="false" uninstallMode="0"/>
<entry name="source/main/resources/com/eviware/soapui/resources/images/SoapUI-OS_48-48.png" shared="false" uninstallMode="0"/>
<entry name="jre/legal/jdk.internal.le/LICENSE" shared="false" uninstallMode="3"/>
<entry name="jre/legal/java.desktop/lcms.md" shared="false" uninstallMode="3"/>
<entry name="source/main/java/com/eviware/soapui/impl/wsdl/teststeps/assertions/basic/XPathContainsAssertion.java" shared="false" uninstallMode="0"/>
<entry name="source/main/java/com/eviware/soapui/security/registry/AbstractSecurityScanFactory.java" shared="false" uninstallMode="0"/>
<entry name="source/main/java/com/eviware/soapui/support/components/JUndoableTextField.java" shared="false" uninstallMode="0"/>
<entry name="source/main/java/com/eviware/soapui/impl/wsdl/loadtest/data/actions/ExportSamplesHistoryAction.java" shared="false" uninstallMode="0"/>
<entry name="source/main/java/com/eviware/soapui/impl/wsdl/actions/iface/tools/support/ShowConfigFileAction.java" shared="false" uninstallMode="0"/>
<entry name="source/main/java/com/eviware/soapui/support/editor/inspectors/auth/AbstractAuthenticationForm.java" shared="false" uninstallMode="0"/>
<entry name="source/main/java/com/eviware/soapui/impl/wsdl/actions/project/OpenAndDecryptProjectAction.java" shared="false" uninstallMode="0"/>
<entry name="source/main/java/com/eviware/soapui/impl/wsdl/support/jms/header/JMSHeaderConfig.java" shared="false" uninstallMode="0"/>
<entry name="source/main/java/com/eviware/soapui/model/testsuite/TestProperty.java" shared="false" uninstallMode="0"/>
<entry name="source/main/java/com/eviware/soapui/model/testsuite/AssertionException.java" shared="false" uninstallMode="0"/>
<entry name="source/test/resources/com/eviware/soapui/plugins/bare-plugin.jar" shared="false" uninstallMode="0"/>
<entry name="source/test/resources/jmsservice.wsdl" shared="false" uninstallMode="0"/>
<entry name="source/main/java/com/eviware/soapui/impl/actions/LabeledItem.java" shared="false" uninstallMode="0"/>
<entry name="source/main/java/org/apache/http/localserver/BasicServerTestBase.java" shared="false" uninstallMode="0"/>
<entry name="source/main/java/com/eviware/soapui/security/result/SecurityScanRequestResult.java" shared="false" uninstallMode="0"/>
<entry name="source/main/java/com/eviware/soapui/impl/wsdl/support/http/AuthenticationException.java" shared="false" uninstallMode="0"/>
<entry name="source/main/java/com/eviware/soapui/model/tree/nodes/RequestTreeNode.java" shared="false" uninstallMode="0"/>
<entry name="source/main/java/com/eviware/soapui/impl/wsdl/submit/transports/jms/util/HermesUtils.java" shared="false" uninstallMode="0"/>
<entry name="jre/legal/jdk.accessibility/ADDITIONAL_LICENSE_INFO" shared="false" uninstallMode="3"/>
<entry name="source/main/java/com/eviware/soapui/impl/wsdl/actions/iface/UpdateInterfaceAction.java" shared="false" uninstallMode="0"/>
<entry name="source/main/java/com/eviware/soapui/model/iface/Submit.java" shared="false" uninstallMode="0"/>
<entry name="source/main/java/com/eviware/soapui/support/JsonPathFacade.java" shared="false" uninstallMode="0"/>
<entry name="source/main/java/com/eviware/soapui/analytics/UniqueUserIdentifier.java" shared="false" uninstallMode="0"/>
<entry name="source/main/java/com/eviware/soapui/support/scripting/groovy/package.html" shared="false" uninstallMode="0"/>
<entry name="lib/jsr305-1.3.9.jar" shared="false" uninstallMode="0"/>
<entry name="source/main/java/com/eviware/soapui/model/security/SecurityScanParameterHolderListener.java" shared="false" uninstallMode="0"/>
<entry name="source/main/java/org/apache/commons/httpclient/NameValuePair.java" shared="false" uninstallMode="0"/>
<entry name="source/main/java/com/eviware/soapui/impl/wsdl/submit/transports/http/support/attachments/MimeMessageResponse.java" shared="false" uninstallMode="0"/>
<entry name="source/main/java/com/eviware/soapui/model/testsuite/AssertionsListener.java" shared="false" uninstallMode="0"/>
<entry name="source/main/java/com/eviware/soapui/impl/wsdl/teststeps/WsdlSingleMessageExchangeTestStepResult.java" shared="false" uninstallMode="0"/>
<entry name="source/main/java/com/eviware/soapui/model/tree/nodes/PropertiesModelItem.java" shared="false" uninstallMode="0"/>
<entry name="jre/man/man1/rmiregistry.1" shared="false" uninstallMode="3"/>
<entry name="source/main/java/org/syntax/jedit/tokenmarker/ShellScriptTokenMarker.java" shared="false" uninstallMode="0"/>
<entry name="source/main/resources/com/eviware/soapui/resources/images/remove_environment.gif" shared="false" uninstallMode="0"/>
<entry name="source/main/resources/com/eviware/soapui/resources/images/remove_security_scan.gif" shared="false" uninstallMode="0"/>
<entry name="source/main/java/com/eviware/soapui/support/action/support/StandaloneActionMapping.java" shared="false" uninstallMode="0"/>
<entry name="jre/lib/libzip.so" shared="false" uninstallMode="3"/>
<entry name="source/main/java/com/eviware/soapui/impl/wsdl/teststeps/assertions/json/JsonPathRegExAssertion.java" shared="false" uninstallMode="0"/>
<entry name="source/main/resources/com/eviware/soapui/resources/images/unknown_rest_request.gif" shared="false" uninstallMode="0"/>
<entry name="source/main/java/com/eviware/soapui/impl/wsdl/actions/project/ResolveProjectAction.java" shared="false" uninstallMode="0"/>
<entry name="source/main/java/com/eviware/soapui/settings/AssertionDescriptionSettings.java" shared="false" uninstallMode="0"/>
<entry name="source/main/java/com/eviware/soapui/model/iface/TypedContent.java" shared="false" uninstallMode="0"/>
<entry name="source/main/java/com/eviware/soapui/support/StringUtils.java" shared="false" uninstallMode="0"/>
<entry name="source/main/java/com/eviware/soapui/support/AbstractPropertyChangeNotifier.java" shared="false" uninstallMode="0"/>
<entry name="source/main/java/com/eviware/soapui/impl/wsdl/actions/project/AddNewMockServiceAction.java" shared="false" uninstallMode="0"/>
<entry name="source/main/java/com/eviware/soapui/impl/wsdl/submit/filters/WsaRequestFilter.java" shared="false" uninstallMode="0"/>
<entry name="source/main/java/com/eviware/soapui/impl/wsdl/submit/transports/jms/JMSEndpoint.java" shared="false" uninstallMode="0"/>
<entry name="source/main/resources/com/eviware/soapui/resources/images/pop-down-close.png" shared="false" uninstallMode="0"/>
<entry name="source/main/java/com/eviware/soapui/impl/wsdl/submit/transports/http/support/attachments/MultipartMessageSupport.java" shared="false" uninstallMode="0"/>
<entry name="source/main/java/com/eviware/soapui/impl/wsdl/actions/iface/tools/wscompile/package.html" shared="false" uninstallMode="0"/>
<entry name="source/test/java/com/eviware/soapui/impl/wsdl/mock/WsdlMockResponseWithAttachmentTest.java" shared="false" uninstallMode="0"/>
<entry name="source/main/java/com/eviware/soapui/impl/rest/RestResourceContainer.java" shared="false" uninstallMode="0"/>
<entry name="source/main/java/com/eviware/soapui/report/SubReport.java" shared="false" uninstallMode="0"/>
<entry name="jre/legal/jdk.localedata/LICENSE" shared="false" uninstallMode="3"/>
<entry name="source/main/java/com/eviware/soapui/impl/wsdl/teststeps/ManualTestStepResult.java" shared="false" uninstallMode="0"/>
<entry name="source/main/java/com/eviware/soapui/plugins/auto/AutoFactory.java" shared="false" uninstallMode="0"/>
<entry name="source/main/java/com/eviware/soapui/model/support/ProjectMetrics.java" shared="false" uninstallMode="0"/>
<entry name="source/main/java/com/eviware/soapui/support/editor/inspectors/auth/OAuth2ScriptsDesktopPanel.java" shared="false" uninstallMode="0"/>
<entry name="source/main/java/com/eviware/soapui/model/tree/nodes/support/package.html" shared="false" uninstallMode="0"/>
<entry name="source/main/java/com/eviware/soapui/security/actions/CloneParametersAction.java" shared="false" uninstallMode="0"/>
<entry name="source/main/java/com/eviware/soapui/impl/wsdl/panels/mockoperation/MockResponseXmlDocument.java" shared="false" uninstallMode="0"/>
<entry name="source/main/java/org/apache/http/localserver/RequestBasicAuth.java" shared="false" uninstallMode="0"/>
<entry name="source/main/java/com/eviware/soapui/impl/wsdl/actions/testsuite/ExportTestSuiteAction.java" shared="false" uninstallMode="0"/>
<entry name="source/main/resources/com/eviware/soapui/resources/images/openEncryptedProject.gif" shared="false" uninstallMode="0"/>
<entry name="source/main/java/com/eviware/soapui/model/propertyexpansion/resolvers/PropertyResolverFactory.java" shared="false" uninstallMode="0"/>
<entry name="source/main/java/com/eviware/soapui/model/iface/Response.java" shared="false" uninstallMode="0"/>
<entry name="source/main/java/com/eviware/soapui/impl/wsdl/teststeps/assertions/ProAssertionPlaceHolderFactory.java" shared="false" uninstallMode="0"/>
<entry name="source/main/java/com/eviware/soapui/impl/wsdl/actions/request/AbstractAddRequestToTestCaseAction.java" shared="false" uninstallMode="0"/>
<entry name="jre/bin/server/classes.jsa" shared="false" uninstallMode="0"/>
<entry name="lib/javafx-base-17.0.12-linux.jar" shared="false" uninstallMode="0"/>
<entry name="lib/junit-platform-launcher-1.9.2.jar" shared="false" uninstallMode="0"/>
<entry name="source/test/java/com/eviware/soapui/utils/SwingMatchers.java" shared="false" uninstallMode="0"/>
<entry name="source/main/java/com/eviware/soapui/impl/support/components/ResponseXmlDocument.java" shared="false" uninstallMode="0"/>
<entry name="jre/bin/jrunscript" shared="false" uninstallMode="3"/>
<entry name=".install4j/i4jruntime.jar" shared="false" uninstallMode="2"/>
<entry name="source/main/java/com/eviware/soapui/impl/rest/panels/request/inspectors/schema/InferredSchemaInspectorFactory.java" shared="false" uninstallMode="0"/>
<entry name="source/main/java/com/eviware/soapui/plugins/FactoryConfiguration.java" shared="false" uninstallMode="0"/>
<entry name="source/main/resources/com/eviware/soapui/resources/images/jdbcrequest.gif" shared="false" uninstallMode="0"/>
<entry name="source/main/java/com/eviware/soapui/impl/wsdl/panels/teststeps/WsdlRunTestCaseStepDesktopPanel.java" shared="false" uninstallMode="0"/>
<entry name="source/test/java/com/eviware/soapui/utils/MockedServlet.java" shared="false" uninstallMode="0"/>
<entry name="source/main/java/com/eviware/soapui/security/assertion/SensitiveInfoExposureAssertion.java" shared="false" uninstallMode="0"/>
<entry name="source/main/java/com/eviware/soapui/support/dnd/handlers/RequestToMockOperationDropHandler.java" shared="false" uninstallMode="0"/>
<entry name="source/main/java/com/eviware/soapui/security/panels/TestStepNode.java" shared="false" uninstallMode="0"/>
<entry name="source/main/java/com/eviware/soapui/impl/wsdl/submit/transports/http/support/attachments/BodyPartAttachment.java" shared="false" uninstallMode="0"/>
<entry name="source/main/java/com/eviware/soapui/impl/wsdl/teststeps/assertions/json/JsonPathContentAssertion.java" shared="false" uninstallMode="0"/>
<entry name="source/main/java/com/eviware/soapui/impl/wsdl/teststeps/TestRequest.java" shared="false" uninstallMode="0"/>
<entry name="jre/legal/jdk.attach/ASSEMBLY_EXCEPTION" shared="false" uninstallMode="3"/>
<entry name="source/test/java/com/eviware/soapui/support/ToolsTest.java" shared="false" uninstallMode="0"/>
<entry name="source/test/java/com/eviware/soapui/impl/wsdl/WsdlTestSuiteTest.java" shared="false" uninstallMode="0"/>
<entry name="lib/cssparser-0.9.5.jar" shared="false" uninstallMode="0"/>
<entry name="source/wstf/WSTF SC002 Scenario-soapui-project.xml" shared="false" uninstallMode="0"/>
<entry name="source/main/resources/com/eviware/soapui/resources/images/soap_virt_10.png" shared="false" uninstallMode="0"/>
<entry name="source/main/java/com/eviware/soapui/impl/wsdl/submit/transports/jms/HermesJmsRequestTransport.java" shared="false" uninstallMode="0"/>
<entry name="source/main/java/com/eviware/soapui/impl/wsdl/panels/testsuite/WsdlTestSuiteDesktopPanel.java" shared="false" uninstallMode="0"/>
<entry name="source/main/java/com/eviware/soapui/impl/wsdl/submit/transports/jms/HermesJmsRequestSendTransport.java" shared="false" uninstallMode="0"/>
<entry name="source/main/java/com/eviware/soapui/impl/wsdl/actions/iface/tools/support/NamespaceTable.java" shared="false" uninstallMode="0"/>
<entry name="source/main/java/com/eviware/soapui/impl/wsdl/teststeps/assertions/AssertionException.java" shared="false" uninstallMode="0"/>
<entry name="source/main/resources/com/eviware/soapui/resources/images/get_data_button.gif" shared="false" uninstallMode="0"/>
<entry name="source/main/xsd/policy/ws-addr-wsdl.xsd" shared="false" uninstallMode="0"/>
<entry name="lib/groovy-sql-3.0.19.jar" shared="false" uninstallMode="0"/>
<entry name="source/main/resources/com/eviware/soapui/resources/images/status_loadtest_assertion.png" shared="false" uninstallMode="0"/>
<entry name="jre/legal/java.se/ADDITIONAL_LICENSE_INFO" shared="false" uninstallMode="3"/>
<entry name="source/main/resources/com/eviware/soapui/resources/images/mockService_3.gif" shared="false" uninstallMode="0"/>
<entry name="jre/legal/jdk.security.auth/ASSEMBLY_EXCEPTION" shared="false" uninstallMode="3"/>
<entry name="source/main/java/com/eviware/soapui/impl/wsdl/support/jms/header/JMSHeaderContainer.java" shared="false" uninstallMode="0"/>
<entry name="source/main/java/com/eviware/soapui/impl/wsdl/support/http/OverridableProxySelectorRoutePlanner.java" shared="false" uninstallMode="0"/>
<entry name="source/main/java/com/eviware/soapui/impl/wsdl/monitor/jettyproxy/JettyServer.java" shared="false" uninstallMode="0"/>
<entry name="source/main/java/com/eviware/soapui/support/factory/SoapUIFactoryRegistry.java" shared="false" uninstallMode="0"/>
<entry name=".install4j/installation.log" shared="false" uninstallMode="0"/>
<entry name="source/main/java/com/eviware/soapui/support/editor/inspectors/wsa/AbstractWsaInspector.java" shared="false" uninstallMode="0"/>
<entry name="source/main/java/com/eviware/soapui/support/editor/EditorLocation.java" shared="false" uninstallMode="0"/>
<entry name="licences/graphql-java-LICENSE.txt" shared="false" uninstallMode="0"/>
<entry name="source/main/java/com/eviware/soapui/impl/wsdl/support/wss/saml/callback/SAML1CallbackHandler.java" shared="false" uninstallMode="0"/>
<entry name="source/main/java/com/eviware/soapui/impl/wsdl/support/MapTestPropertyHolder.java" shared="false" uninstallMode="0"/>
<entry name="source/test/java/com/eviware/soapui/impl/wsdl/teststeps/assertions/XQueryContainsTest.java" shared="false" uninstallMode="0"/>
<entry name="licences/forms-LICENSE.txt" shared="false" uninstallMode="0"/>
<entry name="source/main/resources/com/eviware/soapui/resources/images/mock_delete_method.gif" shared="false" uninstallMode="0"/>
<entry name="lib/xml-apis-2.9.1.jar" shared="false" uninstallMode="0"/>
<entry name="source/main/java/com/eviware/soapui/support/editor/inspectors/wsrm/WsrmPiggybackInspectorFactory.java" shared="false" uninstallMode="0"/>
<entry name=".install4j/i4j_extf_9_hs6ad0_ak6rht@2x.png" shared="false" uninstallMode="2"/>
<entry name="source/main/java/com/eviware/soapui/support/action/SoapUIActionMapping.java" shared="false" uninstallMode="0"/>
<entry name="source/main/xsd/j2ee/web-app_2_4.xsd" shared="false" uninstallMode="0"/>
<entry name="source/main/resources/com/eviware/soapui/resources/images/arrow_left.png" shared="false" uninstallMode="0"/>
<entry name="source/main/java/com/eviware/soapui/DefaultSoapUICore.java" shared="false" uninstallMode="0"/>
<entry name="lib/l2fprod-common-fontchooser-7.3.jar" shared="false" uninstallMode="0"/>
<entry name="source/main/java/com/eviware/soapui/model/project/SaveStatus.java" shared="false" uninstallMode="0"/>
<entry name="source/main/java/com/eviware/soapui/impl/rest/WadlGenerator.java" shared="false" uninstallMode="0"/>
<entry name="source/main/java/com/eviware/soapui/security/tools/InfiniteInputStream.java" shared="false" uninstallMode="0"/>
<entry name="source/main/java/com/eviware/soapui/model/testsuite/RenameableTestProperty.java" shared="false" uninstallMode="0"/>
<entry name="source/main/java/com/eviware/soapui/ui/navigator/state/NavigatorTreeExpanedListener.java" shared="false" uninstallMode="0"/>
<entry name="source/main/resources/com/eviware/soapui/resources/images/clone.gif" shared="false" uninstallMode="0"/>
<entry name="source/main/java/com/eviware/soapui/security/actions/DeleteSecurityTestAction.java" shared="false" uninstallMode="0"/>
<entry name="source/main/java/com/eviware/soapui/impl/wsdl/actions/mockresponse/AddMockResponseToTestCaseAction.java" shared="false" uninstallMode="0"/>
<entry name="source/main/java/com/eviware/soapui/support/dnd/SoapUIDragAndDropHandler.java" shared="false" uninstallMode="0"/>
<entry name="jre/lib/modules" shared="false" uninstallMode="3"/>
<entry name="source/main/java/com/eviware/soapui/impl/wsdl/actions/iface/tools/support/AbstractToolsAction.java" shared="false" uninstallMode="0"/>
<entry name="source/main/java/com/eviware/soapui/support/components/TestStepPropertyComboBoxModel.java" shared="false" uninstallMode="0"/>
<entry name="source/main/java/com/eviware/soapui/impl/wsdl/actions/request/RemoveAllOutgoingWSSFromRequestAction.java" shared="false" uninstallMode="0"/>
<entry name="source/main/java/com/eviware/soapui/impl/wsdl/support/wsrm/WsrmTestRunListener.java" shared="false" uninstallMode="0"/>
<entry name="source/main/java/com/eviware/soapui/security/ui/SecurityConfigurationDialog.java" shared="false" uninstallMode="0"/>
<entry name="source/test/java/com/eviware/soapui/impl/rest/actions/oauth/OltuOAuth2ClientFacadeTest.java" shared="false" uninstallMode="0"/>
<entry name="lib/guava-14.0.jar" shared="false" uninstallMode="0"/>
<entry name="source/main/java/com/eviware/soapui/impl/wsdl/support/AbstractExternalDependency.java" shared="false" uninstallMode="0"/>
<entry name="source/main/java/com/eviware/soapui/support/components/JDebugPropertiesTable.java" shared="false" uninstallMode="0"/>
<entry name="source/main/java/com/eviware/soapui/impl/wsdl/monitor/MonitorListenerAdapter.java" shared="false" uninstallMode="0"/>
<entry name="lib/groovy-cli-picocli-3.0.19.jar" shared="false" uninstallMode="0"/>
<entry name="source/main/java/com/eviware/soapui/impl/wadl/inference/schema/SchemaSystem.java" shared="false" uninstallMode="0"/>
<entry name="source/main/java/com/eviware/soapui/impl/wsdl/actions/iface/tools/jbossws/WSToolsWsdl2JavaAction.java" shared="false" uninstallMode="0"/>
<entry name="source/main/java/com/eviware/soapui/impl/wsdl/support/wsa/WsaUtils.java" shared="false" uninstallMode="0"/>
<entry name="source/main/java/com/eviware/soapui/impl/wsdl/support/wsdl/WsdlLoader.java" shared="false" uninstallMode="0"/>
<entry name="source/main/java/com/eviware/soapui/impl/wsdl/actions/iface/tools/xmlbeans/XmlBeans2Action.java" shared="false" uninstallMode="0"/>
<entry name="jre/legal/jdk.security.auth/LICENSE" shared="false" uninstallMode="3"/>
<entry name="licences/rhino-LICENSE.txt" shared="false" uninstallMode="0"/>
<entry name="source/main/resources/com/eviware/soapui/resources/images/invalid_jdbc_request_step.png" shared="false" uninstallMode="0"/>
<entry name="source/main/java/com/eviware/soapui/impl/wsdl/support/Configurable.java" shared="false" uninstallMode="0"/>
<entry name="source/main/java/com/eviware/soapui/impl/wsdl/teststeps/GraphQLRequestTestStepResult.java" shared="false" uninstallMode="0"/>
<entry name="source/main/java/com/eviware/soapui/support/dnd/JTreeDragAndDropable.java" shared="false" uninstallMode="0"/>
<entry name="source/main/java/com/eviware/x/impl/swing/JFormDialog.java" shared="false" uninstallMode="0"/>
<entry name="lib/converter-gson-2.9.0.jar" shared="false" uninstallMode="0"/>
<entry name="source/main/java/com/eviware/soapui/support/WeakPropertyChangeListener.java" shared="false" uninstallMode="0"/>
<entry name="source/main/resources/com/eviware/soapui/resources/images/restMockResponse.gif" shared="false" uninstallMode="0"/>
<entry name="source/test/java/com/eviware/soapui/impl/wsdl/support/wss/crypto/KeyMaterialWssCryptoTest.java" shared="false" uninstallMode="0"/>
<entry name="jre/legal/java.desktop/colorimaging.md" shared="false" uninstallMode="3"/>
<entry name="source/main/java/com/eviware/soapui/impl/wsdl/submit/filters/package.html" shared="false" uninstallMode="0"/>
<entry name="source/main/java/com/eviware/soapui/impl/wsdl/panels/loadtest/JLoadTestAssertionsTable.java" shared="false" uninstallMode="0"/>
<entry name="source/main/java/com/eviware/soapui/impl/rest/panels/request/TextPanelWithTopLabel.java" shared="false" uninstallMode="0"/>
<entry name="source/main/java/com/eviware/soapui/security/registry/CrossSiteScriptingScanFactory.java" shared="false" uninstallMode="0"/>
<entry name="source/main/java/com/eviware/soapui/support/editor/registry/ResponseInspectorFactory.java" shared="false" uninstallMode="0"/>
<entry name="source/main/java/com/eviware/soapui/impl/wsdl/support/wss/WssCryptoRegistry.java" shared="false" uninstallMode="0"/>
<entry name="source/main/java/com/eviware/soapui/analytics/SoapUIFeatures.java" shared="false" uninstallMode="0"/>
<entry name="source/main/java/com/eviware/soapui/impl/wsdl/submit/filters/EndpointStrategyRequestFilter.java" shared="false" uninstallMode="0"/>
<entry name="source/main/java/com/eviware/soapui/impl/wsdl/actions/iface/tools/soapui/TestSuiteTestRunnerAction.java" shared="false" uninstallMode="0"/>
<entry name="/home/labuser/SoapUI-Tutorials/popular-apis/Facebook-soapui-project.xml" shared="false" uninstallMode="0"/>
<entry name="source/main/java/com/eviware/soapui/impl/wsdl/submit/transports/http/ExtendedHttpMethod.java" shared="false" uninstallMode="0"/>
<entry name="source/main/resources/com/eviware/soapui/resources/images/help-browser.png" shared="false" uninstallMode="0"/>
<entry name="source/main/java/com/eviware/soapui/impl/wsdl/teststeps/WsdlRunTestCaseTestStep.java" shared="false" uninstallMode="0"/>
<entry name="source/main/java/com/eviware/soapui/impl/wsdl/actions/iface/package.html" shared="false" uninstallMode="0"/>
<entry name="source/main/java/com/eviware/soapui/impl/wsdl/WsdlSubmitContext.java" shared="false" uninstallMode="0"/>
<entry name="source/main/java/com/eviware/soapui/impl/wsdl/support/http/SoapUILoggingOutputStream.java" shared="false" uninstallMode="0"/>
<entry name="source/main/java/com/eviware/soapui/impl/wsdl/support/soap/SoapVersion.java" shared="false" uninstallMode="0"/>
<entry name="source/main/java/com/eviware/soapui/report/AbstractSubReportFactory.java" shared="false" uninstallMode="0"/>
<entry name="source/main/java/com/eviware/soapui/support/log/LogDisablingTestMonitorListener.java" shared="false" uninstallMode="0"/>
<entry name="source/main/java/com/eviware/soapui/support/package.html" shared="false" uninstallMode="0"/>
<entry name="source/main/resources/com/eviware/soapui/resources/images/exec_request_2.png" shared="false" uninstallMode="0"/>
<entry name="source/main/java/com/eviware/soapui/impl/wsdl/actions/iface/tools/oracle/OracleWsaGenProxyAction.java" shared="false" uninstallMode="0"/>
<entry name="source/main/java/com/eviware/soapui/impl/wsdl/panels/testcase/TestOnDemandPanel.java" shared="false" uninstallMode="0"/>
<entry name="source/main/resources/com/eviware/soapui/resources/images/add_property.gif" shared="false" uninstallMode="0"/>
<entry name="source/main/java/com/eviware/x/dialogs/XFileDialogs.java" shared="false" uninstallMode="0"/>
<entry name="source/main/java/com/eviware/soapui/impl/wsdl/submit/transports/http/support/methods/ExtendedHeadMethod.java" shared="false" uninstallMode="0"/>
<entry name="source/main/resources/com/eviware/soapui/resources/images/fuzzer_security_scan.gif" shared="false" uninstallMode="0"/>
<entry name="source/main/java/com/eviware/soapui/impl/wsdl/actions/teststep/ToggleDisableTestStepAction.java" shared="false" uninstallMode="0"/>
<entry name="source/main/java/com/eviware/soapui/support/resolver/ImportInterfaceResolver.java" shared="false" uninstallMode="0"/>
<entry name="source/main/java/com/eviware/soapui/impl/wsdl/support/wss/entries/WssEntryBase.java" shared="false" uninstallMode="0"/>
<entry name="source/main/java/com/eviware/soapui/analytics/AnalyticsHelper.java" shared="false" uninstallMode="0"/>
<entry name="source/main/java/com/eviware/soapui/impl/actions/NewEmptyProjectAction.java" shared="false" uninstallMode="0"/>
<entry name="source/test/resources/com/eviware/soapui/plugins/plugin-example-1.0.jar" shared="false" uninstallMode="0"/>
<entry name="source/main/resources/com/eviware/soapui/resources/images/soap_request_5.png" shared="false" uninstallMode="0"/>
<entry name="source/main/java/com/eviware/soapui/impl/wsdl/actions/loadtest/RenameLoadTestAction.java" shared="false" uninstallMode="0"/>
<entry name="source/main/java/com/eviware/soapui/model/ModelImplementation.java" shared="false" uninstallMode="0"/>
<entry name="source/main/resources/com/eviware/soapui/resources/images/xpath_injection_scan.gif" shared="false" uninstallMode="0"/>
<entry name="source/test/java/com/eviware/soapui/impl/wsdl/submit/filters/PropertyExpansionTest.java" shared="false" uninstallMode="0"/>
<entry name="source/main/java/com/eviware/soapui/impl/wsdl/support/IconAnimator.java" shared="false" uninstallMode="0"/>
<entry name="source/main/resources/com/eviware/soapui/resources/images/addToTestCase.gif" shared="false" uninstallMode="0"/>
<entry name="source/main/java/com/eviware/soapui/impl/support/AbstractMockOperation.java" shared="false" uninstallMode="0"/>
<entry name="source/main/java/com/eviware/soapui/impl/wsdl/actions/mockoperation/ImportMockOperation.java" shared="false" uninstallMode="0"/>
<entry name="source/main/resources/com/eviware/soapui/resources/images/exec_rest_request.png" shared="false" uninstallMode="0"/>
<entry name="jre/legal/jdk.unsupported.desktop/ADDITIONAL_LICENSE_INFO" shared="false" uninstallMode="3"/>
<entry name="source/main/java/com/eviware/soapui/impl/rest/actions/oauth/OltuOAuth2ClientFacade.java" shared="false" uninstallMode="0"/>
<entry name="source/main/java/com/eviware/soapui/impl/wsdl/teststeps/assertions/soap/SoapFaultAssertion.java" shared="false" uninstallMode="0"/>
<entry name="source/main/java/com/eviware/soapui/monitor/SoapUIJettyThreadPool.java" shared="false" uninstallMode="0"/>
<entry name="source/main/java/com/eviware/soapui/impl/wsdl/loadtest/assertions/MaxErrorsAssertion.java" shared="false" uninstallMode="0"/>
<entry name="source/main/java/com/eviware/x/form/XFormTextField.java" shared="false" uninstallMode="0"/>
<entry name="jre/lib/security/cacerts" shared="false" uninstallMode="3"/>
<entry name="source/main/java/com/eviware/soapui/impl/actions/ClearWorkspaceAction.java" shared="false" uninstallMode="0"/>
<entry name="jre/bin/rmiregistry" shared="false" uninstallMode="3"/>
<entry name="source/main/java/com/eviware/soapui/impl/wsdl/actions/mockresponse/RenameMockResponseAction.java" shared="false" uninstallMode="0"/>
<entry name="source/main/java/com/eviware/soapui/impl/wsdl/actions/request/AddRequestToMockServiceAction.java" shared="false" uninstallMode="0"/>
<entry name="source/main/java/com/eviware/soapui/support/propertyexpansion/PropertyExpansionPopupListener.java" shared="false" uninstallMode="0"/>
<entry name="source/main/java/com/eviware/soapui/impl/wsdl/panels/teststeps/GotoStepDesktopPanel.java" shared="false" uninstallMode="0"/>
<entry name="source/main/java/com/eviware/soapui/impl/wsdl/teststeps/GraphQLTestRequest.java" shared="false" uninstallMode="0"/>
<entry name="source/main/java/com/eviware/soapui/support/components/JFormComponent.java" shared="false" uninstallMode="0"/>
<entry name="source/main/java/com/eviware/soapui/impl/rest/support/RestParamsPropertyHolder.java" shared="false" uninstallMode="0"/>
<entry name="jre/lib/sparc/server/classes.jsa" shared="false" uninstallMode="0"/>
<entry name="source/main/java/com/eviware/soapui/impl/wsdl/panels/request/actions/package.html" shared="false" uninstallMode="0"/>
<entry name="source/main/java/com/eviware/soapui/model/testsuite/TestCaseRunContext.java" shared="false" uninstallMode="0"/>
<entry name="jre/legal/jdk.dynalink/LICENSE" shared="false" uninstallMode="3"/>
<entry name="source/main/java/org/apache/http/localserver/ServerTestBase.java" shared="false" uninstallMode="0"/>
<entry name="source/main/java/com/eviware/soapui/impl/wsdl/actions/project/CloseProjectAction.java" shared="false" uninstallMode="0"/>
<entry name="source/main/java/com/eviware/soapui/impl/wsdl/support/assertions/package.html" shared="false" uninstallMode="0"/>
<entry name="source/main/java/com/eviware/soapui/impl/wadl/inference/schema/Schema.java" shared="false" uninstallMode="0"/>
<entry name="source/main/java/com/eviware/soapui/impl/wsdl/actions/iface/tools/support/SecurityTestRunnerAction.java" shared="false" uninstallMode="0"/>
<entry name="source/main/java/com/eviware/soapui/impl/wsdl/support/wsdl/UrlWsdlLoader.java" shared="false" uninstallMode="0"/>
<entry name="source/main/java/com/eviware/soapui/security/support/ProgressBarSecurityScanAdapter.java" shared="false" uninstallMode="0"/>
<entry name="lib/aopalliance-repackaged-2.6.1.jar" shared="false" uninstallMode="0"/>
<entry name="bin/SoapUI-Spashscreen.png" shared="false" uninstallMode="0"/>
<entry name="source/main/java/com/eviware/x/impl/swing/JComponentFormField.java" shared="false" uninstallMode="0"/>
<entry name="lib/backo-1.0.0.jar" shared="false" uninstallMode="0"/>
<entry name="source/main/java/com/eviware/x/impl/swing/SwingXFormImpl.java" shared="false" uninstallMode="0"/>
<entry name="source/main/java/com/eviware/soapui/impl/wsdl/submit/transports/http/support/attachments/MultipartAttachmentDataSource.java" shared="false" uninstallMode="0"/>
<entry name="source/main/resources/com/eviware/soapui/resources/images/exec_rest_request_3.png" shared="false" uninstallMode="0"/>
<entry name="source/main/java/com/eviware/soapui/impl/wsdl/actions/testcase/MoveTestCaseUpAction.java" shared="false" uninstallMode="0"/>
<entry name="source/main/java/com/eviware/soapui/impl/rest/DefaultOAuth2ProfileContainer.java" shared="false" uninstallMode="0"/>
<entry name="jre/legal/java.base/ASSEMBLY_EXCEPTION" shared="false" uninstallMode="3"/>
<entry name="source/test/java/com/eviware/soapui/model/propertyexpansion/resolvers/ResolverUtilsTest.java" shared="false" uninstallMode="0"/>
<entry name="source/test/java/com/eviware/soapui/impl/rest/actions/support/NewRestResourceActionBaseTest.java" shared="false" uninstallMode="0"/>
<entry name="source/main/java/com/eviware/soapui/impl/support/definition/export/AbstractDefinitionExporter.java" shared="false" uninstallMode="0"/>
<entry name="source/main/java/com/eviware/soapui/impl/wsdl/panels/mockoperation/WsdlMockResultMessageExchange.java" shared="false" uninstallMode="0"/>
<entry name="source/main/java/com/eviware/soapui/model/propertyexpansion/resolvers/ModelItemPropertyResolver.java" shared="false" uninstallMode="0"/>
<entry name="source/main/java/com/eviware/soapui/impl/wadl/support/WadlValidator.java" shared="false" uninstallMode="0"/>
<entry name="source/main/java/com/eviware/soapui/security/boundary/DecimalBoundary.java" shared="false" uninstallMode="0"/>
<entry name="source/main/java/com/eviware/soapui/impl/rest/actions/oauth/RefreshOAuthAccessTokenAction.java" shared="false" uninstallMode="0"/>
<entry name="source/main/java/com/eviware/soapui/security/ui/FuzzerScanAdvancedConfigPanel.java" shared="false" uninstallMode="0"/>
<entry name="source/main/java/com/eviware/soapui/impl/wsdl/support/wss/saml/callback/AbstractSAMLCallbackHandler.java" shared="false" uninstallMode="0"/>
<entry name="source/main/java/com/eviware/soapui/impl/wsdl/actions/testcase/ToggleDisableTestCaseAction.java" shared="false" uninstallMode="0"/>
<entry name=".install4j/i4j_extf_2_hs6ad0_7hfgit.png" shared="false" uninstallMode="2"/>
<entry name="source/main/java/com/eviware/soapui/support/dnd/handlers/MockServiceToProjectDropHandler.java" shared="false" uninstallMode="0"/>
<entry name="source/main/xsd/wsi/log.xsd" shared="false" uninstallMode="0"/>
<entry name="source/main/java/com/eviware/soapui/impl/wsdl/loadtest/assertions/LoadTestAssertionRegistry.java" shared="false" uninstallMode="0"/>
<entry name="source/main/resources/com/eviware/soapui/resources/images/exec_mockResponse_3.gif" shared="false" uninstallMode="0"/>
<entry name="source/main/resources/com/eviware/soapui/resources/images/set_properties_target.gif" shared="false" uninstallMode="0"/>
<entry name="source/main/resources/com/eviware/soapui/resources/images/assertions.png" shared="false" uninstallMode="0"/>
<entry name="source/main/resources/com/eviware/soapui/resources/images/graphql-request-pass.png" shared="false" uninstallMode="0"/>
<entry name="jre/legal/java.compiler/ASSEMBLY_EXCEPTION" shared="false" uninstallMode="3"/>
<entry name="source/iistest/response.asp" shared="false" uninstallMode="0"/>
<entry name="source/main/java/com/eviware/soapui/plugins/auto/PluginPanelBuilder.java" shared="false" uninstallMode="0"/>
<entry name="source/main/java/org/syntax/jedit/tokenmarker/MakefileTokenMarker.java" shared="false" uninstallMode="0"/>
<entry name="source/test/java/com/eviware/soapui/utils/StubbedFileDialogs.java" shared="false" uninstallMode="0"/>
<entry name="jre/lib/libjdwp.so" shared="false" uninstallMode="3"/>
<entry name="source/main/java/com/eviware/soapui/support/components/JComponentInspector.java" shared="false" uninstallMode="0"/>
<entry name="source/main/java/com/eviware/soapui/impl/wsdl/support/wss/WssCrypto.java" shared="false" uninstallMode="0"/>
<entry name="source/test/resources/merge/webinf/target/webservices.xml" shared="false" uninstallMode="0"/>
<entry name="source/main/java/com/eviware/x/form/XFormField.java" shared="false" uninstallMode="0"/>
<entry name="source/main/java/org/syntax/jedit/DefaultInputHandler.java" shared="false" uninstallMode="0"/>
<entry name="source/main/resources/com/eviware/soapui/resources/images/rest_virt_1.png" shared="false" uninstallMode="0"/>
<entry name="source/main/java/com/eviware/soapui/impl/wsdl/actions/mockservice/MockServiceOptionsAction.java" shared="false" uninstallMode="0"/>
<entry name="source/main/resources/com/eviware/soapui/resources/images/record_http_true.gif" shared="false" uninstallMode="0"/>
<entry name="source/main/java/com/eviware/soapui/support/editor/inspectors/auth/OAuth2ScriptsEditor.java" shared="false" uninstallMode="0"/>
<entry name="source/main/java/com/eviware/soapui/impl/rest/actions/oauth/GetOAuthAccessTokenAction.java" shared="false" uninstallMode="0"/>
<entry name="source/main/resources/com/eviware/soapui/resources/images/failed_securitytest.gif" shared="false" uninstallMode="0"/>
<entry name="source/main/java/com/eviware/soapui/impl/wsdl/submit/transports/http/support/methods/ExtendedDeleteMethod.java" shared="false" uninstallMode="0"/>
<entry name="source/test/java/com/eviware/soapui/support/XmlObjectConfigurationTest.java" shared="false" uninstallMode="0"/>
<entry name="jre/legal/java.base/LICENSE" shared="false" uninstallMode="3"/>
<entry name="source/main/java/com/eviware/soapui/impl/rest/actions/mock/AddEmptyRestMockResourceAction.java" shared="false" uninstallMode="0"/>
<entry name="source/main/java/com/eviware/soapui/support/editor/inspectors/package.html" shared="false" uninstallMode="0"/>
<entry name="source/main/java/com/eviware/soapui/impl/wsdl/panels/loadtest/JLoadTestLogTable.java" shared="false" uninstallMode="0"/>
<entry name="source/main/resources/com/eviware/soapui/resources/images/graphql-request.png" shared="false" uninstallMode="0"/>
<entry name="source/main/java/com/eviware/soapui/impl/wadl/inference/schema/particles/ElementParticle.java" shared="false" uninstallMode="0"/>
<entry name="source/main/java/com/eviware/soapui/impl/wsdl/support/MockServiceExternalDependency.java" shared="false" uninstallMode="0"/>
<entry name="source/main/java/com/eviware/soapui/impl/wsdl/loadtest/log/LoadTestLogErrorEntry.java" shared="false" uninstallMode="0"/>
<entry name="lib/junit-4.13.1.jar" shared="false" uninstallMode="0"/>
<entry name="source/main/resources/com/eviware/soapui/resources/doc/wsdl-viewer.xsl" shared="false" uninstallMode="0"/>
<entry name="source/main/java/com/eviware/soapui/impl/wsdl/teststeps/WsdlTestRequestStep.java" shared="false" uninstallMode="0"/>
<entry name="source/main/java/com/eviware/soapui/support/dnd/JListDragAndDropable.java" shared="false" uninstallMode="0"/>
<entry name="source/test/java/com/eviware/soapui/impl/rest/support/RestRequestParamsPropertyHolderTest.java" shared="false" uninstallMode="0"/>
<entry name="source/main/java/com/eviware/soapui/impl/wsdl/submit/transports/http/support/methods/HttpPropFindMethod.java" shared="false" uninstallMode="0"/>
<entry name="lib/groovy-jmx-3.0.19.jar" shared="false" uninstallMode="0"/>
<entry name="source/main/java/com/eviware/soapui/support/dnd/handlers/MockResponseToTestStepsDropHandler.java" shared="false" uninstallMode="0"/>
<entry name="source/main/java/com/eviware/soapui/support/editor/inspectors/attachments/AttachmentsInspectorFactory.java" shared="false" uninstallMode="0"/>
<entry name="source/test/resources/testBody.xml" shared="false" uninstallMode="0"/>
<entry name="source/main/resources/com/eviware/soapui/resources/xsds/soapEnvelope12.xsd" shared="false" uninstallMode="0"/>
<entry name="jre/legal/jdk.xml.dom/ASSEMBLY_EXCEPTION" shared="false" uninstallMode="3"/>
<entry name="lib/snakeyaml-1.26.jar" shared="false" uninstallMode="0"/>
<entry name="source/main/java/com/smartbear/integrations/swaggerhub/component/SwaggerHubAPITableModel.java" shared="false" uninstallMode="0"/>
<entry name="source/main/resources/com/eviware/soapui/resources/images/invalid_rest_request_step.png" shared="false" uninstallMode="0"/>
<entry name="source/test/java/com/eviware/soapui/impl/rest/support/RestURIParserImplTestCase.java" shared="false" uninstallMode="0"/>
<entry name="jre/conf/security/policy/README.txt" shared="false" uninstallMode="3"/>
<entry name="source/main/java/com/eviware/soapui/impl/wsdl/teststeps/registry/RestRequestStepFactory.java" shared="false" uninstallMode="0"/>
<entry name="source/main/java/com/eviware/soapui/model/testsuite/LoadTest.java" shared="false" uninstallMode="0"/>
<entry name="source/main/java/com/eviware/soapui/model/tree/nodes/support/WsdlTestStepsModelItem.java" shared="false" uninstallMode="0"/>
<entry name="source/main/java/com/eviware/soapui/model/TestModelItem.java" shared="false" uninstallMode="0"/>
<entry name="source/main/java/com/eviware/soapui/support/editor/Editor.java" shared="false" uninstallMode="0"/>
<entry name="source/main/java/com/eviware/soapui/analytics/SoapUIProductInfo.java" shared="false" uninstallMode="0"/>
<entry name="source/main/java/com/eviware/soapui/Util/SoapUITools.java" shared="false" uninstallMode="0"/>
<entry name="source/main/java/com/eviware/soapui/security/result/SecurityResult.java" shared="false" uninstallMode="0"/>
<entry name="SoapUI-Tutorials/popular-apis/Twitter-soapui-project.xml" shared="false" uninstallMode="0"/>
<entry name="source/main/java/com/eviware/soapui/actions/Prefs.java" shared="false" uninstallMode="0"/>
<entry name="source/main/java/com/eviware/soapui/model/iface/SubmitContext.java" shared="false" uninstallMode="0"/>
<entry name="source/main/java/com/eviware/soapui/model/propertyexpansion/resolvers/providers/CurrentRunStepIndexProvider.java" shared="false" uninstallMode="0"/>
<entry name="source/test/resources/merge/webinf/target/jaxrpc-mapping.xml" shared="false" uninstallMode="0"/>
<entry name="source/main/java/com/eviware/soapui/impl/wadl/inference/schema/Type.java" shared="false" uninstallMode="0"/>
<entry name="source/main/resources/com/eviware/soapui/resources/images/restMockService_3.gif" shared="false" uninstallMode="0"/>
<entry name="source/main/resources/com/eviware/soapui/resources/security/xmlbomb/QuadraticBlowup.xml.txt" shared="false" uninstallMode="0"/>
<entry name="source/main/java/com/eviware/soapui/impl/wsdl/actions/project/ReloadProjectAction.java" shared="false" uninstallMode="0"/>
<entry name="source/main/resources/com/eviware/soapui/resources/images/rest_resource.png" shared="false" uninstallMode="0"/>
<entry name="source/main/java/com/eviware/soapui/model/PanelBuilder.java" shared="false" uninstallMode="0"/>
<entry name="jre/legal/jdk.internal.vm.compiler/ADDITIONAL_LICENSE_INFO" shared="false" uninstallMode="3"/>
<entry name="source/main/xsd/policy/adressing-metadata.xsd" shared="false" uninstallMode="0"/>
<entry name="jre/lib/tzdb.dat" shared="false" uninstallMode="3"/>
<entry name="source/main/java/com/eviware/soapui/support/ListDataChangeListener.java" shared="false" uninstallMode="0"/>
<entry name="source/main/java/com/eviware/soapui/impl/wsdl/actions/mockservice/CloneMockServiceAction.java" shared="false" uninstallMode="0"/>
<entry name="source/main/java/com/eviware/soapui/support/propertyexpansion/scrollmenu/ScrollablePopup.java" shared="false" uninstallMode="0"/>
<entry name="source/main/resources/com/eviware/soapui/resources/security/SensitiveInfo.xml" shared="false" uninstallMode="0"/>
<entry name="lib/junit-platform-commons-1.9.2.jar" shared="false" uninstallMode="0"/>
<entry name="source/main/resources/com/eviware/soapui/resources/images/mock_head_method.gif" shared="false" uninstallMode="0"/>
<entry name="source/main/java/com/eviware/soapui/impl/wsdl/submit/filters/WssAuthenticationRequestFilter.java" shared="false" uninstallMode="0"/>
<entry name="tempHermes/hermesInstallMAC.sh" shared="false" uninstallMode="0"/>
<entry name="source/main/resources/com/eviware/soapui/explorer/js/jquery-ui.js" shared="false" uninstallMode="0"/>
<entry name="source/main/java/com/eviware/soapui/support/swing/ModelItemListKeyListener.java" shared="false" uninstallMode="0"/>
<entry name="source/main/java/com/eviware/soapui/impl/wsdl/WsdlHeaderPart.java" shared="false" uninstallMode="0"/>
<entry name="source/main/java/com/eviware/soapui/settings/CommonSettings.java" shared="false" uninstallMode="0"/>
<entry name="source/main/java/com/eviware/soapui/security/panels/CustomTreeNode.java" shared="false" uninstallMode="0"/>
<entry name="jre/legal/jdk.net/ASSEMBLY_EXCEPTION" shared="false" uninstallMode="3"/>
<entry name="source/main/java/com/eviware/soapui/actions/package.html" shared="false" uninstallMode="0"/>
<entry name="source/main/java/com/eviware/soapui/support/scripting/ScriptEnginePool.java" shared="false" uninstallMode="0"/>
<entry name="source/main/java/com/eviware/soapui/actions/SumbitUserInfoAction.java" shared="false" uninstallMode="0"/>
<entry name="source/main/java/com/eviware/soapui/support/components/JButtonBar.java" shared="false" uninstallMode="0"/>
<entry name="source/main/java/com/eviware/soapui/impl/wsdl/teststeps/RestRequestStepResult.java" shared="false" uninstallMode="0"/>
<entry name="source/main/java/com/eviware/soapui/impl/wsdl/WsdlContentPart.java" shared="false" uninstallMode="0"/>
<entry name="source/main/java/com/eviware/x/impl/swing/SwingDialogs.java" shared="false" uninstallMode="0"/>
<entry name="jre/conf/management/jmxremote.access" shared="false" uninstallMode="3"/>
<entry name="source/main/java/com/eviware/soapui/impl/wsdl/panels/testsuite/package.html" shared="false" uninstallMode="0"/>
<entry name="jre/legal/jdk.crypto.cryptoki/pkcs11wrapper.md" shared="false" uninstallMode="3"/>
<entry name="source/main/java/com/eviware/soapui/support/editor/xml/support/package.html" shared="false" uninstallMode="0"/>
<entry name="source/main/java/com/eviware/soapui/model/tree/nodes/support/SecurityTestsModelItem.java" shared="false" uninstallMode="0"/>
<entry name="lib/swingx-soapui.jar" shared="false" uninstallMode="0"/>
<entry name="source/main/java/com/eviware/soapui/impl/wsdl/teststeps/registry/GroovyScriptStepFactory.java" shared="false" uninstallMode="0"/>
<entry name="source/main/java/com/eviware/soapui/model/testsuite/RequestAssertion.java" shared="false" uninstallMode="0"/>
<entry name="source/main/java/com/eviware/soapui/impl/support/http/HttpRequest.java" shared="false" uninstallMode="0"/>
<entry name="source/main/java/com/eviware/soapui/impl/wsdl/support/wss/WssContainer.java" shared="false" uninstallMode="0"/>
<entry name="source/main/java/com/eviware/soapui/support/action/SoapUIActionRegistry.java" shared="false" uninstallMode="0"/>
<entry name="source/main/java/org/syntax/jedit/tokenmarker/PatchTokenMarker.java" shared="false" uninstallMode="0"/>
<entry name="source/main/java/com/eviware/soapui/impl/wsdl/support/wsrm/WsrmConfig.java" shared="false" uninstallMode="0"/>
<entry name="source/main/java/com/eviware/soapui/support/jnlp/WebstartUtilCore.java" shared="false" uninstallMode="0"/>
<entry name="source/test/java/com/eviware/soapui/support/JsonPathFacadeTest.java" shared="false" uninstallMode="0"/>
<entry name="source/main/resources/com/eviware/soapui/resources/report/coverage.css" shared="false" uninstallMode="0"/>
<entry name="source/test/java/com/eviware/soapui/impl/wsdl/teststeps/WsdlRequestStepTest.java" shared="false" uninstallMode="0"/>
<entry name="source/main/java/com/eviware/soapui/security/scan/CrossSiteScriptingScan.java" shared="false" uninstallMode="0"/>
<entry name="source/main/java/com/eviware/soapui/impl/rest/mock/RestMockRequest.java" shared="false" uninstallMode="0"/>
<entry name="source/main/resources/com/eviware/soapui/resources/images/disabled_amf_request_step.png" shared="false" uninstallMode="0"/>
<entry name="source/main/resources/com/eviware/soapui/resources/images/Proxy_Turned-on.png" shared="false" uninstallMode="0"/>
<entry name="source/main/java/com/eviware/soapui/impl/rest/panels/request/ParameterFinder.java" shared="false" uninstallMode="0"/>
<entry name="source/main/java/com/eviware/soapui/report/SubReportFactory.java" shared="false" uninstallMode="0"/>
<entry name="jre/lib/libattach.so" shared="false" uninstallMode="3"/>
<entry name="source/main/java/com/eviware/soapui/impl/rest/actions/resource/DeleteRestResourceAction.java" shared="false" uninstallMode="0"/>
<entry name="source/main/java/com/eviware/soapui/analytics/providers/OSUserProviderFactory.java" shared="false" uninstallMode="0"/>
<entry name="jre/legal/java.logging/ADDITIONAL_LICENSE_INFO" shared="false" uninstallMode="3"/>
<entry name="lib/slf4j-ext-1.7.22.jar" shared="false" uninstallMode="0"/>
<entry name="source/main/java/com/eviware/soapui/impl/wadl/inference/schema/content/EmptyContent.java" shared="false" uninstallMode="0"/>
<entry name="source/main/java/com/eviware/soapui/impl/wsdl/panels/request/WsdlRequestDesktopPanel.java" shared="false" uninstallMode="0"/>
<entry name="source/main/resources/com/eviware/soapui/resources/images/attribute.png" shared="false" uninstallMode="0"/>
<entry name="source/main/resources/com/eviware/soapui/resources/images/graphql-request-disabled.png" shared="false" uninstallMode="0"/>
<entry name="source/main/resources/com/eviware/soapui/resources/xsds/XMLSchema.xsd" shared="false" uninstallMode="0"/>
<entry name="source/test/resources/chameleon/chameleon.wsdl" shared="false" uninstallMode="0"/>
<entry name="lib/groovy-jsr223-3.0.19.jar" shared="false" uninstallMode="0"/>
<entry name="source/main/java/com/eviware/soapui/impl/wsdl/support/http/ManualProxySelector.java" shared="false" uninstallMode="0"/>
<entry name="source/main/java/com/eviware/soapui/impl/wsdl/endpoint/DefaultEndpointStrategyConfigurationPanel.java" shared="false" uninstallMode="0"/>
<entry name="source/main/resources/com/eviware/soapui/resources/images/amf_request.png" shared="false" uninstallMode="0"/>
<entry name="source/main/java/com/eviware/soapui/impl/rest/actions/oauth/BrowserListenerAdapter.java" shared="false" uninstallMode="0"/>
<entry name="source/main/resources/com/eviware/soapui/resources/images/soap_request_2.png" shared="false" uninstallMode="0"/>
<entry name="source/main/xsd/mtom/xmime200505.xsd" shared="false" uninstallMode="0"/>
<entry name="jre/legal/jdk.dynalink/ASSEMBLY_EXCEPTION" shared="false" uninstallMode="3"/>
<entry name="source/main/java/com/eviware/soapui/impl/wsdl/teststeps/actions/ConfigureAssertionAction.java" shared="false" uninstallMode="0"/>
<entry name="source/main/java/com/eviware/soapui/impl/wsdl/mock/dispatch/RandomMockOperationDispatcher.java" shared="false" uninstallMode="0"/>
<entry name="source/main/resources/com/eviware/soapui/resources/images/rest_virt_2.png" shared="false" uninstallMode="0"/>
<entry name="jre/legal/java.base/unicode.md" shared="false" uninstallMode="3"/>
<entry name="source/main/xsd/jboss/jax-rpc-ri-config.xsd" shared="false" uninstallMode="0"/>
<entry name="source/main/resources/com/eviware/soapui/resources/images/button1.gif" shared="false" uninstallMode="0"/>
<entry name="source/main/java/com/eviware/soapui/analytics/providers/OSUserProvider.java" shared="false" uninstallMode="0"/>
<entry name="lib/jtidy-r872-jdk15.jar" shared="false" uninstallMode="0"/>
<entry name="source/main/java/com/eviware/soapui/impl/wsdl/support/wsdl/AbstractWsdlDefinitionLoader.java" shared="false" uninstallMode="0"/>
<entry name="source/main/java/com/eviware/soapui/impl/wsdl/actions/testcase/ExportTestCaseAction.java" shared="false" uninstallMode="0"/>
<entry name="lib/google-oauth-client-1.21.0.jar" shared="false" uninstallMode="0"/>
<entry name="source/main/resources/com/eviware/soapui/resources/images/applications-system.png" shared="false" uninstallMode="0"/>
<entry name="licences/xom-LICENSE.txt" shared="false" uninstallMode="0"/>
<entry name="source/main/java/com/eviware/soapui/model/mock/MockDispatcher.java" shared="false" uninstallMode="0"/>
<entry name="source/main/java/com/eviware/soapui/model/tree/nodes/RestResourceTreeNode.java" shared="false" uninstallMode="0"/>
<entry name="source/main/resources/com/eviware/soapui/resources/images/preferences-system.png" shared="false" uninstallMode="0"/>
<entry name="source/main/java/com/eviware/soapui/impl/support/definition/InterfaceDefinitionPart.java" shared="false" uninstallMode="0"/>
<entry name="source/main/java/com/eviware/soapui/support/editor/inspectors/wss/AbstractWssInspector.java" shared="false" uninstallMode="0"/>
<entry name="source/main/java/com/eviware/soapui/security/registry/SecurityScanFactory.java" shared="false" uninstallMode="0"/>
<entry name="source/main/java/com/eviware/soapui/impl/wsdl/actions/iface/tools/jaxb/JaxbXjcAction.java" shared="false" uninstallMode="0"/>
<entry name="source/main/java/com/eviware/soapui/impl/wsdl/panels/iface/package.html" shared="false" uninstallMode="0"/>
<entry name="source/test/java/com/eviware/soapui/support/editor/views/xml/source/XmlSourceEditorViewFactoryTest.java" shared="false" uninstallMode="0"/>
<entry name="source/main/java/com/eviware/soapui/impl/wsdl/panels/assertions/AssertionCategoryMapping.java" shared="false" uninstallMode="0"/>
<entry name="lib/groovy-templates-3.0.19.jar" shared="false" uninstallMode="0"/>
<entry name="source/main/java/com/eviware/soapui/support/RegexDocumentFilter.java" shared="false" uninstallMode="0"/>
<entry name="source/test/java/com/eviware/soapui/impl/rest/support/OverlayRestParamsPropertyHolderTest.java" shared="false" uninstallMode="0"/>
<entry name=".install4j/i4jempty.ttf" shared="false" uninstallMode="2"/>
<entry name="source/main/java/com/eviware/x/impl/swing/JCheckBoxFormField.java" shared="false" uninstallMode="0"/>
<entry name="source/main/java/com/eviware/soapui/ui/OverviewPanel.java" shared="false" uninstallMode="0"/>
<entry name="jre/conf/security/java.security" shared="false" uninstallMode="3"/>
<entry name="lib/dom4j-1.6.1.jar" shared="false" uninstallMode="0"/>
<entry name="source/main/java/com/eviware/soapui/model/support/MockServiceListenerAdapter.java" shared="false" uninstallMode="0"/>
<entry name="source/main/resources/com/eviware/soapui/resources/images/soap_virt_5.png" shared="false" uninstallMode="0"/>
<entry name="source/main/java/com/eviware/soapui/model/iface/SubmitListener.java" shared="false" uninstallMode="0"/>
<entry name="source/main/java/org/syntax/jedit/tokenmarker/Token.java" shared="false" uninstallMode="0"/>
<entry name="source/main/java/com/eviware/soapui/impl/wsdl/teststeps/actions/SelectOperationAction.java" shared="false" uninstallMode="0"/>
<entry name="source/main/java/com/eviware/soapui/support/swing/JTextComponentPopupMenu.java" shared="false" uninstallMode="0"/>
<entry name="source/main/java/com/eviware/soapui/impl/settings/WeakSettingsListener.java" shared="false" uninstallMode="0"/>
<entry name="source/main/java/com/eviware/soapui/support/action/swing/ActionComponentRegistry.java" shared="false" uninstallMode="0"/>
<entry name="source/main/java/com/eviware/soapui/support/xml/XmlObjectTreeModel.java" shared="false" uninstallMode="0"/>
<entry name="source/main/resources/com/eviware/soapui/resources/images/amf_request_step.png" shared="false" uninstallMode="0"/>
<entry name="source/main/java/com/eviware/soapui/security/tools/RandomFile.java" shared="false" uninstallMode="0"/>
<entry name="source/main/java/com/eviware/soapui/impl/wsdl/panels/testcase/JTestStepList.java" shared="false" uninstallMode="0"/>
<entry name="source/main/java/com/eviware/soapui/impl/wadl/inference/support/TypeInferrer.java" shared="false" uninstallMode="0"/>
<entry name="source/main/java/com/eviware/soapui/support/editor/inspectors/amfheader/AMFHeadersInspectorFactory.java" shared="false" uninstallMode="0"/>
<entry name="source/test/java/com/eviware/soapui/impl/rest/RestRequestTest.java" shared="false" uninstallMode="0"/>
<entry name="source/main/java/com/eviware/soapui/impl/rest/panels/mock/RestMockResponsePanelBuilder.java" shared="false" uninstallMode="0"/>
<entry name="source/main/java/com/eviware/soapui/security/ui/SecurityScanConfigPanel.java" shared="false" uninstallMode="0"/>
<entry name="source/main/java/com/eviware/soapui/impl/wsdl/actions/loadtest/package.html" shared="false" uninstallMode="0"/>
<entry name="licences/saxon-LICENSE.txt" shared="false" uninstallMode="0"/>
<entry name="source/main/java/com/eviware/soapui/impl/wsdl/teststeps/WsdlTestRequestStepResult.java" shared="false" uninstallMode="0"/>
<entry name="source/main/resources/com/eviware/soapui/resources/images/max_loadtest_assertion.gif" shared="false" uninstallMode="0"/>
<entry name="lib/slf4j-api-1.7.25.jar" shared="false" uninstallMode="0"/>
<entry name="source/main/java/com/eviware/soapui/settings/WsaSettings.java" shared="false" uninstallMode="0"/>
<entry name="lib/openws-1.4.2-1.jar" shared="false" uninstallMode="0"/>
<entry name="source/main/java/com/eviware/soapui/impl/wsdl/teststeps/WsdlTestStep.java" shared="false" uninstallMode="0"/>
<entry name="source/main/java/com/eviware/soapui/model/support/TestStepBeanProperty.java" shared="false" uninstallMode="0"/>
<entry name="source/main/java/com/eviware/soapui/model/testsuite/ProjectRunContext.java" shared="false" uninstallMode="0"/>
<entry name="SoapUI-Tutorials/popular-apis/YouTube-soapui-project.xml" shared="false" uninstallMode="0"/>
<entry name="source/main/java/com/eviware/soapui/impl/wsdl/submit/transports/http/BaseHttpRequestTransport.java" shared="false" uninstallMode="0"/>
<entry name="jre/lib/libjavajpeg.so" shared="false" uninstallMode="3"/>
<entry name="source/main/java/com/eviware/soapui/impl/rest/panels/request/AbstractRestRequestDesktopPanel.java" shared="false" uninstallMode="0"/>
<entry name="source/main/java/com/eviware/soapui/support/dnd/SoapUIDragAndDropable.java" shared="false" uninstallMode="0"/>
<entry name="source/test/resources/anotherdemo-soapui-project.xml" shared="false" uninstallMode="0"/>
<entry name="source/main/resources/com/eviware/soapui/resources/images/import_project.gif" shared="false" uninstallMode="0"/>
<entry name="lib/commons-io-2.4.jar" shared="false" uninstallMode="0"/>
<entry name="lib/maven-plugin-api-2.0.jar" shared="false" uninstallMode="0"/>
<entry name="source/main/java/com/eviware/soapui/support/editor/xml/support/AbstractXmlDocument.java" shared="false" uninstallMode="0"/>
<entry name="source/main/java/com/eviware/soapui/support/scripting/SoapUIScriptEngineRegistry.java" shared="false" uninstallMode="0"/>
<entry name="source/main/java/com/eviware/soapui/impl/wsdl/panels/testcase/TestRunLog.java" shared="false" uninstallMode="0"/>
<entry name="source/main/resources/com/eviware/soapui/resources/images/valid_rest_request_step.png" shared="false" uninstallMode="0"/>
<entry name="source/main/java/com/eviware/soapui/impl/wsdl/actions/project/OpenProjectAction.java" shared="false" uninstallMode="0"/>
<entry name="source/test/java/com/eviware/soapui/utils/TestUtils.java" shared="false" uninstallMode="0"/>
<entry name="source/main/java/com/eviware/soapui/impl/WorkspaceImplPanelBuilder.java" shared="false" uninstallMode="0"/>
<entry name="source/main/java/com/eviware/soapui/model/environment/DefaultEnvironment.java" shared="false" uninstallMode="0"/>
<entry name="source/main/java/com/eviware/soapui/impl/wsdl/package.html" shared="false" uninstallMode="0"/>
<entry name="source/main/resources/com/eviware/soapui/resources/images/stop.png" shared="false" uninstallMode="0"/>
<entry name="jre/lib/server/libjvm.so" shared="false" uninstallMode="3"/>
<entry name="source/main/java/com/eviware/soapui/impl/wsdl/support/wss/WssEntry.java" shared="false" uninstallMode="0"/>
<entry name="source/main/java/com/eviware/soapui/model/project/ProjectFactory.java" shared="false" uninstallMode="0"/>
<entry name="source/test/java/com/eviware/soapui/impl/rest/panels/resource/RestParamsTableModelUnitTest.java" shared="false" uninstallMode="0"/>
<entry name="lib/accessors-smart-1.2.jar" shared="false" uninstallMode="0"/>
<entry name="source/main/java/com/eviware/soapui/security/SensitiveInformationPropertyHolder.java" shared="false" uninstallMode="0"/>
<entry name="lib/groovy-macro-3.0.19.jar" shared="false" uninstallMode="0"/>
<entry name="source/main/java/com/eviware/soapui/impl/actions/multi/MultiTestStepDisableAction.java" shared="false" uninstallMode="0"/>
<entry name="source/main/java/com/eviware/soapui/impl/wsdl/support/wss/entries/WssContainerListenerAdapter.java" shared="false" uninstallMode="0"/>
<entry name="source/main/java/com/eviware/soapui/support/components/JHyperlinkLabel.java" shared="false" uninstallMode="0"/>
<entry name="source/main/java/com/eviware/soapui/impl/wsdl/actions/iface/tools/jbossws/JBossWSConsumeAction.java" shared="false" uninstallMode="0"/>
<entry name="source/main/java/com/eviware/soapui/security/ExecutionStrategyHolder.java" shared="false" uninstallMode="0"/>
<entry name="source/main/java/com/eviware/x/form/XFormDialog.java" shared="false" uninstallMode="0"/>
<entry name="source/main/resources/com/eviware/soapui/resources/images/mock_options_method.gif" shared="false" uninstallMode="0"/>
<entry name="source/main/java/com/eviware/soapui/model/propertyexpansion/resolvers/SubmitPropertyResolver.java" shared="false" uninstallMode="0"/>
<entry name="source/main/java/com/eviware/soapui/ui/navigator/NavigatorListener.java" shared="false" uninstallMode="0"/>
<entry name="source/main/java/org/syntax/jedit/tokenmarker/GroovyTokenMarker.java" shared="false" uninstallMode="0"/>
<entry name="jre/legal/jdk.internal.vm.compiler/ASSEMBLY_EXCEPTION" shared="false" uninstallMode="3"/>
<entry name="source/main/java/com/eviware/soapui/impl/wsdl/submit/package.html" shared="false" uninstallMode="0"/>
<entry name="source/main/resources/com/eviware/soapui/resources/images/loadtest_log_message.gif" shared="false" uninstallMode="0"/>
<entry name="jre/man/man1/java.1" shared="false" uninstallMode="3"/>
<entry name="source/main/java/com/eviware/soapui/impl/actions/RestUriDialogHandler.java" shared="false" uninstallMode="0"/>
<entry name="source/test/java/com/eviware/soapui/security/boundary/DateBoundaryTest.java" shared="false" uninstallMode="0"/>
<entry name="lib/ant-launcher-1.10.12.jar" shared="false" uninstallMode="0"/>
<entry name="source/main/java/com/eviware/soapui/model/TestPropertyHolder.java" shared="false" uninstallMode="0"/>
<entry name="source/main/java/com/eviware/soapui/impl/rest/actions/oauth/OAuth2AccessTokenResponse.java" shared="false" uninstallMode="0"/>
<entry name="source/main/resources/com/eviware/soapui/resources/images/run_all.png" shared="false" uninstallMode="0"/>
<entry name="source/main/java/com/eviware/soapui/impl/wsdl/support/http/SoapUIHttpRoute.java" shared="false" uninstallMode="0"/>
<entry name="source/main/resources/com/eviware/soapui/resources/images/amin_exec_request.gif" shared="false" uninstallMode="0"/>
<entry name="source/main/java/com/eviware/soapui/model/workspace/package.html" shared="false" uninstallMode="0"/>
<entry name="source/main/java/com/eviware/soapui/report/JUnitSecurityReportCollector.java" shared="false" uninstallMode="0"/>
<entry name="source/main/java/com/eviware/soapui/plugins/auto/factories/AbstractSoapUIFactory.java" shared="false" uninstallMode="0"/>
<entry name="source/main/java/com/eviware/soapui/impl/rest/actions/oauth/BrowserListener.java" shared="false" uninstallMode="0"/>
<entry name="source/main/java/com/eviware/soapui/impl/wsdl/support/wsmc/WsmcInjection.java" shared="false" uninstallMode="0"/>
<entry name="source/main/resources/com/eviware/soapui/resources/images/rest_virt_10.png" shared="false" uninstallMode="0"/>
<entry name="source/main/resources/com/eviware/soapui/resources/images/launchLoadUI.png" shared="false" uninstallMode="0"/>
<entry name="source/main/java/com/eviware/soapui/autoupdate/SoapUIAutoUpdaterUtils.java" shared="false" uninstallMode="0"/>
<entry name="source/main/java/com/eviware/soapui/impl/wsdl/panels/assertions/AssertionsListTableModel.java" shared="false" uninstallMode="0"/>
<entry name="source/main/java/com/eviware/soapui/impl/wsdl/submit/RequestFilter.java" shared="false" uninstallMode="0"/>
<entry name="jre/legal/jdk.internal.vm.compiler.management/LICENSE" shared="false" uninstallMode="3"/>
<entry name="lib/jackson-dataformat-xml-2.10.1.jar" shared="false" uninstallMode="0"/>
<entry name="source/main/java/com/eviware/soapui/impl/wsdl/teststeps/WsdlTestStepListener.java" shared="false" uninstallMode="0"/>
<entry name="/home/labuser/SoapUI-Tutorials/popular-apis/YouTube-soapui-project.xml" shared="false" uninstallMode="0"/>
<entry name="source/main/java/com/eviware/soapui/actions/ShowSystemPropertiesAction.java" shared="false" uninstallMode="0"/>
<entry name="source/main/resources/com/eviware/soapui/resources/images/http_request_2.png" shared="false" uninstallMode="0"/>
<entry name="source/main/java/com/eviware/soapui/impl/wsdl/panels/teststeps/support/AddParamAction.java" shared="false" uninstallMode="0"/>
<entry name="source/main/java/com/eviware/soapui/tools/SecureTools.java" shared="false" uninstallMode="0"/>
<entry name="source/test/java/com/eviware/soapui/impl/wsdl/teststeps/RestTestRequestStepTest.java" shared="false" uninstallMode="0"/>
<entry name="lib/ant-1.10.12.jar" shared="false" uninstallMode="0"/>
<entry name="source/main/java/com/eviware/soapui/impl/support/definition/support/InterfaceConfigDefinitionCache.java" shared="false" uninstallMode="0"/>
<entry name="lib/graphql-java-22.3.jar" shared="false" uninstallMode="0"/>
<entry name="source/main/java/com/eviware/soapui/impl/wsdl/actions/iface/tools/axis2/Axis2WSDL2CodeAction.java" shared="false" uninstallMode="0"/>
<entry name="source/main/java/com/eviware/soapui/impl/wsdl/testcase/WsdlTestSuiteRunContext.java" shared="false" uninstallMode="0"/>
<entry name="source/main/java/com/eviware/soapui/impl/wsdl/support/assertions/AssertedXPathImpl.java" shared="false" uninstallMode="0"/>
<entry name="source/main/java/com/eviware/soapui/impl/wsdl/submit/transports/http/support/methods/ExtendedLockMethod.java" shared="false" uninstallMode="0"/>
<entry name="lib/miglayout-core-11.0.jar" shared="false" uninstallMode="0"/>
<entry name="licences/commons-collections-LICENSE.txt" shared="false" uninstallMode="0"/>
<entry name="source/main/java/com/eviware/soapui/model/support/TestSuiteListenerAdapter.java" shared="false" uninstallMode="0"/>
<entry name="source/main/java/com/eviware/soapui/impl/rest/actions/resource/NewRestChildResourceAction.java" shared="false" uninstallMode="0"/>
<entry name="source/main/java/com/eviware/soapui/support/propertyexpansion/scrollmenu/ScrollableMenu.java" shared="false" uninstallMode="0"/>
<entry name="source/test/java/com/eviware/soapui/impl/WorkspaceImplTest.java" shared="false" uninstallMode="0"/>
<entry name="source/main/resources/com/eviware/soapui/resources/images/clear_loadtest.gif" shared="false" uninstallMode="0"/>
<entry name="source/main/java/com/eviware/soapui/support/xml/SyntaxEditorUtil.java" shared="false" uninstallMode="0"/>
<entry name="lib/junit-platform-engine-1.9.2.jar" shared="false" uninstallMode="0"/>
<entry name="source/main/xsd/soap/soapEnvelope12.xsd" shared="false" uninstallMode="0"/>
<entry name="source/main/resources/com/eviware/soapui/resources/images/preferences.png" shared="false" uninstallMode="0"/>
<entry name="source/main/java/com/eviware/soapui/impl/support/AbstractMockService.java" shared="false" uninstallMode="0"/>
<entry name="source/main/java/com/eviware/soapui/impl/wsdl/support/wss/entries/SignatureEntry.java" shared="false" uninstallMode="0"/>
<entry name="source/main/java/com/eviware/soapui/impl/wsdl/teststeps/assertions/soap/WSAResponseAssertion.java" shared="false" uninstallMode="0"/>
<entry name="source/main/java/com/eviware/soapui/security/boundary/IntegerBoundary.java" shared="false" uninstallMode="0"/>
<entry name="jre/legal/java.xml.crypto/ASSEMBLY_EXCEPTION" shared="false" uninstallMode="3"/>
<entry name="source/main/java/com/eviware/soapui/impl/rest/panels/request/inspectors/representations/RestResponseRepresentationsInspector.java" shared="false" uninstallMode="0"/>
<entry name="source/main/java/com/eviware/soapui/support/action/SoapUIAction.java" shared="false" uninstallMode="0"/>
<entry name="source/main/java/com/eviware/soapui/support/editor/inspectors/jms/property/JMSHeaderAndPropertyInspectorModel.java" shared="false" uninstallMode="0"/>
<entry name="source/main/resources/com/eviware/soapui/resources/images/loadTest.png" shared="false" uninstallMode="0"/>
<entry name="lib/ws-commons-util-1.0.2.jar" shared="false" uninstallMode="0"/>
<entry name="source/main/java/com/eviware/soapui/support/action/support/SoapUIActionMappingList.java" shared="false" uninstallMode="0"/>
<entry name="source/main/java/com/eviware/soapui/impl/wsdl/actions/loadtest/DeleteLoadTestAction.java" shared="false" uninstallMode="0"/>
<entry name="source/main/resources/com/eviware/soapui/resources/images/connector.png" shared="false" uninstallMode="0"/>
<entry name="lib/xmlbeans-3.1.1-sb-fixed.jar" shared="false" uninstallMode="0"/>
<entry name="source/html/subsection-popup.html" shared="false" uninstallMode="0"/>
<entry name="source/main/resources/com/eviware/soapui/resources/images/synchronizeWithLoadUI.png" shared="false" uninstallMode="0"/>
<entry name="source/main/java/com/eviware/soapui/impl/wsdl/panels/support/MockLoadTestRunContext.java" shared="false" uninstallMode="0"/>
<entry name="source/test/java/com/eviware/soapui/impl/wadl/WadlTest.java" shared="false" uninstallMode="0"/>
<entry name="source/main/java/com/eviware/soapui/impl/support/http/HttpRequestContentView.java" shared="false" uninstallMode="0"/>
<entry name="source/main/java/com/eviware/soapui/impl/wsdl/panels/teststeps/GotoStepPanelBuilder.java" shared="false" uninstallMode="0"/>
<entry name="source/main/resources/com/eviware/soapui/resources/security/xmlbomb/ExternalEntity.dtd.txt" shared="false" uninstallMode="0"/>
<entry name="source/main/java/com/eviware/soapui/impl/wsdl/actions/project/SimpleDialog.java" shared="false" uninstallMode="0"/>
<entry name="source/main/java/com/eviware/soapui/support/editor/inspectors/httpheaders/HttpHeadersInspector.java" shared="false" uninstallMode="0"/>
<entry name="source/main/java/com/eviware/soapui/impl/wsdl/submit/HttpMessageExchange.java" shared="false" uninstallMode="0"/>
<entry name="source/main/resources/com/eviware/soapui/resources/images/soap_virt_9.png" shared="false" uninstallMode="0"/>
<entry name="source/main/java/com/eviware/soapui/ui/desktop/DesktopRegistry.java" shared="false" uninstallMode="0"/>
<entry name="source/main/java/com/eviware/soapui/support/types/StringList.java" shared="false" uninstallMode="0"/>
<entry name="source/main/java/com/eviware/soapui/impl/actions/Labeled.java" shared="false" uninstallMode="0"/>
<entry name="source/main/java/com/eviware/soapui/impl/wsdl/actions/testsuite/CloneTestSuiteAction.java" shared="false" uninstallMode="0"/>
<entry name="source/main/java/com/eviware/soapui/impl/wsdl/support/http/FixedSPNegoScheme.java" shared="false" uninstallMode="0"/>
<entry name="source/main/java/com/eviware/soapui/impl/wsdl/loadtest/strategy/package.html" shared="false" uninstallMode="0"/>
<entry name="source/main/java/com/eviware/soapui/support/actions/MarkerAction.java" shared="false" uninstallMode="0"/>
<entry name="source/main/java/com/eviware/soapui/impl/wsdl/support/jms/property/JMSPropertyContainerImpl.java" shared="false" uninstallMode="0"/>
<entry name="source/test/java/com/eviware/soapui/impl/rest/panels/request/RestRequestDesktopPanelTest.java" shared="false" uninstallMode="0"/>
<entry name="source/main/java/com/eviware/soapui/actions/ImportPackedProject.java" shared="false" uninstallMode="0"/>
<entry name="source/main/java/com/eviware/soapui/impl/wsdl/submit/transports/http/support/methods/ExtendedCopyMethod.java" shared="false" uninstallMode="0"/>
<entry name="source/main/java/com/eviware/soapui/impl/wsdl/teststeps/assertions/jms/JMSStatusAssertion.java" shared="false" uninstallMode="0"/>
<entry name="source/main/java/com/eviware/soapui/model/propertyexpansion/PropertyExpansionImpl.java" shared="false" uninstallMode="0"/>
<entry name="source/main/java/com/eviware/soapui/ui/desktop/DesktopPanel.java" shared="false" uninstallMode="0"/>
<entry name="source/main/java/org/apache/http/localserver/EchoHandler.java" shared="false" uninstallMode="0"/>
<entry name="source/main/java/com/eviware/soapui/impl/wsdl/support/AbstractNonHttpMessageExchange.java" shared="false" uninstallMode="0"/>
<entry name="source/main/resources/com/eviware/soapui/resources/images/coverageReport-unused.gif" shared="false" uninstallMode="0"/>
<entry name="source/main/java/com/eviware/soapui/impl/wsdl/panels/mockoperation/AbstractWsdlMockResponseDesktopPanel.java" shared="false" uninstallMode="0"/>
<entry name="source/main/java/com/eviware/soapui/impl/wsdl/submit/transports/http/HttpPatch.java" shared="false" uninstallMode="0"/>
<entry name="source/main/java/com/eviware/x/impl/swing/JStringListFormField.java" shared="false" uninstallMode="0"/>
<entry name="source/main/xsd/wsdl/soap.xsd" shared="false" uninstallMode="0"/>
<entry name="source/main/resources/com/eviware/soapui/resources/images/rest_virt_2.gif" shared="false" uninstallMode="0"/>
<entry name="source/main/java/com/eviware/soapui/security/assertion/SecurityAssertionPanel.java" shared="false" uninstallMode="0"/>
<entry name="jre/legal/java.smartcardio/pcsclite.md" shared="false" uninstallMode="3"/>
<entry name="source/main/java/com/eviware/soapui/support/components/VerticalWindowsTabbedPaneUI.java" shared="false" uninstallMode="0"/>
<entry name="source/main/java/com/eviware/soapui/impl/wsdl/panels/assertions/AssertionListEntry.java" shared="false" uninstallMode="0"/>
<entry name="jre/legal/java.desktop/xwd.md" shared="false" uninstallMode="3"/>
<entry name="source/main/resources/com/eviware/soapui/resources/security/XSS-vectors.txt" shared="false" uninstallMode="0"/>
<entry name="source/main/java/com/eviware/soapui/model/tree/SoapUITreeNode.java" shared="false" uninstallMode="0"/>
<entry name="source/main/java/com/eviware/soapui/model/testsuite/ProjectRunner.java" shared="false" uninstallMode="0"/>
<entry name="source/main/resources/com/eviware/soapui/resources/images/tps_loadtest_assertion.png" shared="false" uninstallMode="0"/>
<entry name="jre/legal/jdk.management/ASSEMBLY_EXCEPTION" shared="false" uninstallMode="3"/>
<entry name="jre/lib/jfr/default.jfc" shared="false" uninstallMode="3"/>
<entry name="source/main/java/com/eviware/soapui/impl/wsdl/panels/teststeps/support/GroovyEditor.java" shared="false" uninstallMode="0"/>
<entry name="source/test/java/com/eviware/soapui/impl/GenericPanelBuilderTest.java" shared="false" uninstallMode="0"/>
<entry name="lib/xmltooling-1.3.2-1.jar" shared="false" uninstallMode="0"/>
<entry name="jre/legal/java.security.jgss/ADDITIONAL_LICENSE_INFO" shared="false" uninstallMode="3"/>
<entry name="source/main/java/com/eviware/soapui/impl/wsdl/teststeps/assertions/basic/ResponseSLAAssertion.java" shared="false" uninstallMode="0"/>
<entry name="source/main/java/com/eviware/soapui/impl/wsdl/loadtest/package.html" shared="false" uninstallMode="0"/>
<entry name="lib/btf-1.2.jar" shared="false" uninstallMode="0"/>
<entry name="source/main/java/com/eviware/soapui/monitor/JettyMockEngine.java" shared="false" uninstallMode="0"/>
<entry name="jre/legal/jdk.jfr/ASSEMBLY_EXCEPTION" shared="false" uninstallMode="3"/>
<entry name="source/main/java/com/eviware/soapui/impl/rest/actions/explorer/RequestInspectionData.java" shared="false" uninstallMode="0"/>
<entry name="source/main/resources/com/eviware/soapui/resources/images/system-log-out.png" shared="false" uninstallMode="0"/>
<entry name="lib/log4j-core-2.17.1.jar" shared="false" uninstallMode="0"/>
<entry name="source/test/java/com/eviware/soapui/support/HelpUrlChecker.java" shared="false" uninstallMode="0"/>
<entry name="source/main/java/com/eviware/soapui/impl/wsdl/actions/iface/tools/soapui/TestRunnerAction.java" shared="false" uninstallMode="0"/>
<entry name="source/main/java/com/eviware/soapui/support/components/JFriendlyTextField.java" shared="false" uninstallMode="0"/>
<entry name="source/main/java/com/eviware/soapui/impl/rest/actions/method/DeleteRestMethodAction.java" shared="false" uninstallMode="0"/>
<entry name="source/main/java/com/eviware/soapui/settings/SSLSettings.java" shared="false" uninstallMode="0"/>
<entry name="source/main/java/com/eviware/soapui/model/tree/nodes/package.html" shared="false" uninstallMode="0"/>
<entry name="jre/legal/jdk.net/LICENSE" shared="false" uninstallMode="3"/>
<entry name="source/main/java/com/eviware/soapui/model/tree/nodes/LoadTestTreeNode.java" shared="false" uninstallMode="0"/>
<entry name="source/main/java/com/eviware/soapui/impl/wsdl/support/assertions/AssertionsSupport.java" shared="false" uninstallMode="0"/>
<entry name="source/main/resources/com/eviware/soapui/resources/images/bullet_black.png" shared="false" uninstallMode="0"/>
<entry name="source/test/java/com/eviware/soapui/impl/wsdl/support/PathUtilsTest.java" shared="false" uninstallMode="0"/>
<entry name="source/main/java/com/eviware/soapui/impl/rest/actions/explorer/EndpointExplorerAction.java" shared="false" uninstallMode="0"/>
<entry name="jre/lib/jvm.cfg" shared="false" uninstallMode="3"/>
<entry name="source/test/resources/sample-soapui-project.xml" shared="false" uninstallMode="0"/>
<entry name="source/main/java/com/eviware/soapui/impl/wsdl/teststeps/WsdlMockResponseTestStep.java" shared="false" uninstallMode="0"/>
<entry name="source/main/java/com/eviware/soapui/security/ui/XPathCellRender.java" shared="false" uninstallMode="0"/>
<entry name="source/main/java/com/eviware/soapui/impl/rest/actions/request/DeleteRestRequestAction.java" shared="false" uninstallMode="0"/>
<entry name="source/main/java/com/eviware/soapui/actions/SwitchDesktopPanelAction.java" shared="false" uninstallMode="0"/>
<entry name="source/main/java/com/eviware/soapui/impl/wsdl/panels/teststeps/JdbcRequest.java" shared="false" uninstallMode="0"/>
<entry name="source/main/java/com/eviware/soapui/tools/SoapUILoadTestRunner.java" shared="false" uninstallMode="0"/>
<entry name="source/main/java/com/eviware/soapui/impl/wsdl/loadtest/WsdlLoadTestRunner.java" shared="false" uninstallMode="0"/>
<entry name="source/main/resources/com/eviware/soapui/resources/images/favicon_toolbar.png" shared="false" uninstallMode="0"/>
<entry name="source/main/java/com/eviware/soapui/model/support/ShowModelItemAction.java" shared="false" uninstallMode="0"/>
<entry name="lib/jakarta.xml.bind-api-2.3.2.jar" shared="false" uninstallMode="0"/>
<entry name="source/main/java/com/eviware/soapui/support/action/support/AbstractSoapUIAction.java" shared="false" uninstallMode="0"/>
<entry name="jre/legal/java.rmi/ASSEMBLY_EXCEPTION" shared="false" uninstallMode="3"/>
<entry name="source/main/java/com/eviware/soapui/impl/wsdl/mock/MockRunnerManagerException.java" shared="false" uninstallMode="0"/>
<entry name="source/main/java/com/eviware/soapui/support/editor/inspectors/auth/OAuth2Form.java" shared="false" uninstallMode="0"/>
<entry name="source/main/java/com/eviware/soapui/impl/wsdl/panels/project/package.html" shared="false" uninstallMode="0"/>
<entry name="source/main/java/com/eviware/soapui/support/components/WebViewBasedBrowserComponentFactory.java" shared="false" uninstallMode="0"/>
<entry name="source/main/java/com/eviware/soapui/security/scan/InvalidTypesSecurityScan.java" shared="false" uninstallMode="0"/>
<entry name="source/main/resources/com/eviware/soapui/resources/images/plus.gif" shared="false" uninstallMode="0"/>
<entry name="source/main/resources/com/eviware/soapui/resources/images/valid_amf_request_step.png" shared="false" uninstallMode="0"/>
<entry name="source/main/java/com/eviware/soapui/impl/wsdl/loadtest/data/actions/ExportStatisticsAction.java" shared="false" uninstallMode="0"/>
<entry name="source/test/java/com/eviware/soapui/utils/StubbedDialogsTestBase.java" shared="false" uninstallMode="0"/>
<entry name="jre/legal/java.datatransfer/ADDITIONAL_LICENSE_INFO" shared="false" uninstallMode="3"/>
<entry name="source/main/java/com/eviware/soapui/impl/wsdl/teststeps/registry/JdbcRequestTestStepFactory.java" shared="false" uninstallMode="0"/>
<entry name="source/main/java/com/eviware/soapui/ui/support/AbstractMockOperationDesktopPanel.java" shared="false" uninstallMode="0"/>
<entry name="source/main/java/com/eviware/soapui/impl/wsdl/actions/request/AddWsaHeadersToRequestAction.java" shared="false" uninstallMode="0"/>
<entry name="source/main/resources/com/eviware/soapui/resources/images/create_empty_method.gif" shared="false" uninstallMode="0"/>
<entry name="source/main/java/com/eviware/soapui/Version.java" shared="false" uninstallMode="0"/>
<entry name="source/main/java/com/eviware/soapui/support/types/StringToObjectMap.java" shared="false" uninstallMode="0"/>
<entry name="source/main/java/com/eviware/soapui/impl/rest/actions/oauth/OAuth2ClientFacade.java" shared="false" uninstallMode="0"/>
<entry name="source/main/java/com/eviware/soapui/model/security/SecurityCheckedParameter.java" shared="false" uninstallMode="0"/>
<entry name="source/main/java/com/eviware/soapui/impl/wsdl/actions/mockresponse/CloneMockResponseAction.java" shared="false" uninstallMode="0"/>
<entry name="jre/legal/java.compiler/ADDITIONAL_LICENSE_INFO" shared="false" uninstallMode="3"/>
<entry name="source/main/java/com/eviware/soapui/impl/wsdl/submit/transports/http/support/metrics/Stopwatch.java" shared="false" uninstallMode="0"/>
<entry name="source/main/java/com/eviware/soapui/impl/wsdl/support/wss/support/SAMLAttributeValuesTable.java" shared="false" uninstallMode="0"/>
<entry name="source/main/java/com/eviware/soapui/impl/wsdl/actions/request/RenameRequestAction.java" shared="false" uninstallMode="0"/>
<entry name="source/main/java/com/eviware/soapui/SwingSoapUICore.java" shared="false" uninstallMode="0"/>
<entry name="source/main/resources/com/eviware/soapui/resources/images/create_request_from_result.gif" shared="false" uninstallMode="0"/>
<entry name="source/main/java/com/eviware/soapui/impl/rest/mock/RestMockResult.java" shared="false" uninstallMode="0"/>
<entry name="source/main/java/com/eviware/soapui/security/boundary/enumeration/EnumerationValues.java" shared="false" uninstallMode="0"/>
<entry name="source/main/java/com/eviware/soapui/model/security/SecurityScanParameterListener.java" shared="false" uninstallMode="0"/>
<entry name="source/main/java/com/eviware/soapui/impl/wadl/inference/schema/content/SimpleContent.java" shared="false" uninstallMode="0"/>
<entry name="source/main/java/com/eviware/soapui/impl/wsdl/panels/project/JProjectTestSuiteList.java" shared="false" uninstallMode="0"/>
<entry name="source/main/java/com/eviware/soapui/impl/wsdl/support/wss/ImprovedWSSecSignature.java" shared="false" uninstallMode="0"/>
<entry name="SoapUI-Tutorials/Sample-Authentication-Project-soapui-project.xml" shared="false" uninstallMode="0"/>
<entry name="source/test/resources/with-expansions.wsdl" shared="false" uninstallMode="0"/>
<entry name="source/main/resources/com/eviware/soapui/resources/images/remove_assertion.gif" shared="false" uninstallMode="0"/>
<entry name="jre/lib/libsplashscreen.so" shared="false" uninstallMode="3"/>
<entry name="source/main/resources/com/eviware/soapui/explorer/css/jquery-ui.css" shared="false" uninstallMode="0"/>
<entry name="source/main/resources/com/eviware/soapui/resources/images/jdbc_request.png" shared="false" uninstallMode="0"/>
<entry name="source/main/java/com/eviware/soapui/impl/wsdl/submit/RequestFilterFactory.java" shared="false" uninstallMode="0"/>
<entry name="source/main/java/com/eviware/soapui/impl/wsdl/AttachmentContainer.java" shared="false" uninstallMode="0"/>
<entry name="source/main/java/com/eviware/soapui/model/testsuite/TestStepProperty.java" shared="false" uninstallMode="0"/>
<entry name="source/main/resources/com/eviware/soapui/explorer/css/starter-page-main-api-inspection.css" shared="false" uninstallMode="0"/>
<entry name="source/main/java/com/eviware/soapui/security/log/FunctionalTestLogModel.java" shared="false" uninstallMode="0"/>
<entry name=".install4j/i4j_extf_8_hs6ad0_18gg8kx.png" shared="false" uninstallMode="2"/>
<entry name="jre/legal/jdk.localedata/cldr.md" shared="false" uninstallMode="3"/>
<entry name="source/main/java/com/eviware/soapui/security/boundary/DateBoundary.java" shared="false" uninstallMode="0"/>
<entry name="source/main/java/com/eviware/soapui/support/MutableValue.java" shared="false" uninstallMode="0"/>
<entry name="source/main/java/com/eviware/soapui/impl/wsdl/panels/teststeps/RestTestRequestPanelBuilder.java" shared="false" uninstallMode="0"/>
<entry name="source/main/java/com/eviware/soapui/impl/wsdl/submit/filters/StripWhitespacesRequestFilter.java" shared="false" uninstallMode="0"/>
<entry name="source/test/java/com/eviware/soapui/impl/wsdl/monitor/jettyproxy/ProxyServletContentTypeTest.java" shared="false" uninstallMode="0"/>
<entry name="source/main/java/com/eviware/soapui/impl/wsdl/mock/dispatch/XPathMockOperationDispatcher.java" shared="false" uninstallMode="0"/>
<entry name="source/main/java/com/eviware/soapui/impl/support/http/MediaType.java" shared="false" uninstallMode="0"/>
<entry name="source/main/java/com/eviware/soapui/impl/wsdl/support/xsd/SchemaLoader.java" shared="false" uninstallMode="0"/>
<entry name="jre/lib/classlist" shared="false" uninstallMode="3"/>
<entry name="source/main/resources/com/eviware/soapui/resources/images/SoapUI-blank.png" shared="false" uninstallMode="0"/>
<entry name="source/main/java/com/eviware/soapui/impl/rest/RestResource.java" shared="false" uninstallMode="0"/>
<entry name="source/main/java/com/eviware/soapui/security/scan/AbstractSecurityScanWithProperties.java" shared="false" uninstallMode="0"/>
<entry name=".install4j/install.prop" shared="false" uninstallMode="0"/>
<entry name="source/main/java/com/eviware/x/form/support/AForm.java" shared="false" uninstallMode="0"/>
<entry name="source/main/java/com/eviware/soapui/security/panels/ReleasableNode.java" shared="false" uninstallMode="0"/>
<entry name="source/main/java/com/eviware/soapui/support/swing/ModalFrameDialog.java" shared="false" uninstallMode="0"/>
<entry name="source/main/resources/com/eviware/soapui/resources/images/rest_virt_6.png" shared="false" uninstallMode="0"/>
<entry name="source/main/java/com/eviware/soapui/support/editor/views/xml/source/XmlSourceEditorViewFactory.java" shared="false" uninstallMode="0"/>
<entry name="source/main/resources/com/eviware/soapui/resources/images/invalid_rest_request.gif" shared="false" uninstallMode="0"/>
<entry name="source/main/java/com/eviware/soapui/impl/wsdl/panels/teststeps/JdbcRequestTestStepDesktopPanel.java" shared="false" uninstallMode="0"/>
<entry name="lib/wsdl4j-1.6.2-fixed.jar" shared="false" uninstallMode="0"/>
<entry name="source/main/java/com/eviware/soapui/impl/wadl/support/GeneratedWadlDefinitionLoader.java" shared="false" uninstallMode="0"/>
<entry name="source/main/resources/com/eviware/soapui/resources/images/favicon.png" shared="false" uninstallMode="0"/>
<entry name="jre/legal/java.scripting/ASSEMBLY_EXCEPTION" shared="false" uninstallMode="3"/>
<entry name="source/main/java/com/eviware/soapui/support/editor/inspectors/amfheader/AMFHeadersInspectorModel.java" shared="false" uninstallMode="0"/>
<entry name="source/main/java/com/eviware/soapui/impl/rest/actions/service/GenerateRestMockServiceAction.java" shared="false" uninstallMode="0"/>
<entry name=".install4j/uninstall.png" shared="false" uninstallMode="2"/>
<entry name="source/main/java/com/eviware/soapui/impl/wsdl/support/soap/AbstractSoapVersion.java" shared="false" uninstallMode="0"/>
<entry name="source/main/java/com/eviware/soapui/impl/wsdl/support/wss/crypto/KeyMaterialWssCrypto.java" shared="false" uninstallMode="0"/>
<entry name="source/main/resources/com/eviware/soapui/resources/images/valid_http_request_step.png" shared="false" uninstallMode="0"/>
<entry name="source/main/java/com/eviware/soapui/impl/wsdl/submit/transports/http/HttpMethodSupport.java" shared="false" uninstallMode="0"/>
<entry name="source/main/resources/com/eviware/soapui/resources/images/Trial_20-20.png" shared="false" uninstallMode="0"/>
<entry name="licences/jtidy-LICENSE.txt" shared="false" uninstallMode="0"/>
<entry name="source/main/java/com/eviware/soapui/impl/support/HasHelpUrl.java" shared="false" uninstallMode="0"/>
<entry name="source/main/java/com/eviware/soapui/impl/rest/actions/service/DeleteRestServiceAction.java" shared="false" uninstallMode="0"/>
<entry name="source/main/java/com/eviware/soapui/impl/wsdl/loadtest/assertions/TestStepMaxAssertion.java" shared="false" uninstallMode="0"/>
<entry name="source/main/java/com/eviware/soapui/support/resolver/ChooseAnotherPropertySourceResolver.java" shared="false" uninstallMode="0"/>
<entry name="source/main/java/com/eviware/soapui/impl/wsdl/submit/transports/http/support/attachments/PostResponseDataSource.java" shared="false" uninstallMode="0"/>
<entry name="source/main/resources/com/eviware/soapui/resources/images/disk_multiple.png" shared="false" uninstallMode="0"/>
<entry name="source/test/java/com/eviware/soapui/impl/rest/RestResourceTest.java" shared="false" uninstallMode="0"/>
<entry name="source/main/java/com/eviware/soapui/impl/rest/panels/request/RestRequestMethodModel.java" shared="false" uninstallMode="0"/>
<entry name="source/main/java/com/eviware/soapui/monitor/support/package.html" shared="false" uninstallMode="0"/>
<entry name="source/main/java/com/eviware/soapui/impl/wsdl/support/wss/IncomingWss.java" shared="false" uninstallMode="0"/>
<entry name="source/main/java/com/eviware/soapui/settings/VersionUpdateSettings.java" shared="false" uninstallMode="0"/>
<entry name="source/main/java/com/eviware/soapui/impl/wsdl/panels/support/TestRunComponentEnabler.java" shared="false" uninstallMode="0"/>
<entry name="source/main/resources/com/eviware/soapui/resources/images/groovy_script_step.png" shared="false" uninstallMode="0"/>
<entry name="source/main/java/com/eviware/soapui/impl/rest/panels/request/inspectors/schema/InferredSchemaInspector.java" shared="false" uninstallMode="0"/>
<entry name="source/main/java/com/eviware/x/form/WizardPage.java" shared="false" uninstallMode="0"/>
<entry name="source/main/resources/com/eviware/soapui/resources/images/exec_http_request_4.gif" shared="false" uninstallMode="0"/>
<entry name="source/main/java/com/eviware/soapui/impl/rest/panels/request/views/html/HttpHtmlResponseViewFactory.java" shared="false" uninstallMode="0"/>
<entry name="source/main/java/com/eviware/soapui/support/action/support/package.html" shared="false" uninstallMode="0"/>
<entry name="jre/legal/java.xml/ASSEMBLY_EXCEPTION" shared="false" uninstallMode="3"/>
<entry name="source/main/resources/com/eviware/soapui/resources/images/add_environment.gif" shared="false" uninstallMode="0"/>
<entry name="source/main/java/com/eviware/soapui/actions/MockAsWarAction.java" shared="false" uninstallMode="0"/>
<entry name="source/main/java/com/eviware/soapui/impl/wsdl/actions/testcase/RenameTestCaseAction.java" shared="false" uninstallMode="0"/>
<entry name="source/main/java/com/eviware/soapui/model/testsuite/MessageExchangeTestStepResult.java" shared="false" uninstallMode="0"/>
<entry name="source/main/java/com/eviware/soapui/settings/ProxySettings.java" shared="false" uninstallMode="0"/>
<entry name="source/main/java/com/eviware/soapui/impl/wsdl/loadtest/WsdlLoadTest.java" shared="false" uninstallMode="0"/>
<entry name="/home/labuser/SoapUI-Tutorials/popular-apis/Google-Maps-soapui-project.xml" shared="false" uninstallMode="0"/>
<entry name="source/main/java/com/eviware/soapui/support/resolver/ResolveContext.java" shared="false" uninstallMode="0"/>
<entry name="source/main/resources/com/eviware/soapui/resources/images/security_test.png" shared="false" uninstallMode="0"/>
<entry name="source/main/java/com/eviware/soapui/model/mock/package.html" shared="false" uninstallMode="0"/>
<entry name="source/main/java/com/eviware/soapui/support/types/StringToStringMap.java" shared="false" uninstallMode="0"/>
<entry name="source/main/java/com/eviware/soapui/impl/wsdl/actions/project/AddWsdlAction.java" shared="false" uninstallMode="0"/>
<entry name="lib/reflections-0.9.9-RC1.jar" shared="false" uninstallMode="0"/>
<entry name="source/main/java/com/eviware/soapui/impl/wsdl/actions/mockoperation/NewMockResponseAction.java" shared="false" uninstallMode="0"/>
<entry name="source/main/java/com/eviware/x/impl/swing/SwingFormFactory.java" shared="false" uninstallMode="0"/>
<entry name="jre/legal/java.security.sasl/LICENSE" shared="false" uninstallMode="3"/>
<entry name="/home/labuser/.soapuios/plugins/readyapi-postman-1.0.1.jar" shared="false" uninstallMode="0"/>
<entry name="source/main/java/com/eviware/soapui/impl/wsdl/panels/operation/WsdlOperationPanelBuilder.java" shared="false" uninstallMode="0"/>
<entry name="source/main/java/com/eviware/soapui/support/editor/inspectors/attachments/AttachmentsPanel.java" shared="false" uninstallMode="0"/>
<entry name="source/main/java/com/eviware/soapui/impl/wsdl/support/VMOptionReader.java" shared="false" uninstallMode="0"/>
<entry name="source/main/resources/com/eviware/soapui/resources/images/mockOperation.gif" shared="false" uninstallMode="0"/>
<entry name="source/main/java/com/eviware/soapui/support/editor/views/xml/raw/RawXmlEditorFactory.java" shared="false" uninstallMode="0"/>
<entry name="source/main/resources/com/eviware/soapui/resources/images/exec_jdbc_request.gif" shared="false" uninstallMode="0"/>
<entry name="source/main/java/com/eviware/soapui/support/DocumentListenerAdapter.java" shared="false" uninstallMode="0"/>
<entry name="source/main/java/com/eviware/soapui/support/xml/actions/package.html" shared="false" uninstallMode="0"/>
<entry name="source/main/java/com/eviware/soapui/impl/wsdl/panels/teststeps/PropertyTransfersTestStepPanelBuilder.java" shared="false" uninstallMode="0"/>
<entry name="source/main/java/com/eviware/soapui/actions/UIPrefs.java" shared="false" uninstallMode="0"/>
<entry name="source/main/java/com/eviware/soapui/impl/wsdl/teststeps/RestTestRequestStep.java" shared="false" uninstallMode="0"/>
<entry name="bin/soapui-log4j.xml" shared="false" uninstallMode="0"/>
<entry name="lib/jquery-3.5.1.jar" shared="false" uninstallMode="0"/>
<entry name="source/test/resources/wadl/NewsSearchError.xsd" shared="false" uninstallMode="0"/>
<entry name="source/main/java/com/eviware/soapui/security/support/ProgressBarSecurityTestStepAdapter.java" shared="false" uninstallMode="0"/>
<entry name="source/main/java/com/eviware/soapui/impl/rest/support/XmlBeansRestParamsTestPropertyHolder.java" shared="false" uninstallMode="0"/>
<entry name="source/main/java/com/eviware/soapui/actions/HttpPrefs.java" shared="false" uninstallMode="0"/>
<entry name="source/main/java/com/eviware/soapui/support/components/GroovyEditorInspector.java" shared="false" uninstallMode="0"/>
<entry name="jre/legal/jdk.xml.dom/ADDITIONAL_LICENSE_INFO" shared="false" uninstallMode="3"/>
<entry name="lib/stax-ex-1.8.1.jar" shared="false" uninstallMode="0"/>
<entry name="jre/legal/java.smartcardio/LICENSE" shared="false" uninstallMode="3"/>
<entry name="source/main/java/com/eviware/soapui/impl/wsdl/actions/iface/tools/axis1/package.html" shared="false" uninstallMode="0"/>
<entry name="lib/okhttp-4.10.0.jar" shared="false" uninstallMode="0"/>
<entry name="licences/not-yet-commons-ssl-LICENSE.txt" shared="false" uninstallMode="0"/>
<entry name="source/main/java/com/eviware/soapui/impl/wsdl/actions/iface/tools/support/ToolHost.java" shared="false" uninstallMode="0"/>
<entry name="source/main/java/com/eviware/soapui/model/propertyexpansion/PropertyExpansionUtils.java" shared="false" uninstallMode="0"/>
<entry name="source/main/resources/com/eviware/soapui/resources/images/previewscroller.gif" shared="false" uninstallMode="0"/>
<entry name="source/main/java/com/eviware/soapui/impl/wadl/inference/support/DenyAll.java" shared="false" uninstallMode="0"/>
<entry name="jre/legal/jdk.unsupported.desktop/LICENSE" shared="false" uninstallMode="3"/>
<entry name="licences/bcprov-LICENSE.txt" shared="false" uninstallMode="0"/>
<entry name="source/main/java/org/syntax/jedit/InputHandler.java" shared="false" uninstallMode="0"/>
<entry name="lib/xmlpull-1.1.3.1.jar" shared="false" uninstallMode="0"/>
<entry name="source/main/java/com/eviware/soapui/impl/RoundButton.java" shared="false" uninstallMode="0"/>
<entry name="source/main/java/com/eviware/soapui/monitor/support/TestMonitorListenerAdapter.java" shared="false" uninstallMode="0"/>
<entry name="source/test/java/com/eviware/soapui/model/propertyexpansion/resolvers/providers/CurrentStepIndexProviderTest.java" shared="false" uninstallMode="0"/>
<entry name="source/main/java/com/eviware/soapui/impl/wsdl/panels/mockoperation/actions/CreateEmptyWsdlMockResponseAction.java" shared="false" uninstallMode="0"/>
<entry name="source/main/java/com/eviware/soapui/model/propertyexpansion/resolvers/providers/WorkspaceDirProvider.java" shared="false" uninstallMode="0"/>
<entry name="source/test/java/com/eviware/soapui/utils/ResourceUtils.java" shared="false" uninstallMode="0"/>
<entry name="lib/stax2-api-3.1.4.jar" shared="false" uninstallMode="0"/>
<entry name="lib/httpcore-nio-4.4.9.jar" shared="false" uninstallMode="0"/>
<entry name="lib/groovy-xml-3.0.19.jar" shared="false" uninstallMode="0"/>
<entry name="source/test/java/com/eviware/soapui/impl/wsdl/support/SchemaUtilsDefaultNSTest.java" shared="false" uninstallMode="0"/>
<entry name="source/main/java/com/eviware/soapui/impl/wsdl/support/soap/SoapVersion11.java" shared="false" uninstallMode="0"/>
<entry name="source/test/resources/keys/pkcs12-test-key.p12" shared="false" uninstallMode="0"/>
<entry name="source/main/resources/com/eviware/soapui/resources/images/exec_jdbc_request_3.gif" shared="false" uninstallMode="0"/>
<entry name="tempHermes/script.xml" shared="false" uninstallMode="0"/>
<entry name="source/main/resources/com/eviware/soapui/resources/images/mocknotificationoperation.gif" shared="false" uninstallMode="0"/>
<entry name="source/main/java/com/eviware/soapui/impl/wadl/inference/support/InferredSchemaImpl.java" shared="false" uninstallMode="0"/>
<entry name="source/main/java/com/eviware/soapui/impl/rest/actions/oauth/OAuth1Exception.java" shared="false" uninstallMode="0"/>
<entry name="source/main/java/com/eviware/x/form/support/AField.java" shared="false" uninstallMode="0"/>
<entry name="lib/istack-commons-runtime-3.0.8.jar" shared="false" uninstallMode="0"/>
<entry name="source/main/java/com/eviware/soapui/impl/wsdl/teststeps/registry/HttpRequestStepFactory.java" shared="false" uninstallMode="0"/>
<entry name="jre/legal/java.sql.rowset/ADDITIONAL_LICENSE_INFO" shared="false" uninstallMode="3"/>
<entry name="source/main/resources/com/eviware/soapui/resources/images/mockService_4.gif" shared="false" uninstallMode="0"/>
<entry name="source/test/java/com/eviware/soapui/impl/rest/RestServiceTest.java" shared="false" uninstallMode="0"/>
<entry name="source/main/java/com/eviware/soapui/impl/actions/RestServiceBuilder.java" shared="false" uninstallMode="0"/>
<entry name="source/main/java/com/eviware/soapui/impl/rest/panels/mock/RestMockActionDesktopPanel.java" shared="false" uninstallMode="0"/>
<entry name="source/main/java/com/eviware/soapui/impl/wsdl/panels/support/AbstractMockTestRunner.java" shared="false" uninstallMode="0"/>
<entry name="source/main/java/com/eviware/soapui/model/util/package.html" shared="false" uninstallMode="0"/>
<entry name="source/main/java/com/eviware/soapui/plugins/PluginLoader.java" shared="false" uninstallMode="0"/>
<entry name="source/main/java/com/eviware/soapui/impl/wsdl/mock/dispatch/QueryMatchMockOperationDispatcher.java" shared="false" uninstallMode="0"/>
<entry name="source/test/java/com/eviware/soapui/impl/wsdl/WorkspaceTest.java" shared="false" uninstallMode="0"/>
<entry name="source/main/java/com/eviware/soapui/support/components/PropertyComponent.java" shared="false" uninstallMode="0"/>
<entry name="source/main/java/com/eviware/soapui/plugins/PluginProxies.java" shared="false" uninstallMode="0"/>
<entry name="licences/hermesJMS-LICENCE.TXT" shared="false" uninstallMode="0"/>
<entry name="source/main/java/com/eviware/soapui/support/editor/registry/RequestMessageEditor.java" shared="false" uninstallMode="0"/>
<entry name="source/main/java/com/eviware/soapui/impl/wsdl/teststeps/JdbcRequestTestStep.java" shared="false" uninstallMode="0"/>
<entry name="jre/legal/jdk.accessibility/LICENSE" shared="false" uninstallMode="3"/>
<entry name="source/main/java/com/eviware/soapui/impl/wsdl/loadtest/assertions/TestStepAverageAssertion.java" shared="false" uninstallMode="0"/>
<entry name="source/main/java/com/eviware/x/impl/swing/SwingXFormDialogBuilder.java" shared="false" uninstallMode="0"/>
<entry name="source/test/java/com/eviware/soapui/tools/CaseInsensitiveFileFilterTest.java" shared="false" uninstallMode="0"/>
<entry name="source/main/java/com/eviware/soapui/model/util/PanelBuilderRegistry.java" shared="false" uninstallMode="0"/>
<entry name="lib/i4jruntime-5.1.14.jar" shared="false" uninstallMode="0"/>
<entry name="source/main/java/com/eviware/soapui/impl/wsdl/actions/mockoperation/DeleteMockOperationAction.java" shared="false" uninstallMode="0"/>
<entry name="source/main/java/com/eviware/soapui/impl/rest/panels/request/views/json/JsonResponseMessageExchangeView.java" shared="false" uninstallMode="0"/>
<entry name="source/test/java/com/eviware/soapui/impl/rest/actions/oauth/GetOAuthAccessTokenActionTest.java" shared="false" uninstallMode="0"/>
<entry name="source/main/java/com/eviware/soapui/support/DefaultEditorFactory.java" shared="false" uninstallMode="0"/>
<entry name="source/main/java/com/eviware/soapui/impl/wsdl/teststeps/assertions/TestAssertionRegistry.java" shared="false" uninstallMode="0"/>
<entry name="source/main/resources/com/eviware/soapui/resources/images/valid_soap_request_step.png" shared="false" uninstallMode="0"/>
<entry name="source/main/java/com/eviware/soapui/impl/wsdl/panels/teststeps/amf/AMFRequestTestStepPanelBuilder.java" shared="false" uninstallMode="0"/>
<entry name="source/main/java/com/eviware/soapui/impl/wsdl/support/BindingImporter.java" shared="false" uninstallMode="0"/>
<entry name="source/main/java/com/eviware/soapui/impl/wsdl/support/wss/entries/ManualSAMLEntry.java" shared="false" uninstallMode="0"/>
<entry name="source/main/java/com/eviware/soapui/support/components/ProgressDialog.java" shared="false" uninstallMode="0"/>
<entry name="source/main/java/com/eviware/soapui/support/UIUtils.java" shared="false" uninstallMode="0"/>
<entry name="source/main/java/com/eviware/soapui/support/dnd/handlers/AbstractCopyingModelItemDropHandler.java" shared="false" uninstallMode="0"/>
<entry name="source/test/resources/soapui-projects/REST-multiple-service-soapui-project.xml" shared="false" uninstallMode="0"/>
<entry name="source/main/java/com/eviware/soapui/impl/wsdl/panels/teststeps/support/PropertyHolderTable.java" shared="false" uninstallMode="0"/>
<entry name="source/main/java/com/eviware/soapui/model/support/TestRunListenerAdapter.java" shared="false" uninstallMode="0"/>
<entry name="source/main/java/com/eviware/soapui/support/editor/inspectors/ssl/ResponseSSLInspector.java" shared="false" uninstallMode="0"/>
<entry name="source/main/java/com/smartbear/swagger/AddSwaggerAction.java" shared="false" uninstallMode="0"/>
<entry name="source/main/resources/com/eviware/soapui/resources/images/rest_virt_5.gif" shared="false" uninstallMode="0"/>
<entry name="source/main/java/com/eviware/soapui/model/mock/MockResult.java" shared="false" uninstallMode="0"/>
<entry name="source/main/java/com/eviware/soapui/support/editor/inspectors/wsa/WsaInspectorFactory.java" shared="false" uninstallMode="0"/>
<entry name="source/main/resources/css/swaggerhub-plugin.css" shared="false" uninstallMode="0"/>
<entry name="source/main/java/com/eviware/soapui/impl/rest/panels/method/RestRepresentationsTable.java" shared="false" uninstallMode="0"/>
<entry name="source/main/java/com/eviware/soapui/impl/wsdl/teststeps/BeanPathPropertySupport.java" shared="false" uninstallMode="0"/>
<entry name="source/main/java/com/eviware/soapui/impl/wsdl/mock/WsdlMockRunner.java" shared="false" uninstallMode="0"/>
<entry name="source/main/resources/com/eviware/soapui/impl/wsdl/actions/project/Bundle.properties" shared="false" uninstallMode="0"/>
<entry name="lib/javafx-swing-17.0.12-linux.jar" shared="false" uninstallMode="0"/>
<entry name="source/main/java/com/eviware/soapui/impl/wsdl/submit/filters/HttpSettingsRequestFilter.java" shared="false" uninstallMode="0"/>
<entry name="source/main/java/com/eviware/soapui/impl/support/components/RequestXmlDocument.java" shared="false" uninstallMode="0"/>
<entry name="jre/legal/jdk.unsupported.desktop/ASSEMBLY_EXCEPTION" shared="false" uninstallMode="3"/>
<entry name="source/main/java/com/eviware/soapui/tools/SoapUISecurityTestRunner.java" shared="false" uninstallMode="0"/>
<entry name="lib/annotations-13.0.jar" shared="false" uninstallMode="0"/>
<entry name="source/test/resources/test6/TestService.wsdl" shared="false" uninstallMode="0"/>
<entry name="source/main/java/com/eviware/soapui/impl/rest/support/MediaTypeHandler.java" shared="false" uninstallMode="0"/>
<entry name="source/main/java/com/eviware/soapui/impl/wsdl/panels/mockoperation/MockRequestXmlDocument.java" shared="false" uninstallMode="0"/>
<entry name="source/main/java/com/eviware/soapui/support/action/swing/ActionComponentFactory.java" shared="false" uninstallMode="0"/>
<entry name="source/main/java/com/eviware/soapui/support/editor/inspectors/auth/AuthorizationSelectionDialog.java" shared="false" uninstallMode="0"/>
<entry name="source/main/java/com/eviware/soapui/impl/wsdl/submit/filters/EndpointRequestFilter.java" shared="false" uninstallMode="0"/>
<entry name="source/main/java/com/eviware/soapui/plugins/ListenerConfiguration.java" shared="false" uninstallMode="0"/>
<entry name="source/main/java/com/eviware/soapui/security/SecurityTestListener.java" shared="false" uninstallMode="0"/>
<entry name="source/main/java/com/eviware/soapui/impl/wsdl/support/wss/saml/callback/SAML2CallbackHandler.java" shared="false" uninstallMode="0"/>
<entry name="source/main/java/org/syntax/jedit/tokenmarker/package.html" shared="false" uninstallMode="0"/>
<entry name="source/main/java/com/eviware/soapui/impl/wsdl/support/CompressedStringSupport.java" shared="false" uninstallMode="0"/>
<entry name="source/main/java/com/eviware/soapui/impl/wsdl/actions/iface/GenerateMockServiceAction.java" shared="false" uninstallMode="0"/>
<entry name="lib/xml-apis-1.4.01.jar" shared="false" uninstallMode="0"/>
<entry name="source/main/java/com/eviware/soapui/impl/wsdl/actions/iface/tools/axis1/Axis1XWSDL2JavaAction.java" shared="false" uninstallMode="0"/>
<entry name=".install4j/launcher2bfa42ba.jar" shared="false" uninstallMode="2"/>
<entry name="source/main/java/com/eviware/soapui/impl/wsdl/actions/mockoperation/ExportMockOperation.java" shared="false" uninstallMode="0"/>
<entry name="lib/kotlin-stdlib-jdk7-1.6.10.jar" shared="false" uninstallMode="0"/>
<entry name="source/main/java/com/eviware/soapui/impl/rest/actions/oauth/UserBrowserFacade.java" shared="false" uninstallMode="0"/>
<entry name="source/main/resources/com/eviware/soapui/resources/images/xml_bomb_scan.gif" shared="false" uninstallMode="0"/>
<entry name="bin/starter-page.html" shared="false" uninstallMode="0"/>
<entry name="source/main/java/com/eviware/soapui/support/swing/package.html" shared="false" uninstallMode="0"/>
<entry name="source/main/resources/com/eviware/soapui/resources/security/sensitiveInfo.txt" shared="false" uninstallMode="0"/>
<entry name="source/main/java/com/eviware/soapui/impl/wsdl/panels/assertions/AddAssertionPanel.java" shared="false" uninstallMode="0"/>
<entry name="source/main/java/org/syntax/jedit/tokenmarker/BatchFileTokenMarker.java" shared="false" uninstallMode="0"/>
<entry name="jre/legal/jdk.jsobject/ADDITIONAL_LICENSE_INFO" shared="false" uninstallMode="3"/>
<entry name="licences/commons-beanutils-LICENSE.txt" shared="false" uninstallMode="0"/>
<entry name="source/main/java/com/eviware/soapui/impl/support/components/ResponseMessageXmlEditor.java" shared="false" uninstallMode="0"/>
<entry name="source/main/java/org/syntax/jedit/tokenmarker/TSQLTokenMarker.java" shared="false" uninstallMode="0"/>
<entry name="source/main/java/com/eviware/soapui/analytics/SoapUIActions.java" shared="false" uninstallMode="0"/>
<entry name="source/main/java/com/eviware/soapui/support/SecurityScanUtil.java" shared="false" uninstallMode="0"/>
<entry name="source/main/java/com/eviware/soapui/impl/wsdl/actions/iface/tools/wscompile/WSCompileAction.java" shared="false" uninstallMode="0"/>
<entry name="source/main/resources/com/eviware/soapui/resources/images/create_empty_request.gif" shared="false" uninstallMode="0"/>
<entry name="source/main/java/com/eviware/soapui/support/monitor/MonitorPanel.java" shared="false" uninstallMode="0"/>
<entry name="source/main/java/com/eviware/soapui/security/SecurityTestContext.java" shared="false" uninstallMode="0"/>
<entry name="source/test/resources/config/soapui-test-log4j.xml" shared="false" uninstallMode="0"/>
<entry name="source/main/java/com/eviware/soapui/impl/wsdl/submit/filters/GlobalHttpHeadersRequestFilter.java" shared="false" uninstallMode="0"/>
<entry name="source/main/resources/rsyntaxarea-theme/soapui.xml" shared="false" uninstallMode="0"/>
<entry name="source/main/java/com/eviware/soapui/SoapUIThreadCreator.java" shared="false" uninstallMode="0"/>
<entry name="source/main/java/com/eviware/soapui/model/environment/EnvironmentListener.java" shared="false" uninstallMode="0"/>
<entry name="source/main/java/com/eviware/soapui/plugins/PluginInfo.java" shared="false" uninstallMode="0"/>
<entry name="source/test/resources/test.keystore" shared="false" uninstallMode="0"/>
<entry name="source/main/java/com/eviware/soapui/impl/wsdl/actions/support/package.html" shared="false" uninstallMode="0"/>
<entry name="source/main/java/com/eviware/soapui/impl/wsdl/panels/request/WsdlRequestPanelBuilder.java" shared="false" uninstallMode="0"/>
<entry name="source/main/java/com/eviware/soapui/impl/wsdl/teststeps/assertions/basic/AssertionConfigurationDialog.java" shared="false" uninstallMode="0"/>
<entry name="source/main/resources/com/eviware/soapui/resources/images/updateDefinition.gif" shared="false" uninstallMode="0"/>
<entry name="jre/legal/jdk.management.jfr/LICENSE" shared="false" uninstallMode="3"/>
<entry name="source/main/java/com/eviware/soapui/impl/wsdl/actions/iface/tools/gsoap/package.html" shared="false" uninstallMode="0"/>
<entry name="source/test/java/com/eviware/soapui/utils/CommonMatchers.java" shared="false" uninstallMode="0"/>
<entry name="source/main/java/com/eviware/soapui/plugins/auto/factories/AutoResponseEditorViewFactory.java" shared="false" uninstallMode="0"/>
<entry name="source/main/java/com/eviware/soapui/impl/wsdl/actions/request/AddRequestToTestCaseAction.java" shared="false" uninstallMode="0"/>
<entry name="source/main/java/com/eviware/soapui/impl/wsdl/teststeps/registry/ProPlaceholderStepFactory.java" shared="false" uninstallMode="0"/>
<entry name="source/main/java/com/eviware/soapui/mockaswar/MockAsWarCoreInterface.java" shared="false" uninstallMode="0"/>
<entry name="source/main/resources/com/eviware/soapui/resources/images/exec_http_request_1.gif" shared="false" uninstallMode="0"/>
<entry name="source/main/resources/com/eviware/soapui/resources/images/datagen_step.png" shared="false" uninstallMode="0"/>
<entry name="source/main/resources/com/eviware/soapui/resources/xsds/xmime200505.xsd" shared="false" uninstallMode="0"/>
<entry name="source/main/java/com/eviware/soapui/security/panels/SecurityTestPanelBuilder.java" shared="false" uninstallMode="0"/>
<entry name="source/main/java/com/eviware/soapui/impl/wsdl/loadtest/data/actions/ExportLoadTestLogAction.java" shared="false" uninstallMode="0"/>
<entry name="source/main/java/com/eviware/soapui/actions/ProxyPrefs.java" shared="false" uninstallMode="0"/>
<entry name="source/test/resources/xqueryassertion/testBodyWithDifferentNSPrefix.xml" shared="false" uninstallMode="0"/>
<entry name="source/test/java/com/eviware/soapui/impl/rest/mock/RestMockResponseWriterTest.java" shared="false" uninstallMode="0"/>
<entry name="jre/include/linux/jni_md.h" shared="false" uninstallMode="3"/>
<entry name="source/main/java/com/eviware/soapui/impl/InterfaceFactory.java" shared="false" uninstallMode="0"/>
<entry name="source/main/java/org/syntax/jedit/tokenmarker/TokenMarker.java" shared="false" uninstallMode="0"/>
<entry name="source/main/java/com/eviware/soapui/security/scan/XmlBombSecurityScan.java" shared="false" uninstallMode="0"/>
<entry name="lib/jackson-core-2.13.0.jar" shared="false" uninstallMode="0"/>
<entry name="source/main/java/com/eviware/soapui/plugins/auto/factories/AutoRequestInspectorFactory.java" shared="false" uninstallMode="0"/>
<entry name="source/main/java/com/eviware/soapui/support/editor/inspectors/wss/WssInspectorFactory.java" shared="false" uninstallMode="0"/>
<entry name="source/main/java/com/eviware/soapui/model/testsuite/TestStep.java" shared="false" uninstallMode="0"/>
<entry name="source/main/java/com/eviware/soapui/security/registry/FuzzerSecurityScanFactory.java" shared="false" uninstallMode="0"/>
<entry name="source/main/java/com/eviware/soapui/impl/wsdl/submit/transports/http/support/methods/ExtendedGetMethod.java" shared="false" uninstallMode="0"/>
<entry name="source/main/java/com/eviware/soapui/model/workspace/WorkspaceFactory.java" shared="false" uninstallMode="0"/>
<entry name="source/main/java/com/eviware/soapui/testondemand/Location.java" shared="false" uninstallMode="0"/>
<entry name="source/main/java/com/eviware/soapui/impl/wsdl/support/AbstractTestCaseRunner.java" shared="false" uninstallMode="0"/>
<entry name="source/main/java/com/eviware/soapui/ui/navigator/state/NavigatorNodesExpandStateEngine.java" shared="false" uninstallMode="0"/>
<entry name="bin/soapui-5.8.0.jar" shared="false" uninstallMode="0"/>
<entry name="source/main/java/com/eviware/soapui/impl/wsdl/actions/mockoperation/ChangeMockOperationAction.java" shared="false" uninstallMode="0"/>
<entry name="lib/org.apache.oltu.oauth2.common-0.31.jar" shared="false" uninstallMode="0"/>
<entry name="source/main/xsd/wsdl/http.xsd" shared="false" uninstallMode="0"/>
<entry name="source/demo/soapui/demo/DemoAction.java" shared="false" uninstallMode="0"/>
<entry name=".install4j/i4j_extf_3_hs6ad0.TXT" shared="false" uninstallMode="2"/>
<entry name="jre/legal/java.security.sasl/ADDITIONAL_LICENSE_INFO" shared="false" uninstallMode="3"/>
<entry name="source/main/java/com/eviware/soapui/impl/wsdl/panels/request/StringToStringsMapTableModel.java" shared="false" uninstallMode="0"/>
<entry name="source/main/java/com/eviware/soapui/impl/rest/actions/method/CloneRestMethodAction.java" shared="false" uninstallMode="0"/>
<entry name="source/main/java/com/eviware/soapui/impl/wsdl/actions/project/RemoveProjectAction.java" shared="false" uninstallMode="0"/>
<entry name="source/main/java/com/eviware/soapui/impl/wsdl/teststeps/assertions/AbstractTestAssertionFactory.java" shared="false" uninstallMode="0"/>
<entry name="source/main/resources/com/eviware/soapui/resources/images/datasource_failed.gif" shared="false" uninstallMode="0"/>
<entry name="jre/legal/jdk.naming.dns/ADDITIONAL_LICENSE_INFO" shared="false" uninstallMode="3"/>
<entry name="source/main/xsd/soapui/soapui.xsd" shared="false" uninstallMode="0"/>
<entry name="source/main/resources/com/eviware/soapui/resources/images/amf_request_2.png" shared="false" uninstallMode="0"/>
<entry name="source/main/resources/com/eviware/soapui/resources/images/mockResponseStep.gif" shared="false" uninstallMode="0"/>
<entry name="lib/mail-1.4.jar" shared="false" uninstallMode="0"/>
<entry name="source/main/java/com/eviware/soapui/impl/wsdl/panels/support/MockTestRunContext.java" shared="false" uninstallMode="0"/>
<entry name="lib/testng-7.5.jar" shared="false" uninstallMode="0"/>
<entry name="source/main/resources/com/eviware/soapui/resources/images/toggle_tabs.gif" shared="false" uninstallMode="0"/>
<entry name="source/main/java/com/eviware/soapui/impl/wsdl/submit/transports/http/support/attachments/XOPPartDataSource.java" shared="false" uninstallMode="0"/>
<entry name="licences/commons-cli-LICENSE.txt" shared="false" uninstallMode="0"/>
<entry name="source/main/java/com/eviware/soapui/model/propertyexpansion/resolvers/MockRunPropertyResolver.java" shared="false" uninstallMode="0"/>
<entry name="source/main/java/com/eviware/soapui/impl/wsdl/actions/iface/tools/xfire/package.html" shared="false" uninstallMode="0"/>
<entry name="jre/legal/java.base/icu.md" shared="false" uninstallMode="3"/>
<entry name="source/main/resources/com/eviware/soapui/impl/wsdl/teststeps/assertions/basic/Bundle.properties" shared="false" uninstallMode="0"/>
<entry name="source/main/java/com/eviware/soapui/support/editor/EditorView.java" shared="false" uninstallMode="0"/>
<entry name="source/main/java/com/eviware/soapui/impl/wsdl/actions/testsuite/DeleteTestSuiteAction.java" shared="false" uninstallMode="0"/>
<entry name="source/main/java/com/eviware/soapui/impl/wsdl/submit/transports/http/support/methods/HttpPurgeMethod.java" shared="false" uninstallMode="0"/>
<entry name="jre/legal/jdk.internal.vm.compiler.management/ASSEMBLY_EXCEPTION" shared="false" uninstallMode="3"/>
<entry name="jre/legal/jdk.jfr/ADDITIONAL_LICENSE_INFO" shared="false" uninstallMode="3"/>
<entry name="source/main/java/com/eviware/soapui/tools/SoapUIMockServiceRunner.java" shared="false" uninstallMode="0"/>
<entry name="source/main/java/com/eviware/x/impl/swing/JLabelFormField.java" shared="false" uninstallMode="0"/>
<entry name="source/main/java/com/eviware/soapui/model/tree/AbstractModelItemTreeNode.java" shared="false" uninstallMode="0"/>
<entry name="source/main/java/com/eviware/soapui/support/monitor/RuntimeMemoryMonitorSource.java" shared="false" uninstallMode="0"/>
<entry name="jre/lib/sparc/client/classes.jsa" shared="false" uninstallMode="0"/>
<entry name="jre/legal/jdk.httpserver/ADDITIONAL_LICENSE_INFO" shared="false" uninstallMode="3"/>
<entry name=".install4j/s_1o46r56@2x.png" shared="false" uninstallMode="2"/>
<entry name="source/main/java/com/eviware/soapui/impl/wsdl/actions/iface/tools/support/ArgumentBuilder.java" shared="false" uninstallMode="0"/>
<entry name="source/main/java/org/syntax/jedit/SyntaxUtilities.java" shared="false" uninstallMode="0"/>
<entry name="jre/legal/jdk.internal.vm.compiler/LICENSE" shared="false" uninstallMode="3"/>
<entry name="source/main/java/com/eviware/soapui/impl/wsdl/submit/transports/http/support/methods/ExtendedUnlockMethod.java" shared="false" uninstallMode="0"/>
<entry name="source/main/java/com/eviware/soapui/impl/support/SSLUtils.java" shared="false" uninstallMode="0"/>
<entry name="source/main/java/com/eviware/soapui/settings/impl/SettingsToolLocatorImpl.java" shared="false" uninstallMode="0"/>
<entry name="source/main/java/com/eviware/soapui/impl/wsdl/teststeps/actions/ShowMessageExchangeAction.java" shared="false" uninstallMode="0"/>
<entry name="source/test/java/com/eviware/soapui/impl/wsdl/support/wsdl/UrlWsdlLoaderTest.java" shared="false" uninstallMode="0"/>
<entry name="source/main/java/com/eviware/soapui/impl/wsdl/panels/support/MockTestSuiteRunner.java" shared="false" uninstallMode="0"/>
<entry name="source/jsl/soapui-site.jsl" shared="false" uninstallMode="0"/>
<entry name="lib/xom-1.1.jar" shared="false" uninstallMode="0"/>
<entry name="lib/commons-lang-2.4.jar" shared="false" uninstallMode="0"/>
<entry name="source/main/java/com/eviware/soapui/support/editor/xml/XmlInspector.java" shared="false" uninstallMode="0"/>
<entry name="source/main/java/com/eviware/soapui/security/panels/SecurityTreeCellRender.java" shared="false" uninstallMode="0"/>
<entry name="hermesJMS/lib" shared="false" uninstallMode="0"/>
<entry name="source/main/java/com/eviware/soapui/plugins/auto/PluginSubReport.java" shared="false" uninstallMode="0"/>
<entry name="source/main/java/com/eviware/soapui/support/editor/views/xml/raw/RawXmlEditor.java" shared="false" uninstallMode="0"/>
<entry name="jre/conf/management/management.properties" shared="false" uninstallMode="3"/>
<entry name="lib/jakarta.activation-api-1.2.1.jar" shared="false" uninstallMode="0"/>
<entry name="source/main/java/com/eviware/soapui/support/components/GroovyEditorComponent.java" shared="false" uninstallMode="0"/>
<entry name="source/main/java/com/eviware/soapui/impl/wsdl/actions/request/ApplyOutgoingWSSToRequestAction.java" shared="false" uninstallMode="0"/>
<entry name="source/main/java/com/eviware/soapui/support/editor/registry/RequestEditorViewFactory.java" shared="false" uninstallMode="0"/>
<entry name="source/main/java/com/eviware/x/impl/swing/JWizardDialog.java" shared="false" uninstallMode="0"/>
<entry name="/home/labuser/SoapUI-Tutorials/Sample-Authentication-Project-soapui-project.xml" shared="false" uninstallMode="0"/>
<entry name="source/test/java/com/eviware/soapui/impl/rest/actions/oauth/ROPCInputParamsTest.java" shared="false" uninstallMode="0"/>
<entry name="source/test/resources/xsds/wsrm-1.1-schema-200702.xsd" shared="false" uninstallMode="0"/>
<entry name="source/main/xsd/jboss/jbossws-tool_1_0.xsd" shared="false" uninstallMode="0"/>
<entry name="jre/conf/management/jmxremote.password.template" shared="false" uninstallMode="3"/>
<entry name="lib/bcprov-jdk15on-1.64.jar" shared="false" uninstallMode="0"/>
<entry name="source/main/java/com/eviware/soapui/support/scripting/js/package.html" shared="false" uninstallMode="0"/>
<entry name="source/main/java/com/eviware/soapui/impl/wsdl/HttpAttachmentPart.java" shared="false" uninstallMode="0"/>
<entry name="source/main/java/com/eviware/soapui/impl/wsdl/actions/testcase/AddWsdlTestStepAction.java" shared="false" uninstallMode="0"/>
<entry name="lib/analytics-3.5.1.jar" shared="false" uninstallMode="0"/>
<entry name="source/main/java/com/eviware/soapui/impl/rest/OAuth1ProfileListener.java" shared="false" uninstallMode="0"/>
<entry name="source/main/java/com/eviware/soapui/support/preferences/UserPreferences.java" shared="false" uninstallMode="0"/>
<entry name="source/main/resources/com/eviware/soapui/resources/images/record_2.gif" shared="false" uninstallMode="0"/>
<entry name="source/main/java/com/smartbear/integrations/swaggerhub/ReadFromSwaggerHubAction.java" shared="false" uninstallMode="0"/>
<entry name="jre/legal/java.sql.rowset/ASSEMBLY_EXCEPTION" shared="false" uninstallMode="3"/>
<entry name="source/main/java/com/eviware/soapui/support/xml/XmlObjectConfigurationBuilder.java" shared="false" uninstallMode="0"/>
<entry name="source/main/java/com/eviware/soapui/plugins/PluginDependencies.java" shared="false" uninstallMode="0"/>
<entry name="lib/groovy-console-3.0.19.jar" shared="false" uninstallMode="0"/>
<entry name="source/main/java/com/eviware/soapui/impl/support/AbstractMockResponse.java" shared="false" uninstallMode="0"/>
<entry name="source/main/java/com/eviware/soapui/support/registry/RegistryEntry.java" shared="false" uninstallMode="0"/>
<entry name="source/main/java/com/eviware/soapui/impl/wsdl/submit/transports/http/HttpStatusHolder.java" shared="false" uninstallMode="0"/>
<entry name="source/main/java/com/eviware/soapui/impl/wsdl/submit/transports/http/support/attachments/RestRequestDataSource.java" shared="false" uninstallMode="0"/>
<entry name="jre/conf/sdp/sdp.conf.template" shared="false" uninstallMode="3"/>
<entry name="source/main/java/com/eviware/soapui/impl/wadl/inference/schema/types/EmptyType.java" shared="false" uninstallMode="0"/>
<entry name="source/main/java/com/eviware/soapui/impl/wsdl/panels/testcase/actions/SetCredentialsAction.java" shared="false" uninstallMode="0"/>
<entry name="source/main/java/com/eviware/soapui/tools/MockAsWar.java" shared="false" uninstallMode="0"/>
<entry name="source/main/java/com/eviware/soapui/model/propertyexpansion/PropertyExpansionContext.java" shared="false" uninstallMode="0"/>
<entry name="lib/json-20090211.jar" shared="false" uninstallMode="0"/>
<entry name="jre/legal/java.net.http/ADDITIONAL_LICENSE_INFO" shared="false" uninstallMode="3"/>
<entry name="source/main/resources/com/eviware/soapui/resources/images/closed_project.png" shared="false" uninstallMode="0"/>
<entry name="source/main/java/com/eviware/soapui/impl/rest/actions/oauth/GetOAuth1TokenAction.java" shared="false" uninstallMode="0"/>
<entry name="source/main/java/com/eviware/soapui/impl/package.html" shared="false" uninstallMode="0"/>
<entry name="source/main/java/com/eviware/soapui/impl/wadl/inference/schema/Context.java" shared="false" uninstallMode="0"/>
<entry name="SoapUI-Tutorials/popular-apis/Flickr-soapui-project.xml" shared="false" uninstallMode="0"/>
<entry name="source/main/java/com/eviware/soapui/support/editor/registry/EditorViewFactory.java" shared="false" uninstallMode="0"/>
<entry name="source/main/java/com/eviware/soapui/impl/wsdl/support/soap/SoapMessageBuilder.java" shared="false" uninstallMode="0"/>
<entry name="source/main/resources/com/eviware/soapui/resources/images/datasource_loop_step.png" shared="false" uninstallMode="0"/>
<entry name=".install4j/SoapUI-5.8.0.png" shared="false" uninstallMode="2"/>
<entry name="source/test/java/com/eviware/soapui/support/httpclient/JCIFSTest.java" shared="false" uninstallMode="0"/>
<entry name=".install4j/libi4jinst.dylib" shared="false" uninstallMode="2"/>
<entry name="jre/include/classfile_constants.h" shared="false" uninstallMode="3"/>
<entry name="source/main/java/com/eviware/soapui/impl/wsdl/teststeps/actions/RenameAssertionAction.java" shared="false" uninstallMode="0"/>
<entry name="jre/legal/jdk.management/ADDITIONAL_LICENSE_INFO" shared="false" uninstallMode="3"/>
<entry name="source/main/java/com/eviware/soapui/support/xml/XPathComponent.java" shared="false" uninstallMode="0"/>
<entry name="SoapUI-Tutorials/WSDL-WADL/sample-service.wsdl" shared="false" uninstallMode="0"/>
<entry name="source/main/resources/com/eviware/soapui/resources/images/restMockService_4.gif" shared="false" uninstallMode="0"/>
<entry name="source/test/resources/xqueryassertion/response.xml" shared="false" uninstallMode="0"/>
<entry name="licences/json-lib-LICENSE.txt" shared="false" uninstallMode="0"/>
<entry name="source/main/java/com/eviware/soapui/security/registry/GroovySecurityScanFactory.java" shared="false" uninstallMode="0"/>
<entry name="source/main/java/com/eviware/soapui/impl/support/definition/support/XmlSchemaBasedInterfaceDefinition.java" shared="false" uninstallMode="0"/>
<entry name="source/main/java/com/eviware/soapui/impl/wsdl/submit/filters/RemoveEmptyContentRequestFilter.java" shared="false" uninstallMode="0"/>
<entry name="uninstall" shared="false" uninstallMode="0"/>
<entry name="source/main/java/com/eviware/soapui/security/ui/InvalidTypesTable.java" shared="false" uninstallMode="0"/>
<entry name="jre/legal/java.security.sasl/ASSEMBLY_EXCEPTION" shared="false" uninstallMode="3"/>
<entry name="source/main/java/com/eviware/soapui/impl/rest/panels/component/RestResourceEditorPopupWindow.java" shared="false" uninstallMode="0"/>
<entry name="lib/jsr173_api-1.0.jar" shared="false" uninstallMode="0"/>
<entry name="source/main/java/com/eviware/soapui/impl/wsdl/mock/MockRunnerManager.java" shared="false" uninstallMode="0"/>
<entry name="source/main/java/com/eviware/soapui/impl/rest/RestRequestInterface.java" shared="false" uninstallMode="0"/>
<entry name="source/main/resources/com/eviware/soapui/resources/images/test_suite.png" shared="false" uninstallMode="0"/>
<entry name="source/main/java/com/eviware/soapui/plugins/PluginId.java" shared="false" uninstallMode="0"/>
<entry name="source/main/java/com/eviware/soapui/impl/wsdl/loadtest/strategy/ThreadCountChangeLoadStrategy.java" shared="false" uninstallMode="0"/>
<entry name="source/main/java/com/eviware/soapui/impl/wsdl/support/wss/support/WSPartsTable.java" shared="false" uninstallMode="0"/>
<entry name="source/main/java/com/eviware/soapui/support/resolver/RunTestCaseRemoveResolver.java" shared="false" uninstallMode="0"/>
<entry name="source/main/java/com/eviware/soapui/impl/wsdl/actions/iface/AbstractSwingAction.java" shared="false" uninstallMode="0"/>
<entry name="source/main/java/com/eviware/soapui/impl/wsdl/actions/project/AddRestUriAction.java" shared="false" uninstallMode="0"/>
<entry name="jre/lib/libmanagement.so" shared="false" uninstallMode="3"/>
<entry name="source/main/java/com/eviware/soapui/model/tree/nodes/WorkspaceTreeNode.java" shared="false" uninstallMode="0"/>
<entry name="source/main/java/com/eviware/soapui/support/scripting/groovy/SoapUIGroovyScriptEngine.java" shared="false" uninstallMode="0"/>
<entry name="source/main/java/com/eviware/soapui/impl/support/definition/support/AbstractDefinitionContext.java" shared="false" uninstallMode="0"/>
<entry name="source/main/java/com/eviware/soapui/impl/wsdl/support/http/SoapUIManagedHttpClientConnectionFactory.java" shared="false" uninstallMode="0"/>
<entry name="source/main/java/com/eviware/soapui/impl/wsdl/teststeps/assertions/soap/WSSStatusAssertion.java" shared="false" uninstallMode="0"/>
<entry name="source/main/java/org/syntax/jedit/tokenmarker/PHPTokenMarker.java" shared="false" uninstallMode="0"/>
<entry name="source/main/java/com/eviware/soapui/support/components/WebViewNavigationBar.java" shared="false" uninstallMode="0"/>
<entry name="source/main/java/com/eviware/soapui/impl/wsdl/panels/teststeps/WsdlRunTestCaseTestStepPanelBuilder.java" shared="false" uninstallMode="0"/>
<entry name="source/main/resources/com/eviware/soapui/resources/images/group_go.png" shared="false" uninstallMode="0"/>
<entry name="source/main/java/com/eviware/soapui/impl/wsdl/actions/testcase/TestCaseOptionsAction.java" shared="false" uninstallMode="0"/>
<entry name="lib/jackson-datatype-joda-2.10.1.jar" shared="false" uninstallMode="0"/>
<entry name="source/main/java/com/eviware/soapui/impl/wsdl/support/wsrm/WsrmUtils.java" shared="false" uninstallMode="0"/>
<entry name="source/main/resources/com/eviware/soapui/resources/images/checkmark-dummy.png" shared="false" uninstallMode="0"/>
<entry name="source/main/java/com/eviware/soapui/support/ExtensionFileFilter.java" shared="false" uninstallMode="0"/>
<entry name="jre/legal/java.sql/ASSEMBLY_EXCEPTION" shared="false" uninstallMode="3"/>
<entry name="source/main/java/com/eviware/soapui/plugins/auto/PluginValueProvider.java" shared="false" uninstallMode="0"/>
<entry name="source/main/java/com/eviware/soapui/support/dnd/handlers/TestCaseToProjectDropHandler.java" shared="false" uninstallMode="0"/>
<entry name="source/main/java/com/eviware/soapui/impl/wsdl/testcase/WsdlProjectRunContext.java" shared="false" uninstallMode="0"/>
<entry name="source/main/resources/com/eviware/soapui/resources/images/solicitresponseoperation.gif" shared="false" uninstallMode="0"/>
<entry name="lib/xstream-1.4.13.jar" shared="false" uninstallMode="0"/>
<entry name="source/main/java/com/eviware/soapui/impl/EmptyPanelBuilder.java" shared="false" uninstallMode="0"/>
<entry name="jre/legal/java.datatransfer/LICENSE" shared="false" uninstallMode="3"/>
<entry name="source/main/java/com/eviware/soapui/impl/wsdl/actions/mockservice/StopMockServiceAction.java" shared="false" uninstallMode="0"/>
<entry name="jre/lib/libfontmanager.so" shared="false" uninstallMode="3"/>
<entry name="source/test/java/com/eviware/soapui/support/package.html" shared="false" uninstallMode="0"/>
<entry name="source/main/java/com/eviware/soapui/actions/EditorPrefs.java" shared="false" uninstallMode="0"/>
<entry name="source/test/resources/sample-soapui-project.xml.backup" shared="false" uninstallMode="0"/>
<entry name="source/main/java/com/eviware/x/impl/swing/JMultilineLabelTextField.java" shared="false" uninstallMode="0"/>
<entry name="source/main/java/com/eviware/soapui/security/boundary/SchemeTypeExtractor.java" shared="false" uninstallMode="0"/>
<entry name="jre/legal/java.base/asm.md" shared="false" uninstallMode="3"/>
<entry name="licences/junit-LICENSE.txt" shared="false" uninstallMode="0"/>
<entry name="source/main/java/com/eviware/soapui/support/components/SwingConfigurationDialogImpl.java" shared="false" uninstallMode="0"/>
<entry name="lib/groovy-dateutil-3.0.19.jar" shared="false" uninstallMode="0"/>
<entry name="source/main/java/com/eviware/soapui/impl/wsdl/actions/support/OpenUrlAction.java" shared="false" uninstallMode="0"/>
<entry name="source/main/java/com/eviware/soapui/model/testsuite/ResponseAssertedMessageExchange.java" shared="false" uninstallMode="0"/>
<entry name="jre/lib/libjli.so" shared="false" uninstallMode="3"/>
<entry name="source/main/java/com/eviware/soapui/model/support/AbstractModelItem.java" shared="false" uninstallMode="0"/>
<entry name="source/main/java/com/eviware/soapui/model/testsuite/TestRunnable.java" shared="false" uninstallMode="0"/>
<entry name="source/main/java/com/eviware/soapui/impl/wsdl/submit/filters/WssRequestFilter.java" shared="false" uninstallMode="0"/>
<entry name="source/main/java/com/eviware/soapui/support/editor/views/AbstractXmlEditorView.java" shared="false" uninstallMode="0"/>
<entry name="source/main/xsd/j2ee/ejb-jar_2_1.xsd" shared="false" uninstallMode="0"/>
<entry name="source/main/java/com/eviware/soapui/tools/SoapUIMockAsWarGenerator.java" shared="false" uninstallMode="0"/>
<entry name="source/main/resources/com/eviware/soapui/resources/images/soap_request.png" shared="false" uninstallMode="0"/>
<entry name="source/main/java/com/eviware/soapui/plugins/auto/factories/AutoRequestEditorViewFactory.java" shared="false" uninstallMode="0"/>
<entry name="source/main/java/com/eviware/soapui/security/support/MaliciousAttachmentTableModel.java" shared="false" uninstallMode="0"/>
<entry name="source/main/resources/com/eviware/soapui/resources/images/soap_virt_1.png" shared="false" uninstallMode="0"/>
<entry name="source/main/java/com/smartbear/integrations/swaggerhub/engine/ApiDescriptor.java" shared="false" uninstallMode="0"/>
<entry name="source/main/java/com/eviware/soapui/support/DefaultHyperlinkListener.java" shared="false" uninstallMode="0"/>
<entry name="source/test/resources/wadl/YahooSearch.wadl" shared="false" uninstallMode="0"/>
<entry name="source/main/java/com/eviware/soapui/actions/GlobalPropertiesPrefs.java" shared="false" uninstallMode="0"/>
<entry name="source/wstf/WSTF SC003 Scenario-soapui-project.xml" shared="false" uninstallMode="0"/>
<entry name="jre/include/jdwpTransport.h" shared="false" uninstallMode="3"/>
<entry name="source/main/java/com/eviware/soapui/support/swing/AbstractModelItemTableMouseListener.java" shared="false" uninstallMode="0"/>
<entry name="source/main/xsd/j2ee/jsp_2_0.xsd" shared="false" uninstallMode="0"/>
<entry name="source/test/resources/attachment-test.wsdl" shared="false" uninstallMode="0"/>
<entry name=".install4j/i4j_extf_8_hs6ad0_18gg8kx@2x_dark.png" shared="false" uninstallMode="2"/>
<entry name="source/main/resources/buildinfo.properties" shared="false" uninstallMode="0"/>
<entry name="source/main/java/com/eviware/x/form/XFormOptionsField.java" shared="false" uninstallMode="0"/>
<entry name="source/main/java/com/eviware/soapui/impl/wsdl/actions/support/AbstractAddToTestCaseAction.java" shared="false" uninstallMode="0"/>
<entry name="source/main/java/com/eviware/soapui/security/registry/XmlBombSecurityScanFactory.java" shared="false" uninstallMode="0"/>
<entry name="source/main/java/com/eviware/soapui/impl/wsdl/actions/mockservice/AddEndpointToInterfaceAction.java" shared="false" uninstallMode="0"/>
<entry name="source/main/java/com/eviware/soapui/model/support/TestSuiteRunListenerAdapter.java" shared="false" uninstallMode="0"/>
<entry name="source/main/java/com/eviware/soapui/support/editor/inspectors/auth/OAuth1TokenStatusChangeListener.java" shared="false" uninstallMode="0"/>
<entry name="source/main/resources/com/eviware/soapui/resources/images/stop_testcase.png" shared="false" uninstallMode="0"/>
<entry name="source/main/java/com/eviware/soapui/impl/wsdl/teststeps/WsdlDelayTestStep.java" shared="false" uninstallMode="0"/>
<entry name="source/main/java/com/eviware/soapui/impl/actions/NewWadlProjectAction.java" shared="false" uninstallMode="0"/>
<entry name="source/test/java/com/eviware/soapui/model/propertyexpansion/resolvers/providers/CurrentStepRunIndexProviderTest.java" shared="false" uninstallMode="0"/>
<entry name="source/main/java/com/eviware/soapui/model/propertyexpansion/resolvers/PropertyResolver.java" shared="false" uninstallMode="0"/>
<entry name="licences/opensaml-LICENSE.txt" shared="false" uninstallMode="0"/>
<entry name="source/main/java/com/eviware/soapui/ui/desktop/NullDesktop.java" shared="false" uninstallMode="0"/>
<entry name="source/main/java/com/eviware/soapui/settings/WSISettings.java" shared="false" uninstallMode="0"/>
<entry name="source/main/resources/com/eviware/soapui/impl/wsdl/actions/iface/tools/axis1/Bundle.properties" shared="false" uninstallMode="0"/>
<entry name="source/main/java/com/eviware/soapui/support/editor/inspectors/attachments/FileTransferHandler.java" shared="false" uninstallMode="0"/>
<entry name="source/main/java/com/eviware/soapui/support/xml/actions/InsertBase64FileTextAreaAction.java" shared="false" uninstallMode="0"/>
<entry name="source/main/java/com/eviware/soapui/impl/support/definition/support/AbstractDefinitionLoader.java" shared="false" uninstallMode="0"/>
<entry name="source/main/java/com/eviware/soapui/impl/actions/NewRestProjectAction.java" shared="false" uninstallMode="0"/>
<entry name="source/main/java/com/eviware/soapui/plugins/auto/factories/AutoRequestFilterFactory.java" shared="false" uninstallMode="0"/>
<entry name="jre/legal/java.naming/LICENSE" shared="false" uninstallMode="3"/>
<entry name="source/main/java/com/eviware/soapui/security/boundary/TimeBoundary.java" shared="false" uninstallMode="0"/>
<entry name="lib/httpclient-4.5.5.jar" shared="false" uninstallMode="0"/>
<entry name="source/main/resources/com/eviware/soapui/resources/images/big_arrow.png" shared="false" uninstallMode="0"/>
<entry name="source/main/resources/com/eviware/soapui/resources/images/set_credentials.gif" shared="false" uninstallMode="0"/>
<entry name="bin/mockservicerunner.sh" shared="false" uninstallMode="0"/>
<entry name="source/main/java/com/eviware/soapui/impl/wadl/support/WadlInterfaceDefinition.java" shared="false" uninstallMode="0"/>
<entry name="source/main/java/com/eviware/soapui/impl/wsdl/support/http/ProxyVoleUtil.java" shared="false" uninstallMode="0"/>
<entry name="jre/lib/libfreetype.so" shared="false" uninstallMode="3"/>
<entry name="source/main/resources/com/eviware/soapui/resources/images/SoapUI-OS_24-24.png" shared="false" uninstallMode="0"/>
<entry name="jre/legal/jdk.naming.rmi/ADDITIONAL_LICENSE_INFO" shared="false" uninstallMode="3"/>
<entry name="source/main/java/com/eviware/soapui/impl/wsdl/actions/operation/AddOperationToMockServiceAction.java" shared="false" uninstallMode="0"/>
<entry name="source/main/java/com/eviware/soapui/actions/CloseOpenProjectsAction.java" shared="false" uninstallMode="0"/>
<entry name="source/main/resources/com/eviware/soapui/resources/images/head_method.gif" shared="false" uninstallMode="0"/>
<entry name="source/main/resources/com/eviware/soapui/resources/images/jdbcrequest_failed.gif" shared="false" uninstallMode="0"/>
<entry name="licences/commons-codec-LICENSE.txt" shared="false" uninstallMode="0"/>
<entry name="source/main/java/com/eviware/soapui/impl/wsdl/monitor/TcpMonWsdlMonitorMessageExchange.java" shared="false" uninstallMode="0"/>
<entry name="source/main/java/com/eviware/soapui/impl/rest/actions/method/SaveRequestAction.java" shared="false" uninstallMode="0"/>
<entry name="source/main/java/com/eviware/soapui/impl/wsdl/mock/WsdlMockDispatcher.java" shared="false" uninstallMode="0"/>
<entry name="lib/forms-1.0.7.jar" shared="false" uninstallMode="0"/>
<entry name="source/main/resources/com/eviware/soapui/resources/images/proxyDisabled.png" shared="false" uninstallMode="0"/>
<entry name="source/main/resources/com/eviware/soapui/resources/images/exec_rest_request_2.png" shared="false" uninstallMode="0"/>
<entry name="source/main/java/com/eviware/soapui/impl/wsdl/mock/dispatch/MockOperationDispatchRegistry.java" shared="false" uninstallMode="0"/>
<entry name="source/main/java/com/eviware/soapui/impl/wsdl/actions/mockresponse/DeleteMockResponseAction.java" shared="false" uninstallMode="0"/>
<entry name="source/main/java/com/eviware/x/form/XFormFieldValidator.java" shared="false" uninstallMode="0"/>
<entry name="source/main/resources/branded/branded.properties" shared="false" uninstallMode="0"/>
<entry name="source/main/java/com/eviware/soapui/impl/wsdl/submit/transports/http/DocumentContent.java" shared="false" uninstallMode="0"/>
<entry name="source/main/java/com/eviware/soapui/support/ScriptingSupport.java" shared="false" uninstallMode="0"/>
<entry name="source/main/java/com/eviware/soapui/impl/wsdl/actions/mockservice/ImportMockService.java" shared="false" uninstallMode="0"/>
<entry name="source/main/java/com/eviware/soapui/mockaswar/MockAsWarServlet.java" shared="false" uninstallMode="0"/>
<entry name="source/main/java/com/eviware/soapui/support/editor/inspectors/auth/OAuth1Form.java" shared="false" uninstallMode="0"/>
<entry name="jre/lib/liblcms.so" shared="false" uninstallMode="3"/>
<entry name="source/main/java/org/syntax/jedit/TextAreaPainter.java" shared="false" uninstallMode="0"/>
<entry name="source/main/java/com/eviware/soapui/impl/wsdl/teststeps/assertions/jdbc/JdbcTimeoutAssertion.java" shared="false" uninstallMode="0"/>
<entry name="source/test/java/com/eviware/soapui/impl/wsdl/support/wss/entries/AutomaticSAMLEntryTest.java" shared="false" uninstallMode="0"/>
<entry name="source/main/java/com/eviware/soapui/impl/rest/actions/oauth/OAuth1Parameters.java" shared="false" uninstallMode="0"/>
<entry name="source/main/resources/com/eviware/soapui/resources/images/manual_step.png" shared="false" uninstallMode="0"/>
<entry name="licences/l2fprod-LICENSE.txt" shared="false" uninstallMode="0"/>
<entry name="source/main/java/com/eviware/soapui/support/editor/package.html" shared="false" uninstallMode="0"/>
<entry name="JavaDoc.url" shared="false" uninstallMode="0"/>
<entry name="source/main/java/com/eviware/soapui/support/AbstractEditorModel.java" shared="false" uninstallMode="0"/>
<entry name="source/main/java/com/eviware/soapui/model/iface/Interface.java" shared="false" uninstallMode="0"/>
<entry name="source/test/java/com/eviware/soapui/impl/rest/panels/component/RestResourceEditorTest.java" shared="false" uninstallMode="0"/>
<entry name="source/main/java/com/eviware/soapui/impl/wsdl/testcase/TestCaseLogItem.java" shared="false" uninstallMode="0"/>
<entry name="licences/commons-httpclient-LICENSE.txt" shared="false" uninstallMode="0"/>
<entry name="source/main/java/com/eviware/soapui/impl/wsdl/submit/transports/http/support/attachments/RestRequestMimeMessageRequestEntity.java" shared="false" uninstallMode="0"/>
<entry name="source/main/java/com/eviware/soapui/support/components/PagePropertyMapper.java" shared="false" uninstallMode="0"/>
<entry name="source/main/java/com/eviware/soapui/impl/wsdl/panels/teststeps/GraphQLRequestTestStepPanelBuilder.java" shared="false" uninstallMode="0"/>
<entry name="source/main/java/com/eviware/soapui/impl/support/definition/support/InterfaceCacheDefinitionLoader.java" shared="false" uninstallMode="0"/>
<entry name="jre/include/jawt.h" shared="false" uninstallMode="3"/>
<entry name="source/test/java/com/eviware/soapui/utils/ContainerWalker.java" shared="false" uninstallMode="0"/>
<entry name="source/main/java/com/eviware/soapui/impl/wsdl/submit/transports/http/support/methods/HttpDeleteWithBody.java" shared="false" uninstallMode="0"/>
<entry name="source/main/java/com/eviware/soapui/security/ui/MaliciousAttachmentMutationsPanel.java" shared="false" uninstallMode="0"/>
<entry name="source/main/java/com/eviware/soapui/impl/rest/actions/method/RenameRestMethodAction.java" shared="false" uninstallMode="0"/>
<entry name="source/main/java/com/eviware/soapui/ui/desktop/package.html" shared="false" uninstallMode="0"/>
<entry name="source/main/resources/com/eviware/soapui/resources/images/exec_mockResponse_2.gif" shared="false" uninstallMode="0"/>
<entry name="licences/xmlbeans-NOTICE.txt" shared="false" uninstallMode="0"/>
<entry name="source/main/java/com/eviware/soapui/impl/wsdl/support/soap/Soap11HttpBindingImporter.java" shared="false" uninstallMode="0"/>
<entry name="bin/ext/readme.txt" shared="false" uninstallMode="0"/>
<entry name="lib/rhino-1.7R4.jar" shared="false" uninstallMode="0"/>
<entry name="source/main/java/com/eviware/soapui/impl/wsdl/actions/operation/AddOperationAsMockResponseStepAction.java" shared="false" uninstallMode="0"/>
<entry name="source/main/java/com/eviware/soapui/ui/package.html" shared="false" uninstallMode="0"/>
<entry name="source/main/resources/com/eviware/soapui/resources/images/set_endpoint.gif" shared="false" uninstallMode="0"/>
<entry name="source/main/java/com/eviware/soapui/impl/rest/actions/oauth/OAuth2Parameters.java" shared="false" uninstallMode="0"/>
<entry name="source/main/java/com/eviware/soapui/impl/wsdl/submit/transports/jms/HermesJmsRequestPublishTransport.java" shared="false" uninstallMode="0"/>
<entry name="source/main/java/com/eviware/soapui/support/editor/registry/ResponseMessageEditor.java" shared="false" uninstallMode="0"/>
<entry name="source/main/java/com/eviware/soapui/impl/wadl/inference/schema/Content.java" shared="false" uninstallMode="0"/>
<entry name="source/main/java/com/eviware/soapui/support/action/support/DefaultSoapUIActionGroup.java" shared="false" uninstallMode="0"/>
<entry name="source/main/java/com/eviware/soapui/support/xml/XmlObjectPersistable.java" shared="false" uninstallMode="0"/>
<entry name="source/test/java/com/eviware/soapui/impl/wsdl/submit/filters/HttpRequestFilterEncodingTest.java" shared="false" uninstallMode="0"/>
<entry name="source/main/java/com/eviware/soapui/model/propertyexpansion/PropertyExpansionContainer.java" shared="false" uninstallMode="0"/>
<entry name="source/main/java/com/eviware/soapui/impl/wsdl/actions/project/AddInterfaceActionFromURL.java" shared="false" uninstallMode="0"/>
<entry name="source/main/java/com/eviware/soapui/impl/wsdl/actions/testsuite/package.html" shared="false" uninstallMode="0"/>
<entry name="lib/nekohtml-1.9.14.jar" shared="false" uninstallMode="0"/>
<entry name="source/main/java/com/eviware/soapui/impl/wsdl/panels/testcase/package.html" shared="false" uninstallMode="0"/>
<entry name="source/main/resources/com/eviware/soapui/resources/images/record_http_false.gif" shared="false" uninstallMode="0"/>
<entry name="lib/jackson-coreutils-1.8.jar" shared="false" uninstallMode="0"/>
<entry name="source/main/resources/com/eviware/soapui/impl/rest/actions/project/Bundle.properties" shared="false" uninstallMode="0"/>
<entry name=".install4j/pref_jre.cfg" shared="false" uninstallMode="0"/>
<entry name="source/main/java/com/eviware/soapui/plugins/auto/PluginImportMethod.java" shared="false" uninstallMode="0"/>
<entry name="source/main/java/com/eviware/soapui/support/editor/registry/RequestInspectorFactory.java" shared="false" uninstallMode="0"/>
<entry name="lib/jackson-jaxrs-base-2.10.1.jar" shared="false" uninstallMode="0"/>
<entry name="source/main/java/com/eviware/soapui/impl/support/DefinitionContext.java" shared="false" uninstallMode="0"/>
<entry name="source/main/java/com/eviware/soapui/impl/wsdl/mock/package.html" shared="false" uninstallMode="0"/>
<entry name="source/main/java/com/eviware/soapui/impl/wsdl/support/WsdlAttachment.java" shared="false" uninstallMode="0"/>
<entry name="jre/lib/libmlib_image.so" shared="false" uninstallMode="3"/>
<entry name="lib/servlet-api-2.5-20081211.jar" shared="false" uninstallMode="0"/>
<entry name="source/main/java/com/eviware/soapui/support/components/ModelItemListDesktopPanel.java" shared="false" uninstallMode="0"/>
<entry name="source/main/java/com/eviware/soapui/support/log/TabbedLog4JMonitor.java" shared="false" uninstallMode="0"/>
<entry name="source/main/xsd/mtom/xop.xsd" shared="false" uninstallMode="0"/>
<entry name="source/main/resources/com/eviware/soapui/resources/images/assertion_test_step.gif" shared="false" uninstallMode="0"/>
<entry name="source/main/java/com/eviware/soapui/model/support/XPathReferenceContainer.java" shared="false" uninstallMode="0"/>
<entry name="source/main/resources/com/eviware/soapui/resources/images/report.png" shared="false" uninstallMode="0"/>
<entry name="source/main/java/com/eviware/soapui/impl/wsdl/actions/testcase/MoveTestCaseDownAction.java" shared="false" uninstallMode="0"/>
<entry name="source/test/java/com/eviware/soapui/impl/wsdl/panels/teststeps/support/DefaultPropertyHolderTableModelTest.java" shared="false" uninstallMode="0"/>
<entry name="source/main/java/com/eviware/soapui/model/tree/nodes/TestSuiteTreeNode.java" shared="false" uninstallMode="0"/>
<entry name="source/main/java/com/eviware/soapui/ui/support/DesktopListenerAdapter.java" shared="false" uninstallMode="0"/>
<entry name="source/main/resources/com/eviware/soapui/resources/images/SoapUI-OS_32-32.png" shared="false" uninstallMode="0"/>
<entry name="source/main/resources/com/eviware/soapui/resources/images/rest_virt_3.png" shared="false" uninstallMode="0"/>
<entry name="source/main/java/com/eviware/soapui/model/iface/Request.java" shared="false" uninstallMode="0"/>
<entry name="lib/commons-fileupload-1.4.jar" shared="false" uninstallMode="0"/>
<entry name="source/main/java/com/eviware/soapui/impl/wsdl/monitor/JProxyServletWsdlMonitorMessageExchange.java" shared="false" uninstallMode="0"/>
<entry name="source/main/java/com/eviware/soapui/support/components/JInspectorPanel.java" shared="false" uninstallMode="0"/>
<entry name="source/main/java/com/eviware/soapui/SoapUIExtensionClassLoader.java" shared="false" uninstallMode="0"/>
<entry name="source/main/resources/com/eviware/soapui/resources/images/unlock_method.png" shared="false" uninstallMode="0"/>
<entry name="source/main/java/com/eviware/soapui/impl/wsdl/loadtest/data/StatisticsHistory.java" shared="false" uninstallMode="0"/>
<entry name="source/main/xsd/wsi/monitorConfig.xsd" shared="false" uninstallMode="0"/>
<entry name="source/main/java/com/eviware/soapui/plugins/DependencyStatus.java" shared="false" uninstallMode="0"/>
<entry name="jre/legal/jdk.jsobject/LICENSE" shared="false" uninstallMode="3"/>
<entry name="source/main/java/com/smartbear/integrations/swaggerhub/component/SwaggerHubAPITable.java" shared="false" uninstallMode="0"/>
<entry name="source/main/java/com/eviware/soapui/impl/wsdl/panels/iface/WsdlInterfaceDesktopPanel.java" shared="false" uninstallMode="0"/>
<entry name="source/main/java/com/eviware/soapui/support/propertyexpansion/GroovyEditorPropertyExpansionTarget.java" shared="false" uninstallMode="0"/>
<entry name="source/main/resources/com/eviware/soapui/resources/images/properties_step.png" shared="false" uninstallMode="0"/>
<entry name="source/main/java/com/eviware/soapui/model/support/SettingsTestPropertyHolder.java" shared="false" uninstallMode="0"/>
<entry name="source/main/java/com/eviware/soapui/plugins/JarClassLoader.java" shared="false" uninstallMode="0"/>
<entry name="source/main/java/com/eviware/soapui/model/project/package.html" shared="false" uninstallMode="0"/>
<entry name="source/main/java/com/eviware/soapui/impl/support/definition/support/ConfigInterfaceDefinitionPart.java" shared="false" uninstallMode="0"/>
<entry name="source/main/resources/com/eviware/soapui/resources/images/http_request_5.png" shared="false" uninstallMode="0"/>
<entry name="source/main/java/com/eviware/soapui/support/editor/inspectors/wsrm/AbstractWsrmInspector.java" shared="false" uninstallMode="0"/>
<entry name="jre/bin/jfr" shared="false" uninstallMode="3"/>
<entry name="source/main/java/com/eviware/soapui/support/log/JettyLogger.java" shared="false" uninstallMode="0"/>
<entry name="source/main/java/com/eviware/soapui/impl/actions/ImportRemoteWsdlProjectAction.java" shared="false" uninstallMode="0"/>
<entry name="source/main/java/com/eviware/soapui/support/swing/ModelItemListCellRenderer.java" shared="false" uninstallMode="0"/>
<entry name="jre/legal/jdk.naming.rmi/LICENSE" shared="false" uninstallMode="3"/>
<entry name="source/main/java/com/eviware/soapui/impl/wsdl/actions/iface/ExportDefinitionAction.java" shared="false" uninstallMode="0"/>
<entry name="source/main/java/com/eviware/soapui/impl/wsdl/actions/operation/package.html" shared="false" uninstallMode="0"/>
<entry name="source/main/java/org/syntax/jedit/tokenmarker/PythonTokenMarker.java" shared="false" uninstallMode="0"/>
<entry name="source/main/resources/com/eviware/soapui/resources/images/soap_virt_4.png" shared="false" uninstallMode="0"/>
<entry name="source/main/xsd/soapui/coverage.xsd" shared="false" uninstallMode="0"/>
<entry name="source/test/java/com/eviware/soapui/impl/wsdl/teststeps/PropertyTransferTest.java" shared="false" uninstallMode="0"/>
<entry name="jre/legal/java.base/siphash.md" shared="false" uninstallMode="3"/>
<entry name="jre/legal/jdk.crypto.ec/LICENSE" shared="false" uninstallMode="3"/>
<entry name="source/main/java/com/eviware/soapui/impl/wsdl/support/wsdl/WsdlDefinitionLoader.java" shared="false" uninstallMode="0"/>
<entry name="source/main/java/com/eviware/soapui/security/ui/GroovySecurityScanPanel.java" shared="false" uninstallMode="0"/>
<entry name="source/main/java/com/eviware/soapui/model/security/SecurityParametersTableModel.java" shared="false" uninstallMode="0"/>
<entry name="source/main/java/com/eviware/soapui/support/dnd/handlers/RequestToTestCaseDropHandler.java" shared="false" uninstallMode="0"/>
<entry name="bin/soapui.log" shared="false" uninstallMode="0"/>
<entry name="source/main/java/com/eviware/soapui/impl/wadl/inference/support/AllowAll.java" shared="false" uninstallMode="0"/>
<entry name="source/main/java/com/eviware/soapui/impl/wsdl/panels/monitor/SoapMonitorDesktopPanel.java" shared="false" uninstallMode="0"/>
<entry name="source/main/java/com/eviware/soapui/testondemand/DependencyValidator.java" shared="false" uninstallMode="0"/>
<entry name="source/main/resources/com/eviware/soapui/resources/images/valid_rest_request.gif" shared="false" uninstallMode="0"/>
<entry name="source/main/java/com/eviware/soapui/impl/rest/OAuth2ProfileListener.java" shared="false" uninstallMode="0"/>
<entry name="source/main/resources/com/eviware/soapui/resources/images/button2.gif" shared="false" uninstallMode="0"/>
<entry name="source/main/java/com/eviware/soapui/support/editor/inspectors/auth/ProfileSelectionForm.java" shared="false" uninstallMode="0"/>
<entry name="source/main/java/com/eviware/soapui/impl/wsdl/actions/iface/tools/support/ToolRunner.java" shared="false" uninstallMode="0"/>
<entry name="source/main/java/com/eviware/soapui/impl/wsdl/panels/mock/WsdlMockServiceDesktopPanel.java" shared="false" uninstallMode="0"/>
<entry name="lib/xmlParserAPIs-2.6.2.jar" shared="false" uninstallMode="0"/>
<entry name="licences/proxy-vole-LICENSE.txt" shared="false" uninstallMode="0"/>
<entry name="source/main/java/com/eviware/soapui/support/editor/xml/XmlLocation.java" shared="false" uninstallMode="0"/>
<entry name="source/main/java/com/eviware/soapui/impl/wsdl/teststeps/registry/PropertiesStepFactory.java" shared="false" uninstallMode="0"/>
<entry name="source/main/resources/com/eviware/soapui/resources/images/declareNs.gif" shared="false" uninstallMode="0"/>
<entry name="jre/legal/jdk.httpserver/LICENSE" shared="false" uninstallMode="3"/>
<entry name="lib/logging-interceptor-4.10.0.jar" shared="false" uninstallMode="0"/>
<entry name="source/main/java/com/eviware/soapui/model/iface/package.html" shared="false" uninstallMode="0"/>
<entry name="source/main/java/com/eviware/soapui/impl/wsdl/MutableAttachmentContainer.java" shared="false" uninstallMode="0"/>
<entry name="source/main/java/com/eviware/soapui/impl/support/panels/AbstractHttpRequestDesktopPanel.java" shared="false" uninstallMode="0"/>
<entry name="source/main/java/com/eviware/soapui/impl/support/EndpointSupport.java" shared="false" uninstallMode="0"/>
<entry name="source/main/xsd/soapui/soapui.xsdconfig" shared="false" uninstallMode="0"/>
<entry name="jre/lib/libj2pkcs11.so" shared="false" uninstallMode="3"/>
<entry name="source/main/java/com/eviware/soapui/impl/rest/panels/mock/RestMockServicePanelBuilder.java" shared="false" uninstallMode="0"/>
<entry name=".install4j/i4j_extf_4_hs6ad0_19oke1j.ico" shared="false" uninstallMode="2"/>
<entry name="source/main/java/com/eviware/soapui/impl/rest/panels/component/RestResourceEditor.java" shared="false" uninstallMode="0"/>
<entry name="source/main/java/com/eviware/soapui/support/swing/TreeUtils.java" shared="false" uninstallMode="0"/>
<entry name="source/main/java/com/eviware/soapui/impl/wsdl/loadtest/assertions/AbstractLoadTestAssertion.java" shared="false" uninstallMode="0"/>
<entry name="source/main/resources/com/eviware/soapui/resources/images/run_test_case_step.png" shared="false" uninstallMode="0"/>
<entry name="source/main/java/com/eviware/soapui/security/scan/MalformedXmlSecurityScan.java" shared="false" uninstallMode="0"/>
<entry name="source/main/java/com/eviware/soapui/support/editor/inspectors/auth/OAuth2AccessTokenStatusChangeManager.java" shared="false" uninstallMode="0"/>
<entry name="source/main/java/com/eviware/soapui/impl/wsdl/actions/iface/tools/soapui/SecurityTestSecurityTestRunnerAction.java" shared="false" uninstallMode="0"/>
<entry name="source/main/resources/com/eviware/soapui/resources/images/asyncResponseStep.gif" shared="false" uninstallMode="0"/>
<entry name="source/main/java/com/eviware/soapui/support/components/MetricsPanel.java" shared="false" uninstallMode="0"/>
<entry name="lib/json-schema-validator-2.2.8.jar" shared="false" uninstallMode="0"/>
<entry name="source/main/java/com/eviware/soapui/impl/wsdl/support/http/SoapUIPlainSocketFactory.java" shared="false" uninstallMode="0"/>
<entry name="source/main/java/com/eviware/x/impl/swing/JWizardDialogBuilder.java" shared="false" uninstallMode="0"/>
<entry name="source/main/java/com/eviware/soapui/impl/wsdl/actions/loadtest/LoadTestOptionsAction.java" shared="false" uninstallMode="0"/>
<entry name="source/main/java/com/eviware/soapui/impl/wsdl/mock/WsdlMockResponse.java" shared="false" uninstallMode="0"/>
<entry name="source/main/resources/com/eviware/soapui/resources/images/export2.gif" shared="false" uninstallMode="0"/>
<entry name="lib/httpcore-4.4.9.jar" shared="false" uninstallMode="0"/>
<entry name="source/main/java/com/eviware/soapui/support/xml/XmlUtils.java" shared="false" uninstallMode="0"/>
<entry name="source/main/resources/com/eviware/soapui/resources/images/malicious_attachment_scan.gif" shared="false" uninstallMode="0"/>
<entry name="source/main/java/com/eviware/soapui/support/action/support/DefaultActionMapping.java" shared="false" uninstallMode="0"/>
<entry name="source/main/java/com/eviware/soapui/impl/wsdl/actions/mockresponse/RemoveWsaHeadersFromMockResponseAction.java" shared="false" uninstallMode="0"/>
<entry name="source/main/resources/com/eviware/soapui/resources/images/rest_request_step.png" shared="false" uninstallMode="0"/>
<entry name="source/main/java/com/eviware/soapui/impl/actions/multi/MultiAssertionDeleteAction.java" shared="false" uninstallMode="0"/>
<entry name="source/main/java/com/eviware/soapui/model/mock/MockServiceScripts.java" shared="false" uninstallMode="0"/>
<entry name="source/main/java/com/eviware/soapui/impl/wsdl/actions/iface/tools/soapui/LoadTestLoadTestRunnerAction.java" shared="false" uninstallMode="0"/>
<entry name="source/main/java/com/eviware/soapui/impl/wsdl/testcase/WsdlProjectRunner.java" shared="false" uninstallMode="0"/>
<entry name="source/main/java/com/eviware/soapui/impl/wsdl/actions/request/AddWSTimestampAction.java" shared="false" uninstallMode="0"/>
<entry name="lib/jetty-util-6.1.26.jar" shared="false" uninstallMode="0"/>
<entry name="source/main/java/com/eviware/soapui/impl/wsdl/support/MessageExchangeModelItem.java" shared="false" uninstallMode="0"/>
<entry name="source/main/java/com/eviware/soapui/impl/wsdl/support/jms/property/JMSPropertiesConfig.java" shared="false" uninstallMode="0"/>
<entry name="source/main/java/com/eviware/soapui/autoupdate/SoapUIVersionInfo.java" shared="false" uninstallMode="0"/>
<entry name="source/test/resources/attachment-test.wsil" shared="false" uninstallMode="0"/>
<entry name="source/main/java/com/eviware/soapui/security/ui/XmlBombSecurityScanConfigPanel.java" shared="false" uninstallMode="0"/>
<entry name="source/main/java/com/eviware/soapui/support/editor/EditorDocument.java" shared="false" uninstallMode="0"/>
<entry name="source/main/resources/com/eviware/soapui/resources/images/icon_resize.gif" shared="false" uninstallMode="0"/>
<entry name="jre/legal/jdk.internal.ed/ADDITIONAL_LICENSE_INFO" shared="false" uninstallMode="3"/>
<entry name="source/main/java/com/eviware/soapui/impl/wsdl/support/wss/entries/TimestampEntry.java" shared="false" uninstallMode="0"/>
<entry name="jre/legal/java.smartcardio/ASSEMBLY_EXCEPTION" shared="false" uninstallMode="3"/>
<entry name="source/main/java/com/eviware/soapui/impl/wsdl/support/AMFMessageExchange.java" shared="false" uninstallMode="0"/>
<entry name="source/main/java/com/eviware/soapui/autoupdate/SoapUISystemProperties.java" shared="false" uninstallMode="0"/>
<entry name="source/main/java/com/eviware/soapui/security/panels/SecurityScanNode.java" shared="false" uninstallMode="0"/>
<entry name="jre/conf/net.properties" shared="false" uninstallMode="3"/>
<entry name="source/main/java/com/eviware/soapui/impl/support/AbstractHttpRequestInterface.java" shared="false" uninstallMode="0"/>
<entry name="source/main/java/com/eviware/soapui/impl/rest/support/RestParameter.java" shared="false" uninstallMode="0"/>
<entry name="source/main/java/com/eviware/soapui/impl/wsdl/loadtest/data/LoadTestStatistics.java" shared="false" uninstallMode="0"/>
<entry name="source/test/java/com/eviware/soapui/impl/wsdl/actions/iface/tools/support/ArgumentBuilderTest.java" shared="false" uninstallMode="0"/>
<entry name="source/main/resources/com/eviware/soapui/resources/images/exec_request_1.png" shared="false" uninstallMode="0"/>
<entry name="source/main/java/com/eviware/soapui/support/xml/ProxyFindAndReplacable.java" shared="false" uninstallMode="0"/>
<entry name="lib/kotlin-stdlib-1.6.20.jar" shared="false" uninstallMode="0"/>
<entry name="source/main/resources/com/eviware/soapui/resources/images/preferences-system-small.png" shared="false" uninstallMode="0"/>
<entry name="source/main/java/com/eviware/soapui/security/panels/ProjectSensitiveInformationPanel.java" shared="false" uninstallMode="0"/>
<entry name="source/main/java/com/eviware/soapui/impl/wsdl/teststeps/assertions/RequestAssertion.java" shared="false" uninstallMode="0"/>
<entry name="source/main/java/com/eviware/soapui/model/propertyexpansion/resolvers/EvalPropertyResolver.java" shared="false" uninstallMode="0"/>
<entry name="lib/groovy-groovysh-3.0.19.jar" shared="false" uninstallMode="0"/>
<entry name="source/main/java/com/eviware/soapui/impl/wsdl/teststeps/assertions/basic/SimpleNotContainsAssertion.java" shared="false" uninstallMode="0"/>
<entry name="source/main/java/com/eviware/soapui/model/tree/nodes/TestStepTreeNode.java" shared="false" uninstallMode="0"/>
<entry name="source/main/java/com/eviware/soapui/support/action/swing/ActionList.java" shared="false" uninstallMode="0"/>
<entry name="source/main/java/com/eviware/soapui/ui/support/ModelItemDesktopPanel.java" shared="false" uninstallMode="0"/>
<entry name="source/main/java/com/eviware/soapui/plugins/auto/factories/AutoResponseInspectorFactory.java" shared="false" uninstallMode="0"/>
<entry name="source/main/java/com/eviware/soapui/security/actions/CloneSecurityTestAction.java" shared="false" uninstallMode="0"/>
<entry name="source/main/resources/com/eviware/soapui/resources/images/malformed_xml_scan.gif" shared="false" uninstallMode="0"/>
<entry name="source/main/java/com/eviware/soapui/impl/wsdl/submit/transports/http/support/attachments/MultipartAttachmentFileDataSource.java" shared="false" uninstallMode="0"/>
<entry name="source/main/java/com/eviware/soapui/security/boundary/NormalisedStringBoundary.java" shared="false" uninstallMode="0"/>
<entry name="lib/analytics-core-3.5.1.jar" shared="false" uninstallMode="0"/>
<entry name="source/main/java/com/eviware/soapui/impl/wsdl/actions/monitor/SoapMonitorAction.java" shared="false" uninstallMode="0"/>
<entry name="source/test/java/com/eviware/soapui/impl/wsdl/support/wss/entries/SignatureEntryTest.java" shared="false" uninstallMode="0"/>
<entry name="source/main/java/com/eviware/soapui/impl/rest/actions/resource/RenameRestResourceAction.java" shared="false" uninstallMode="0"/>
<entry name="source/test/java/com/eviware/soapui/actions/MockAsWarActionTest.java" shared="false" uninstallMode="0"/>
<entry name="source/main/xsd/soap/soapEnvelope11.xsd" shared="false" uninstallMode="0"/>
<entry name="source/test/java/com/eviware/soapui/impl/wsdl/mock/WsdlMockResponseTest.java" shared="false" uninstallMode="0"/>
<entry name="source/main/java/com/eviware/soapui/support/components/JInspectorPanelFactory.java" shared="false" uninstallMode="0"/>
<entry name="source/main/java/com/eviware/soapui/impl/wsdl/WsdlSubmit.java" shared="false" uninstallMode="0"/>
<entry name="source/main/java/com/eviware/soapui/support/swing/SwingWorker.java" shared="false" uninstallMode="0"/>
<entry name="source/main/java/com/eviware/soapui/impl/rest/mock/RestMockResponse.java" shared="false" uninstallMode="0"/>
<entry name="source/test/java/com/eviware/soapui/mockaswar/MockAsWarServletTest.java" shared="false" uninstallMode="0"/>
<entry name="source/main/java/com/eviware/soapui/support/action/swing/package.html" shared="false" uninstallMode="0"/>
<entry name="jre/lib/security/default.policy" shared="false" uninstallMode="3"/>
<entry name="lib/auto-value-annotations-1.10.1.jar" shared="false" uninstallMode="0"/>
<entry name="source/main/java/com/eviware/soapui/impl/wsdl/submit/transports/http/support/attachments/HttpRequestDataSource.java" shared="false" uninstallMode="0"/>
<entry name="source/main/java/com/eviware/soapui/model/tree/SoapUITreeModel.java" shared="false" uninstallMode="0"/>
<entry name="lib/httpmime-4.5.5.jar" shared="false" uninstallMode="0"/>
<entry name="source/main/java/com/eviware/soapui/plugins/factories/navigator/NavigatorNodesExpandStateProvider.java" shared="false" uninstallMode="0"/>
<entry name="source/main/java/com/eviware/soapui/impl/wsdl/teststeps/assertions/json/JsonPathAssertionBase.java" shared="false" uninstallMode="0"/>
<entry name="jre/man/man1/keytool.1" shared="false" uninstallMode="3"/>
<entry name="licences/xmlunit-LICENSE.txt" shared="false" uninstallMode="0"/>
<entry name="source/main/java/com/eviware/soapui/model/mock/MockService.java" shared="false" uninstallMode="0"/>
<entry name="source/main/java/com/eviware/soapui/model/support/package.html" shared="false" uninstallMode="0"/>
<entry name="source/main/java/com/eviware/soapui/impl/wadl/inference/schema/types/TypeReferenceType.java" shared="false" uninstallMode="0"/>
<entry name="jre/legal/java.compiler/LICENSE" shared="false" uninstallMode="3"/>
<entry name="source/main/resources/com/eviware/soapui/resources/images/preferences_toolbar_icon.png" shared="false" uninstallMode="0"/>
<entry name="licences/myswing-LICENSE.txt" shared="false" uninstallMode="0"/>
<entry name="source/main/java/com/eviware/soapui/model/testsuite/TestSuite.java" shared="false" uninstallMode="0"/>
<entry name="lib/hk2-api-2.6.1.jar" shared="false" uninstallMode="0"/>
<entry name="source/main/resources/com/eviware/soapui/resources/images/soap_request_3.png" shared="false" uninstallMode="0"/>
<entry name="source/main/java/com/eviware/soapui/impl/rest/panels/resource/RestResourcePanelBuilder.java" shared="false" uninstallMode="0"/>
<entry name="source/main/java/com/eviware/soapui/impl/wsdl/teststeps/registry/WsdlTestRequestStepFactory.java" shared="false" uninstallMode="0"/>
<entry name="source/main/java/com/eviware/soapui/impl/wsdl/actions/iface/tools/wsimport/package.html" shared="false" uninstallMode="0"/>
<entry name="source/main/java/com/eviware/soapui/impl/rest/actions/oauth/InvalidOAuthParametersException.java" shared="false" uninstallMode="0"/>
<entry name="source/main/java/com/eviware/soapui/impl/wadl/inference/schema/particles/AttributeParticle.java" shared="false" uninstallMode="0"/>
<entry name="jre/lib/i386/client/classes.jsa" shared="false" uninstallMode="0"/>
<entry name="source/main/java/com/eviware/soapui/support/jdbc/JdbcUtils.java" shared="false" uninstallMode="0"/>
<entry name="source/main/java/com/eviware/soapui/impl/rest/panels/request/inspectors/representations/RestRepresentationsInspectorFactory.java" shared="false" uninstallMode="0"/>
<entry name="jre/legal/jdk.security.jgss/ADDITIONAL_LICENSE_INFO" shared="false" uninstallMode="3"/>
<entry name="source/main/java/com/eviware/soapui/impl/wsdl/panels/mock/package.html" shared="false" uninstallMode="0"/>
<entry name="source/main/java/com/eviware/soapui/settings/GlobalPropertySettings.java" shared="false" uninstallMode="0"/>
<entry name="source/main/java/com/eviware/soapui/impl/wsdl/support/wss/WssUtils.java" shared="false" uninstallMode="0"/>
<entry name="source/main/java/com/eviware/soapui/impl/wsdl/panels/loadtest/JStatisticsGraph.java" shared="false" uninstallMode="0"/>
<entry name="source/main/java/com/eviware/soapui/autoupdate/VersionUpdateAction.java" shared="false" uninstallMode="0"/>
<entry name="source/main/java/com/eviware/soapui/impl/wsdl/panels/mockoperation/WsdlMockOperationPanelBuilder.java" shared="false" uninstallMode="0"/>
<entry name="lib/jackson-databind-2.13.0.jar" shared="false" uninstallMode="0"/>
<entry name="source/test/java/com/eviware/soapui/impl/rest/panels/resource/RestParamsTableTest.java" shared="false" uninstallMode="0"/>
<entry name="source/main/java/com/eviware/soapui/model/propertyexpansion/PropertyExpander.java" shared="false" uninstallMode="0"/>
<entry name="source/main/resources/com/eviware/soapui/resources/images/post_method.png" shared="false" uninstallMode="0"/>
<entry name="jre/legal/java.desktop/ASSEMBLY_EXCEPTION" shared="false" uninstallMode="3"/>
<entry name="source/main/java/com/eviware/soapui/impl/wsdl/monitor/WsdlMonitorMessageExchange.java" shared="false" uninstallMode="0"/>
<entry name="source/test/java/com/eviware/soapui/impl/wsdl/submit/filters/RemoveEmptyContentRequestFilterTestCase.java" shared="false" uninstallMode="0"/>
<entry name="source/main/java/com/eviware/soapui/impl/wsdl/submit/transports/http/support/attachments/MockResponseDataSource.java" shared="false" uninstallMode="0"/>
<entry name=".install4j/i4j_extf_7_hs6ad0_un9apv.png" shared="false" uninstallMode="2"/>
<entry name="source/main/java/com/eviware/soapui/impl/wsdl/teststeps/actions/ToggleDisableAssertionAction.java" shared="false" uninstallMode="0"/>
<entry name="jre/conf/security/policy/limited/exempt_local.policy" shared="false" uninstallMode="3"/>
<entry name="source/main/java/com/eviware/soapui/impl/wsdl/panels/teststeps/support/GotoTestStepsComboBoxModel.java" shared="false" uninstallMode="0"/>
<entry name="source/main/java/org/syntax/jedit/tokenmarker/CCTokenMarker.java" shared="false" uninstallMode="0"/>
<entry name="source/main/java/com/eviware/soapui/impl/wsdl/support/wss/entries/EncryptionEntry.java" shared="false" uninstallMode="0"/>
<entry name="source/main/java/com/eviware/soapui/support/swing/ModalFrameUtil.java" shared="false" uninstallMode="0"/>
<entry name="source/main/java/com/eviware/soapui/impl/actions/ImportWsdlProjectAction.java" shared="false" uninstallMode="0"/>
<entry name="source/main/java/com/smartbear/swagger/SwaggerExporter.java" shared="false" uninstallMode="0"/>
<entry name="jre/legal/java.desktop/freetype.md" shared="false" uninstallMode="3"/>
<entry name="source/main/java/com/eviware/soapui/support/editor/inspectors/jms/header/RequestJMSHeaderInspector.java" shared="false" uninstallMode="0"/>
<entry name="source/main/java/com/eviware/soapui/model/support/AbstractResponse.java" shared="false" uninstallMode="0"/>
<entry name="source/test/java/com/eviware/soapui/utils/ModelItemMatchers.java" shared="false" uninstallMode="0"/>
<entry name="jre/lib/amd64/server/classes.jsa" shared="false" uninstallMode="0"/>
<entry name="source/main/java/com/eviware/soapui/support/resolver/CreateNewEmptyTestCase.java" shared="false" uninstallMode="0"/>
<entry name="source/main/java/com/eviware/soapui/model/support/PropertiesMap.java" shared="false" uninstallMode="0"/>
<entry name="source/main/java/org/apache/commons/httpclient/URI.java" shared="false" uninstallMode="0"/>
<entry name="jre/legal/java.smartcardio/ADDITIONAL_LICENSE_INFO" shared="false" uninstallMode="3"/>
<entry name="source/main/java/com/eviware/soapui/impl/wsdl/support/MessageExchangeRequestMessageEditor.java" shared="false" uninstallMode="0"/>
<entry name="source/main/java/org/syntax/jedit/tokenmarker/PropsTokenMarker.java" shared="false" uninstallMode="0"/>
<entry name="source/main/java/com/eviware/soapui/plugins/InstalledPluginRecord.java" shared="false" uninstallMode="0"/>
<entry name="source/test/java/com/eviware/soapui/impl/rest/mock/RestMockServiceTest.java" shared="false" uninstallMode="0"/>
<entry name="jre/legal/java.xml/bcel.md" shared="false" uninstallMode="3"/>
<entry name="source/main/java/com/eviware/soapui/support/swing/ModelItemListMouseListener.java" shared="false" uninstallMode="0"/>
<entry name="source/main/java/com/eviware/soapui/support/ClasspathHacker.java" shared="false" uninstallMode="0"/>
<entry name="source/main/java/com/eviware/soapui/impl/wsdl/panels/operation/package.html" shared="false" uninstallMode="0"/>
<entry name="source/main/resources/com/eviware/soapui/resources/images/sql_injection_scan.gif" shared="false" uninstallMode="0"/>
<entry name="source/main/java/com/eviware/soapui/plugins/auto/factories/AutoSubReportFactory.java" shared="false" uninstallMode="0"/>
<entry name="source/main/java/com/eviware/soapui/support/editor/registry/InspectorRegistry.java" shared="false" uninstallMode="0"/>
<entry name="source/test/resources/mime-attachment.txt" shared="false" uninstallMode="0"/>
<entry name="source/main/java/com/eviware/soapui/impl/wsdl/teststeps/GraphQLTestRequestStepInterface.java" shared="false" uninstallMode="0"/>
<entry name="source/main/java/com/eviware/soapui/support/dnd/handlers/AbstractBeforeAfterModelItemDropHandler.java" shared="false" uninstallMode="0"/>
<entry name="RELEASENOTES.txt" shared="false" uninstallMode="0"/>
<entry name="source/main/java/com/eviware/soapui/impl/wsdl/actions/project/AddNewTestSuiteAction.java" shared="false" uninstallMode="0"/>
<entry name="source/main/java/com/eviware/soapui/impl/wsdl/actions/teststep/package.html" shared="false" uninstallMode="0"/>
<entry name="bin/installationcomplete.sh" shared="false" uninstallMode="0"/>
<entry name="source/main/java/org/syntax/jedit/tokenmarker/CTokenMarker.java" shared="false" uninstallMode="0"/>
<entry name="source/main/java/com/eviware/soapui/actions/StartHermesJMSButtonAction.java" shared="false" uninstallMode="0"/>
<entry name="source/main/java/com/eviware/soapui/support/actions/FindAndReplaceable.java" shared="false" uninstallMode="0"/>
<entry name="source/main/java/com/eviware/soapui/impl/wsdl/panels/teststeps/GroovyScriptStepPanelBuilder.java" shared="false" uninstallMode="0"/>
<entry name="lib/joda-time-2.9.9.jar" shared="false" uninstallMode="0"/>
<entry name="source/main/java/com/eviware/soapui/model/support/MessageExchangeUtil.java" shared="false" uninstallMode="0"/>
<entry name="source/main/java/com/eviware/soapui/impl/wsdl/actions/teststep/DeleteTestStepAction.java" shared="false" uninstallMode="0"/>
<entry name="source/main/resources/com/eviware/soapui/resources/images/find.png" shared="false" uninstallMode="0"/>
<entry name="source/main/java/com/eviware/soapui/impl/wsdl/loadtest/strategy/BurstLoadStrategy.java" shared="false" uninstallMode="0"/>
<entry name="lib/woodstox-core-5.0.3.jar" shared="false" uninstallMode="0"/>
<entry name="source/main/resources/com/eviware/soapui/resources/images/runTestCaseWithLoadUI.png" shared="false" uninstallMode="0"/>
<entry name="source/main/java/com/eviware/soapui/impl/wsdl/teststeps/SetWaitTimeAction.java" shared="false" uninstallMode="0"/>
<entry name="jre/legal/java.logging/LICENSE" shared="false" uninstallMode="3"/>
<entry name="source/main/java/com/eviware/soapui/model/settings/SettingsListener.java" shared="false" uninstallMode="0"/>
<entry name="jre/legal/java.desktop/harfbuzz.md" shared="false" uninstallMode="3"/>
<entry name="source/main/java/com/eviware/soapui/model/testsuite/RunListener.java" shared="false" uninstallMode="0"/>
<entry name="source/main/java/com/eviware/soapui/settings/ToolsSupport.java" shared="false" uninstallMode="0"/>
<entry name="source/main/java/com/eviware/soapui/impl/wsdl/support/wsa/WsaContainerImpl.java" shared="false" uninstallMode="0"/>
<entry name="source/main/java/com/eviware/soapui/support/editor/inspectors/auth/OAuth1AdvancedOptionsDialog.java" shared="false" uninstallMode="0"/>
<entry name="source/main/resources/com/eviware/soapui/resources/images/soap_request_step.png" shared="false" uninstallMode="0"/>
<entry name="source/main/java/com/eviware/soapui/model/iface/Attachment.java" shared="false" uninstallMode="0"/>
<entry name="source/main/java/org/apache/commons/httpclient/HttpClientError.java" shared="false" uninstallMode="0"/>
<entry name="source/main/java/com/eviware/soapui/impl/wsdl/support/soap/SoapJMSBindingImporter.java" shared="false" uninstallMode="0"/>
<entry name="source/main/java/com/eviware/soapui/support/XmlHolder.java" shared="false" uninstallMode="0"/>
<entry name="source/test/java/com/eviware/soapui/support/preferences/UserPreferencesTest.java" shared="false" uninstallMode="0"/>
<entry name="source/main/java/com/eviware/soapui/impl/wsdl/teststeps/SimplePathPropertySupport.java" shared="false" uninstallMode="0"/>
<entry name="source/main/java/com/eviware/soapui/support/log/package.html" shared="false" uninstallMode="0"/>
<entry name="source/main/resources/com/eviware/soapui/resources/images/minus.gif" shared="false" uninstallMode="0"/>
<entry name="source/main/resources/com/eviware/soapui/support/editor/inspectors/auth/Bundle.properties" shared="false" uninstallMode="0"/>
<entry name="source/main/java/com/eviware/soapui/impl/wsdl/actions/iface/WsdlInterfaceSoapUIActionGroup.java" shared="false" uninstallMode="0"/>
<entry name=".install4j/s_1o46r56.png" shared="false" uninstallMode="2"/>
<entry name="lib/javaparser-core-3.25.4.jar" shared="false" uninstallMode="0"/>
<entry name="jre/legal/java.base/ADDITIONAL_LICENSE_INFO" shared="false" uninstallMode="3"/>
<entry name="source/main/resources/com/eviware/soapui/resources/images/clone_sec_scan.gif" shared="false" uninstallMode="0"/>
<entry name="source/main/java/com/eviware/soapui/autoupdate/NewSoapUIVersionAvailableDialog.java" shared="false" uninstallMode="0"/>
<entry name="lib/log4j-slf4j-impl-2.17.1.jar" shared="false" uninstallMode="0"/>
<entry name="source/main/java/com/eviware/soapui/plugins/Version.java" shared="false" uninstallMode="0"/>
<entry name="source/main/resources/com/eviware/soapui/resources/images/add.png" shared="false" uninstallMode="0"/>
<entry name="lib/jopt-simple-5.0.3.jar" shared="false" uninstallMode="0"/>
<entry name="source/main/java/com/eviware/soapui/impl/wsdl/submit/transports/http/support/attachments/AttachmentDataSource.java" shared="false" uninstallMode="0"/>
<entry name="source/main/java/com/eviware/soapui/support/components/FileListFormComponent.java" shared="false" uninstallMode="0"/>
<entry name="source/main/java/com/eviware/soapui/support/GroovyUtils.java" shared="false" uninstallMode="0"/>
<entry name="source/main/java/com/eviware/soapui/security/boundary/StringBoundary.java" shared="false" uninstallMode="0"/>
<entry name=".install4j/launcher0.jar" shared="false" uninstallMode="2"/>
<entry name="jre/lib/libnet.so" shared="false" uninstallMode="3"/>
<entry name="source/main/java/com/eviware/soapui/impl/wsdl/actions/project/SaveProjectAction.java" shared="false" uninstallMode="0"/>
<entry name="lib/xercesImpl-2.12.0.jar" shared="false" uninstallMode="0"/>
<entry name="lib/kotlin-stdlib-jdk8-1.6.10.jar" shared="false" uninstallMode="0"/>
<entry name="source/test/java/com/eviware/soapui/impl/wsdl/WsdlProjectWithRestMockTest.java" shared="false" uninstallMode="0"/>
<entry name="source/main/resources/com/eviware/soapui/resources/images/soap_virt_8.png" shared="false" uninstallMode="0"/>
<entry name="source/main/java/com/eviware/soapui/support/editor/inspectors/jms/property/JMSPropertyInspector.java" shared="false" uninstallMode="0"/>
<entry name="source/main/java/com/eviware/soapui/security/actions/SecurityTestOptionsAction.java" shared="false" uninstallMode="0"/>
<entry name="source/main/java/com/eviware/soapui/support/PlainJavaJsonProvider.java" shared="false" uninstallMode="0"/>
<entry name="source/main/java/com/eviware/soapui/impl/rest/RestMockResultMessageExchange.java" shared="false" uninstallMode="0"/>
<entry name="source/main/java/com/eviware/soapui/impl/wsdl/panels/project/WsdlProjectPanelBuilder.java" shared="false" uninstallMode="0"/>
<entry name="source/main/java/com/eviware/soapui/impl/wsdl/support/http/HttpClientSupport.java" shared="false" uninstallMode="0"/>
<entry name="source/main/java/com/eviware/soapui/impl/wsdl/actions/testsuite/MoveTestSuiteUpAction.java" shared="false" uninstallMode="0"/>
<entry name="source/main/java/com/eviware/soapui/impl/wsdl/WsdlAttachmentContainer.java" shared="false" uninstallMode="0"/>
<entry name="source/main/java/com/eviware/soapui/impl/wsdl/actions/mockresponse/RemoveAllOutgoingWSSFromMockResponseAction.java" shared="false" uninstallMode="0"/>
<entry name="source/main/java/com/eviware/soapui/support/DescriptionPanel.java" shared="false" uninstallMode="0"/>
<entry name="source/test/resources/xsds/wsrm-1.0-schema-200502.xsd" shared="false" uninstallMode="0"/>
<entry name="source/test/java/com/eviware/soapui/impl/rest/OAuth2ProfileTest.java" shared="false" uninstallMode="0"/>
<entry name="lib/jersey-media-jaxb-2.29.1.jar" shared="false" uninstallMode="0"/>
<entry name="source/main/java/com/eviware/soapui/impl/wsdl/actions/iface/tools/soapui/SecurityTestRunnerAction.java" shared="false" uninstallMode="0"/>
<entry name="source/main/java/com/eviware/soapui/impl/support/components/RequestMessageXmlEditor.java" shared="false" uninstallMode="0"/>
<entry name="source/main/resources/com/eviware/soapui/resources/images/proxyEnabled.png" shared="false" uninstallMode="0"/>
<entry name="source/main/java/com/eviware/soapui/support/components/DirectoryFormComponent.java" shared="false" uninstallMode="0"/>
<entry name="source/main/java/com/eviware/soapui/security/support/SecurityScanParameterListenerAdapter.java" shared="false" uninstallMode="0"/>
<entry name="source/main/java/com/eviware/soapui/impl/wadl/inference/schema/Settings.java" shared="false" uninstallMode="0"/>
<entry name="lib/rsyntaxtextarea-2.5.0.jar" shared="false" uninstallMode="0"/>
<entry name="source/main/java/com/eviware/soapui/impl/wsdl/actions/iface/tools/xmlbeans/package.html" shared="false" uninstallMode="0"/>
<entry name="source/main/java/com/eviware/soapui/impl/wsdl/panels/support/MockProjectRunContext.java" shared="false" uninstallMode="0"/>
<entry name="source/main/java/com/eviware/soapui/security/registry/XPathInjectionSecurityScanFactory.java" shared="false" uninstallMode="0"/>
<entry name="SoapUI-Tutorials/WSDL-WADL/sample-service.wadl" shared="false" uninstallMode="0"/>
<entry name="source/main/java/com/eviware/soapui/impl/wsdl/actions/testcase/CloneTestCaseAction.java" shared="false" uninstallMode="0"/>
<entry name="source/main/java/com/eviware/soapui/security/support/SecurityTestRunListenerAdapter.java" shared="false" uninstallMode="0"/>
<entry name="source/main/java/com/eviware/soapui/security/SecurityTestRunner.java" shared="false" uninstallMode="0"/>
<entry name="source/main/java/com/eviware/soapui/model/mock/MockRunner.java" shared="false" uninstallMode="0"/>
<entry name="jre/legal/jdk.zipfs/ADDITIONAL_LICENSE_INFO" shared="false" uninstallMode="3"/>
<entry name="lib/jdom-1.0.jar" shared="false" uninstallMode="0"/>
<entry name="source/main/resources/com/eviware/soapui/explorer/js/jquery-1.11.1min.js" shared="false" uninstallMode="0"/>
<entry name="source/main/java/com/eviware/x/form/AbstractXFormField.java" shared="false" uninstallMode="0"/>
<entry name="source/main/java/com/eviware/soapui/impl/wsdl/teststeps/actions/WsdlMessageAssertionSoapUIActionGroup.java" shared="false" uninstallMode="0"/>
<entry name="jre/include/jvmti.h" shared="false" uninstallMode="3"/>
<entry name="source/main/java/com/eviware/soapui/security/support/FailedSecurityMessageExchange.java" shared="false" uninstallMode="0"/>
<entry name="lib/javafx-controls-17.0.12-linux.jar" shared="false" uninstallMode="0"/>
<entry name="bin/soapui.sh" shared="false" uninstallMode="0"/>
<entry name="source/main/java/com/eviware/soapui/plugins/ActionMapping.java" shared="false" uninstallMode="0"/>
<entry name="source/main/java/com/eviware/soapui/support/propertyexpansion/PropertyExpansionTarget.java" shared="false" uninstallMode="0"/>
<entry name="source/main/java/com/eviware/x/impl/swing/AbstractSwingXFormField.java" shared="false" uninstallMode="0"/>
<entry name="source/main/java/com/eviware/x/form/support/APage.java" shared="false" uninstallMode="0"/>
<entry name="source/main/java/com/eviware/soapui/impl/wsdl/support/wss/entries/AutomaticSAMLEntry.java" shared="false" uninstallMode="0"/>
<entry name="source/main/java/com/eviware/soapui/support/components/HyperlinkLabelMouseAdapter.java" shared="false" uninstallMode="0"/>
<entry name="source/main/java/com/eviware/soapui/impl/rest/panels/request/inspectors/representations/AbstractRestRepresentationsInspector.java" shared="false" uninstallMode="0"/>
<entry name="source/main/java/com/eviware/soapui/ui/support/package.html" shared="false" uninstallMode="0"/>
<entry name="source/main/resources/com/eviware/soapui/resources/images/encrypted_project.png" shared="false" uninstallMode="0"/>
<entry name="lib/hk2-utils-2.6.1.jar" shared="false" uninstallMode="0"/>
<entry name="source/main/java/com/eviware/soapui/model/testsuite/TestJdbcDriver.java" shared="false" uninstallMode="0"/>
<entry name="source/main/java/com/eviware/soapui/support/propertyexpansion/RSyntaxTextAreaPropertyExpansionTarget.java" shared="false" uninstallMode="0"/>
<entry name="source/main/java/com/eviware/soapui/support/dnd/ModelItemDropHandler.java" shared="false" uninstallMode="0"/>
<entry name="source/main/java/com/eviware/soapui/impl/wsdl/panels/teststeps/support/WsaAssertionConfiguration.java" shared="false" uninstallMode="0"/>
<entry name="source/main/java/com/eviware/soapui/support/components/JEditorStatusBar.java" shared="false" uninstallMode="0"/>
<entry name="source/main/java/com/eviware/soapui/ui/support/JProgressBarWrapper.java" shared="false" uninstallMode="0"/>
<entry name="source/main/java/com/eviware/soapui/impl/wsdl/teststeps/WsdlMessageExchangeTestStepResult.java" shared="false" uninstallMode="0"/>
<entry name="source/main/java/com/eviware/soapui/support/editor/xml/XmlEditor.java" shared="false" uninstallMode="0"/>
<entry name="source/main/java/com/smartbear/swagger/ExportSwaggerAction.java" shared="false" uninstallMode="0"/>
<entry name="source/main/java/com/eviware/soapui/impl/wsdl/teststeps/PropertyTransfer.java" shared="false" uninstallMode="0"/>
<entry name="source/main/java/com/eviware/soapui/impl/wsdl/mock/dispatch/SequenceMockOperationDispatcher.java" shared="false" uninstallMode="0"/>
<entry name="source/main/java/com/eviware/soapui/support/NullProgressDialog.java" shared="false" uninstallMode="0"/>
<entry name="source/main/java/com/eviware/soapui/impl/wsdl/submit/transports/jms/HermesJmsRequestPublishSubscribeTransport.java" shared="false" uninstallMode="0"/>
<entry name="source/main/java/com/eviware/x/impl/swing/JTextAreaFormField.java" shared="false" uninstallMode="0"/>
<entry name="source/main/java/com/eviware/soapui/tools/JfxrtLocator.java" shared="false" uninstallMode="0"/>
<entry name="source/main/java/com/eviware/soapui/impl/rest/actions/service/Wadl2JavaAction.java" shared="false" uninstallMode="0"/>
<entry name="source/main/java/com/eviware/soapui/impl/wsdl/submit/AbstractRestMessageExchange.java" shared="false" uninstallMode="0"/>
<entry name="source/main/java/com/eviware/soapui/support/action/support/AbstractSoapUIMultiAction.java" shared="false" uninstallMode="0"/>
<entry name="source/main/java/com/eviware/soapui/impl/wsdl/loadtest/log/LoadTestLogEntry.java" shared="false" uninstallMode="0"/>
<entry name="source/main/java/com/eviware/soapui/impl/wsdl/loadtest/ColorPalette.java" shared="false" uninstallMode="0"/>
<entry name=".install4j/i4j_extf_8_hs6ad0_18gg8kx@2x.png" shared="false" uninstallMode="2"/>
<entry name="source/main/java/com/eviware/soapui/impl/wsdl/support/MessageExchangeResponseMessageEditor.java" shared="false" uninstallMode="0"/>
<entry name="source/main/java/com/eviware/soapui/model/support/WorkspaceListenerAdapter.java" shared="false" uninstallMode="0"/>
<entry name="source/main/java/com/eviware/soapui/impl/wsdl/actions/project/ImportTestSuiteAction.java" shared="false" uninstallMode="0"/>
<entry name="bin/wargenerator.sh" shared="false" uninstallMode="0"/>
<entry name="source/main/java/com/eviware/soapui/support/resolver/ChangeRestMethodResolver.java" shared="false" uninstallMode="0"/>
<entry name="jre/legal/java.xml/xalan.md" shared="false" uninstallMode="3"/>
<entry name="source/main/java/skt/swing/tree/ChildrenEnumeration.java" shared="false" uninstallMode="0"/>
<entry name="source/main/java/com/eviware/soapui/impl/rest/RestService.java" shared="false" uninstallMode="0"/>
<entry name="source/main/java/com/eviware/soapui/support/editor/registry/ResponseEditorViewFactory.java" shared="false" uninstallMode="0"/>
<entry name="source/main/java/com/eviware/soapui/impl/wsdl/panels/teststeps/support/PropertyHolderTableModel.java" shared="false" uninstallMode="0"/>
<entry name="source/main/java/com/eviware/soapui/security/ui/MalformedXmlAdvancedSettingsPanel.java" shared="false" uninstallMode="0"/>
<entry name="source/main/java/org/syntax/jedit/tokenmarker/XMLTokenMarker.java" shared="false" uninstallMode="0"/>
<entry name="source/main/java/com/eviware/soapui/impl/wsdl/actions/request/package.html" shared="false" uninstallMode="0"/>
<entry name="lib/commons-csv-1.1.jar" shared="false" uninstallMode="0"/>
<entry name=".install4j/i4j_extf_9_hs6ad0_ak6rht.png" shared="false" uninstallMode="2"/>
<entry name="source/main/java/com/eviware/soapui/model/iface/SoapUIListener.java" shared="false" uninstallMode="0"/>
<entry name="source/main/java/com/eviware/soapui/security/support/ProgressBarSecurityTestAdapter.java" shared="false" uninstallMode="0"/>
<entry name="lib/ant-junit-1.10.12.jar" shared="false" uninstallMode="0"/>
<entry name="source/main/java/com/eviware/soapui/support/components/JFocusableComponentInspector.java" shared="false" uninstallMode="0"/>
<entry name="source/main/java/com/eviware/soapui/model/iface/Operation.java" shared="false" uninstallMode="0"/>
<entry name="source/main/java/com/eviware/soapui/report/TestCaseRunLogReport.java" shared="false" uninstallMode="0"/>
<entry name="source/main/java/com/eviware/soapui/support/dnd/NavigatorDragAndDropable.java" shared="false" uninstallMode="0"/>
<entry name="source/main/resources/com/eviware/soapui/resources/images/soap_virt.png" shared="false" uninstallMode="0"/>
<entry name="source/main/java/com/eviware/soapui/support/components/JInspectorPanelImpl.java" shared="false" uninstallMode="0"/>
<entry name="jre/legal/java.management.rmi/ASSEMBLY_EXCEPTION" shared="false" uninstallMode="3"/>
<entry name="source/main/java/com/eviware/soapui/ui/desktop/standalone/StandaloneDesktopFactory.java" shared="false" uninstallMode="0"/>
<entry name="source/main/java/com/eviware/soapui/impl/wsdl/panels/teststeps/WsdlTestRequestDesktopPanel.java" shared="false" uninstallMode="0"/>
<entry name="source/main/java/com/eviware/soapui/model/support/XPathReferenceImpl.java" shared="false" uninstallMode="0"/>
<entry name="source/main/java/com/eviware/soapui/impl/wsdl/loadtest/data/actions/ExportStatisticsHistoryAction.java" shared="false" uninstallMode="0"/>
<entry name="source/main/java/com/eviware/soapui/support/JsonUtil.java" shared="false" uninstallMode="0"/>
<entry name="source/main/java/com/eviware/soapui/impl/wsdl/AbstractWsdlModelItem.java" shared="false" uninstallMode="0"/>
<entry name="source/main/java/com/eviware/soapui/support/xml/DefaultXPathModifier.java" shared="false" uninstallMode="0"/>
<entry name="source/main/java/com/eviware/soapui/impl/wsdl/loadtest/assertions/TestStepTpsAssertion.java" shared="false" uninstallMode="0"/>
<entry name="source/main/java/com/eviware/soapui/impl/wsdl/actions/testcase/ClearTestCaseAction.java" shared="false" uninstallMode="0"/>
<entry name="lib/groovy-docgenerator-3.0.19.jar" shared="false" uninstallMode="0"/>
<entry name="source/main/java/com/eviware/soapui/impl/wsdl/support/http/SoapUILoggingManagedHttpClientConnection.java" shared="false" uninstallMode="0"/>
<entry name="source/main/resources/com/eviware/soapui/resources/images/rest_virt_3.gif" shared="false" uninstallMode="0"/>
<entry name="source/main/java/com/eviware/soapui/impl/wsdl/support/soap/AbstractSoapBindingImporter.java" shared="false" uninstallMode="0"/>
<entry name="source/main/java/com/eviware/soapui/impl/wsdl/actions/iface/tools/gsoap/GSoapAction.java" shared="false" uninstallMode="0"/>
<entry name="source/main/java/com/eviware/soapui/impl/wsdl/support/http/NTLMSchemeFactory.java" shared="false" uninstallMode="0"/>
<entry name="source/main/resources/com/eviware/soapui/resources/images/rest_virt_7.png" shared="false" uninstallMode="0"/>
<entry name="jre/legal/java.transaction.xa/ADDITIONAL_LICENSE_INFO" shared="false" uninstallMode="3"/>
<entry name="source/main/java/com/eviware/soapui/impl/wsdl/mock/dispatch/MockOperationDispatchFactory.java" shared="false" uninstallMode="0"/>
<entry name="source/main/java/com/eviware/soapui/impl/wadl/inference/InferredSchema.java" shared="false" uninstallMode="0"/>
<entry name="source/main/java/com/eviware/soapui/model/support/ProjectListenerAdapter.java" shared="false" uninstallMode="0"/>
<entry name="source/main/java/com/eviware/soapui/impl/wsdl/support/wsrm/WsrmBuilder.java" shared="false" uninstallMode="0"/>
<entry name="source/main/java/com/eviware/soapui/impl/wsdl/support/http/FixedDigestSchemeFactory.java" shared="false" uninstallMode="0"/>
<entry name="source/main/resources/com/eviware/soapui/resources/images/conditional_goto_step.png" shared="false" uninstallMode="0"/>
<entry name="source/main/resources/com/eviware/soapui/resources/images/online_help.gif" shared="false" uninstallMode="0"/>
<entry name="source/main/java/com/eviware/soapui/impl/wsdl/panels/teststeps/HttpTestRequestDesktopPanel.java" shared="false" uninstallMode="0"/>
<entry name="source/main/java/com/eviware/soapui/impl/wsdl/loadtest/assertions/TestStepStatusAssertion.java" shared="false" uninstallMode="0"/>
<entry name="source/main/java/com/eviware/soapui/impl/wsdl/submit/transports/http/SinglePartHttpResponse.java" shared="false" uninstallMode="0"/>
<entry name="source/main/resources/com/eviware/soapui/resources/images/plus_greyout.gif" shared="false" uninstallMode="0"/>
<entry name="source/main/java/com/eviware/soapui/impl/wsdl/actions/teststep/MoveTestStepUpAction.java" shared="false" uninstallMode="0"/>
<entry name="source/main/java/com/eviware/soapui/model/settings/Settings.java" shared="false" uninstallMode="0"/>
<entry name="source/main/resources/com/eviware/soapui/resources/images/remove_property.gif" shared="false" uninstallMode="0"/>
<entry name="LICENSE.txt" shared="false" uninstallMode="0"/>
<entry name="source/main/resources/com/eviware/soapui/resources/images/jdbc_request_4.png" shared="false" uninstallMode="0"/>
<entry name="source/main/java/com/eviware/soapui/impl/wsdl/panels/testcase/WsdlTestCasePanelBuilder.java" shared="false" uninstallMode="0"/>
<entry name="source/main/resources/com/eviware/soapui/resources/images/invalid_amf_request_step.png" shared="false" uninstallMode="0"/>
<entry name="source/main/java/com/eviware/soapui/impl/wsdl/submit/transports/http/support/attachments/MimeMessageMockResponseEntity.java" shared="false" uninstallMode="0"/>
<entry name="source/main/java/com/eviware/soapui/impl/rest/panels/mock/RestMockActionPanelBuilder.java" shared="false" uninstallMode="0"/>
<entry name="source/main/java/com/eviware/soapui/support/dnd/handlers/TestStepToTestStepsDropHandler.java" shared="false" uninstallMode="0"/>
<entry name="source/main/java/com/eviware/soapui/model/util/ModelItemNames.java" shared="false" uninstallMode="0"/>
<entry name="source/main/resources/com/eviware/soapui/resources/images/breakpoint_disabled.gif" shared="false" uninstallMode="0"/>
<entry name="jre/legal/jdk.unsupported/ASSEMBLY_EXCEPTION" shared="false" uninstallMode="3"/>
<entry name="source/main/java/com/eviware/soapui/impl/wsdl/actions/project/package.html" shared="false" uninstallMode="0"/>
<entry name="source/main/java/com/eviware/soapui/impl/wsdl/teststeps/assertions/recent/BoundedQueue.java" shared="false" uninstallMode="0"/>
<entry name="source/main/java/com/eviware/soapui/model/mock/MockRequest.java" shared="false" uninstallMode="0"/>
<entry name="source/main/java/com/eviware/soapui/settings/WsdlSettings.java" shared="false" uninstallMode="0"/>
<entry name="source/main/resources/com/eviware/soapui/resources/images/disabled_project.png" shared="false" uninstallMode="0"/>
<entry name="source/main/java/com/eviware/soapui/impl/wsdl/support/policy/PolicyUtils.java" shared="false" uninstallMode="0"/>
<entry name="licences/looks-LICENSE.txt" shared="false" uninstallMode="0"/>
<entry name=".install4j/launcheraafc0a7e.jar" shared="false" uninstallMode="2"/>
<entry name="jre/legal/java.instrument/ASSEMBLY_EXCEPTION" shared="false" uninstallMode="3"/>
<entry name="source/main/java/com/eviware/soapui/impl/wsdl/actions/iface/tools/tcpmon/TcpMonAction.java" shared="false" uninstallMode="0"/>
<entry name="source/main/java/com/eviware/soapui/impl/wsdl/teststeps/assertions/package.html" shared="false" uninstallMode="0"/>
<entry name="source/main/java/com/eviware/soapui/impl/wsdl/support/XmlBeansPropertiesTestPropertyHolder.java" shared="false" uninstallMode="0"/>
<entry name="source/test/java/com/eviware/soapui/impl/rest/panels/component/RestResourceEditorPopupWindowTest.java" shared="false" uninstallMode="0"/>
<entry name="source/main/java/com/eviware/soapui/impl/wsdl/submit/RequestTransportRegistry.java" shared="false" uninstallMode="0"/>
<entry name="source/main/java/com/eviware/soapui/support/EditorFactory.java" shared="false" uninstallMode="0"/>
<entry name="source/test/java/com/eviware/soapui/impl/wsdl/submit/transports/http/HttpClientRequestTransportTest.java" shared="false" uninstallMode="0"/>
<entry name="source/test/java/com/eviware/soapui/support/StringUtilsTestCase.java" shared="false" uninstallMode="0"/>
<entry name="source/main/java/com/eviware/soapui/impl/wsdl/teststeps/actions/CreateRequestAction.java" shared="false" uninstallMode="0"/>
<entry name="source/main/java/com/eviware/soapui/ui/navigator/Navigator.java" shared="false" uninstallMode="0"/>
<entry name="source/main/java/com/eviware/soapui/impl/wsdl/actions/iface/tools/jbossws/package.html" shared="false" uninstallMode="0"/>
<entry name="source/main/java/com/eviware/soapui/tools/package.html" shared="false" uninstallMode="0"/>
<entry name="bin/loadtestrunner.sh" shared="false" uninstallMode="0"/>
<entry name="source/main/resources/com/eviware/soapui/resources/images/link.png" shared="false" uninstallMode="0"/>
<entry name="source/main/resources/com/eviware/soapui/impl/rest/actions/service/Bundle.properties" shared="false" uninstallMode="0"/>
<entry name="source/main/java/com/eviware/soapui/impl/wsdl/support/JdbcMessageExchange.java" shared="false" uninstallMode="0"/>
<entry name="source/main/java/com/eviware/soapui/impl/wsdl/support/http/HeaderRequestInterceptor.java" shared="false" uninstallMode="0"/>
<entry name="source/main/java/com/eviware/soapui/impl/rest/OAuth2ProfileContainer.java" shared="false" uninstallMode="0"/>
<entry name="jre/legal/java.security.jgss/ASSEMBLY_EXCEPTION" shared="false" uninstallMode="3"/>
<entry name="source/main/java/com/eviware/soapui/impl/wsdl/actions/testsuite/MoveTestSuiteDownAction.java" shared="false" uninstallMode="0"/>
<entry name="source/main/java/com/eviware/soapui/ui/desktop/SoapUIDesktop.java" shared="false" uninstallMode="0"/>
<entry name="source/main/java/com/eviware/soapui/impl/wsdl/actions/iface/tools/support/SwingToolHost.java" shared="false" uninstallMode="0"/>
<entry name="source/main/java/com/eviware/soapui/model/tree/nodes/MockServiceTreeNode.java" shared="false" uninstallMode="0"/>
<entry name="lib/swagger-core-1.6.2.jar" shared="false" uninstallMode="0"/>
<entry name="source/main/java/com/eviware/soapui/impl/wsdl/actions/iface/GenerateWsdlTestSuiteAction.java" shared="false" uninstallMode="0"/>
<entry name="source/main/java/org/apache/http/localserver/LocalTestServer.java" shared="false" uninstallMode="0"/>
<entry name="source/main/java/com/eviware/soapui/report/ModelItemReport.java" shared="false" uninstallMode="0"/>
<entry name="source/main/java/com/eviware/soapui/support/editor/views/xml/source/package.html" shared="false" uninstallMode="0"/>
<entry name="source/main/java/com/eviware/soapui/impl/wsdl/actions/iface/tools/wsimport/WSImportAction.java" shared="false" uninstallMode="0"/>
<entry name="source/main/java/com/eviware/soapui/impl/wsdl/actions/mockservice/DeleteMockServiceAction.java" shared="false" uninstallMode="0"/>
<entry name="jre/man/man1/jfr.1" shared="false" uninstallMode="3"/>
<entry name="source/main/resources/com/eviware/soapui/resources/images/save_all.gif" shared="false" uninstallMode="0"/>
<entry name="source/main/java/com/eviware/soapui/impl/wsdl/monitor/jettyproxy/TunnelServlet.java" shared="false" uninstallMode="0"/>
<entry name="source/main/java/com/eviware/soapui/support/uri/HttpParser.java" shared="false" uninstallMode="0"/>
<entry name="source/main/java/com/eviware/soapui/impl/wsdl/teststeps/WsdlTestStepResult.java" shared="false" uninstallMode="0"/>
<entry name="source/main/java/com/eviware/soapui/analytics/providers/BaseAnalyticsProvider.java" shared="false" uninstallMode="0"/>
<entry name="source/main/java/com/eviware/soapui/support/editor/inspectors/httpheaders/HttpHeadersInspectorModel.java" shared="false" uninstallMode="0"/>
<entry name="source/main/java/com/eviware/soapui/impl/wsdl/panels/teststeps/JdbcResponse.java" shared="false" uninstallMode="0"/>
<entry name="source/main/java/com/eviware/soapui/model/support/LoadTestRunListenerAdapter.java" shared="false" uninstallMode="0"/>
<entry name="source/main/java/com/eviware/soapui/impl/wsdl/submit/filters/PropertyExpansionRequestFilter.java" shared="false" uninstallMode="0"/>
<entry name="source/test/java/com/eviware/soapui/impl/wsdl/teststeps/registry/RestRequestStepFactoryTest.java" shared="false" uninstallMode="0"/>
<entry name="source/main/java/com/eviware/soapui/tools/SplashScreenStomper.java" shared="false" uninstallMode="0"/>
<entry name="source/main/java/com/eviware/soapui/plugins/PluginConfiguration.java" shared="false" uninstallMode="0"/>
<entry name="source/main/java/com/eviware/soapui/impl/support/AbstractHttpOperation.java" shared="false" uninstallMode="0"/>
<entry name="source/main/java/com/eviware/soapui/support/dnd/handlers/AbstractModelItemDropHandler.java" shared="false" uninstallMode="0"/>
<entry name="source/main/java/com/eviware/soapui/plugins/PluginDependency.java" shared="false" uninstallMode="0"/>
<entry name="source/main/java/com/eviware/soapui/impl/wsdl/support/MessageXmlPart.java" shared="false" uninstallMode="0"/>
<entry name="lib/activation-1.1.jar" shared="false" uninstallMode="0"/>
<entry name="source/main/java/com/eviware/soapui/impl/wsdl/support/PathPropertyExternalDependency.java" shared="false" uninstallMode="0"/>
<entry name="source/main/java/com/eviware/x/dialogs/XProgressMonitor.java" shared="false" uninstallMode="0"/>
<entry name="source/main/java/com/eviware/soapui/ui/desktop/DesktopFactory.java" shared="false" uninstallMode="0"/>
<entry name="jre/legal/java.prefs/ASSEMBLY_EXCEPTION" shared="false" uninstallMode="3"/>
<entry name="source/main/resources/com/eviware/soapui/resources/images/hermes-16x16.gif" shared="false" uninstallMode="0"/>
<entry name="source/main/java/com/eviware/soapui/actions/ExportProjectAction.java" shared="false" uninstallMode="0"/>
<entry name="source/main/java/com/eviware/soapui/impl/wsdl/mock/WsdlMockRunContext.java" shared="false" uninstallMode="0"/>
<entry name="source/main/java/com/eviware/soapui/impl/wsdl/panels/assertions/AssertionCategoriesTableModel.java" shared="false" uninstallMode="0"/>
<entry name="jre/legal/jdk.attach/LICENSE" shared="false" uninstallMode="3"/>
<entry name="jre/legal/jdk.localedata/ADDITIONAL_LICENSE_INFO" shared="false" uninstallMode="3"/>
<entry name="jre/legal/jdk.management.jfr/ASSEMBLY_EXCEPTION" shared="false" uninstallMode="3"/>
<entry name="source/main/java/com/eviware/soapui/impl/wsdl/loadtest/LoadTestAssertion.java" shared="false" uninstallMode="0"/>
<entry name="source/main/resources/com/eviware/soapui/resources/images/mock_post_method.gif" shared="false" uninstallMode="0"/>
<entry name="source/main/resources/com/eviware/soapui/resources/images/refresh-dummy.png" shared="false" uninstallMode="0"/>
<entry name="source/main/java/skt/swing/tree/check/CheckTreeSelectionModel.java" shared="false" uninstallMode="0"/>
<entry name="source/main/java/com/eviware/soapui/impl/wsdl/teststeps/HttpTestRequest.java" shared="false" uninstallMode="0"/>
<entry name="source/main/resources/com/eviware/soapui/resources/images/stats_graph.gif" shared="false" uninstallMode="0"/>
<entry name="source/test/java/com/eviware/soapui/support/MediaTypeComboBoxTest.java" shared="false" uninstallMode="0"/>
<entry name="lib/json-lib-2.2.2-jdk15.jar" shared="false" uninstallMode="0"/>
<entry name="source/main/java/com/eviware/soapui/impl/wsdl/monitor/SoapMonitorListenerCallBack.java" shared="false" uninstallMode="0"/>
<entry name="source/main/resources/com/eviware/soapui/resources/images/exec_http_request_2.gif" shared="false" uninstallMode="0"/>
<entry name="source/main/resources/com/eviware/soapui/resources/images/exec_jdbc_request_4.gif" shared="false" uninstallMode="0"/>
<entry name="source/test/java/com/eviware/soapui/model/OAuthConfigTest.java" shared="false" uninstallMode="0"/>
<entry name="lib/picocli-4.6.3.jar" shared="false" uninstallMode="0"/>
<entry name="source/main/java/com/eviware/soapui/plugins/InvalidPluginException.java" shared="false" uninstallMode="0"/>
<entry name="source/main/java/com/eviware/soapui/model/propertyexpansion/resolvers/TestRunPropertyResolver.java" shared="false" uninstallMode="0"/>
<entry name="source/main/java/com/eviware/soapui/security/boundary/DateTimeBoundary.java" shared="false" uninstallMode="0"/>
<entry name="lib/commons-codec-1.10.jar" shared="false" uninstallMode="0"/>
<entry name="lib/jetty-6.1.26.jar" shared="false" uninstallMode="0"/>
<entry name="bin/uninstallactiontrack.sh" shared="false" uninstallMode="0"/>
<entry name="source/main/java/com/eviware/soapui/support/propertyexpansion/JTextComponentPropertyExpansionTarget.java" shared="false" uninstallMode="0"/>
<entry name="jre/legal/java.desktop/ADDITIONAL_LICENSE_INFO" shared="false" uninstallMode="3"/>
<entry name="lib/javafx-web-17.0.12-linux.jar" shared="false" uninstallMode="0"/>
<entry name="lib/jakarta.annotation-api-1.3.5.jar" shared="false" uninstallMode="0"/>
<entry name="jre/legal/jdk.attach/ADDITIONAL_LICENSE_INFO" shared="false" uninstallMode="3"/>
<entry name="source/main/java/com/eviware/soapui/impl/wsdl/teststeps/assertions/TestAssertionFactory.java" shared="false" uninstallMode="0"/>
<entry name="jre/legal/jdk.internal.le/ADDITIONAL_LICENSE_INFO" shared="false" uninstallMode="3"/>
<entry name="jre/legal/jdk.jdwp.agent/ADDITIONAL_LICENSE_INFO" shared="false" uninstallMode="3"/>
<entry name="source/main/resources/com/eviware/soapui/impl/rest/actions/method/Bundle.properties" shared="false" uninstallMode="0"/>
<entry name="source/main/java/com/eviware/soapui/impl/wsdl/panels/mockoperation/WsdlMockOperationDesktopPanel.java" shared="false" uninstallMode="0"/>
<entry name="source/main/java/com/eviware/soapui/support/types/package.html" shared="false" uninstallMode="0"/>
<entry name="source/main/java/com/eviware/soapui/support/components/ComponentTitleHighlightListener.java" shared="false" uninstallMode="0"/>
<entry name="jre/legal/java.scripting/ADDITIONAL_LICENSE_INFO" shared="false" uninstallMode="3"/>
<entry name="source/main/java/com/eviware/soapui/impl/wsdl/mock/WsdlMockRequest.java" shared="false" uninstallMode="0"/>
<entry name="source/test/java/com/eviware/soapui/impl/wsdl/support/wsrm/WsrmUtilsTest.java" shared="false" uninstallMode="0"/>
<entry name="source/main/java/com/eviware/soapui/support/editor/inspectors/httpheaders/HttpHeadersInspectorFactory.java" shared="false" uninstallMode="0"/>
<entry name="source/main/resources/com/eviware/soapui/resources/images/exec_rest_request_1.png" shared="false" uninstallMode="0"/>
<entry name="source/test/resources/mappings/source-jaxrpc-mapping.xml" shared="false" uninstallMode="0"/>
<entry name="source/main/java/com/eviware/soapui/support/editor/inspectors/auth/ExpirationTimeChooser.java" shared="false" uninstallMode="0"/>
<entry name="source/main/java/com/eviware/soapui/report/package.html" shared="false" uninstallMode="0"/>
<entry name="source/main/java/com/eviware/soapui/impl/wsdl/submit/filters/HttpCompressionRequestFilter.java" shared="false" uninstallMode="0"/>
<entry name="source/main/java/com/eviware/soapui/impl/wsdl/support/Constants.java" shared="false" uninstallMode="0"/>
<entry name="jre/legal/jdk.naming.dns/ASSEMBLY_EXCEPTION" shared="false" uninstallMode="3"/>
<entry name="source/main/resources/com/eviware/soapui/resources/xsds/soapEncoding12.xsd" shared="false" uninstallMode="0"/>
<entry name="jre/legal/jdk.dynalink/ADDITIONAL_LICENSE_INFO" shared="false" uninstallMode="3"/>
<entry name="source/main/java/com/eviware/soapui/impl/wsdl/support/wsdl/WsdlImporter.java" shared="false" uninstallMode="0"/>
<entry name="jre/legal/jdk.unsupported/LICENSE" shared="false" uninstallMode="3"/>
<entry name="source/main/resources/com/eviware/soapui/resources/images/restMockService_1.gif" shared="false" uninstallMode="0"/>
<entry name="source/main/resources/com/eviware/soapui/resources/images/jdbc_request_1.png" shared="false" uninstallMode="0"/>
<entry name="source/main/resources/com/eviware/soapui/resources/images/amf_request_1.png" shared="false" uninstallMode="0"/>
<entry name="source/main/java/com/eviware/soapui/tools/AbstractSoapUIRunner.java" shared="false" uninstallMode="0"/>
<entry name="lib/miglayout-swing-11.0.jar" shared="false" uninstallMode="0"/>
<entry name="source/main/java/com/eviware/soapui/actions/VersionUpdateAction.java" shared="false" uninstallMode="0"/>
<entry name="source/main/java/com/eviware/soapui/plugins/auto/factories/AutoPanelBuilderFactory.java" shared="false" uninstallMode="0"/>
<entry name="jre/legal/java.instrument/LICENSE" shared="false" uninstallMode="3"/>
<entry name="jre/legal/java.desktop/libpng.md" shared="false" uninstallMode="3"/>
<entry name="source/main/resources/com/eviware/soapui/resources/images/waiting-spinner.gif" shared="false" uninstallMode="0"/>
<entry name="source/main/java/com/eviware/soapui/impl/rest/actions/support/NewRestResourceActionBase.java" shared="false" uninstallMode="0"/>
<entry name="source/test/java/com/eviware/soapui/plugins/VersionTest.java" shared="false" uninstallMode="0"/>
<entry name="source/main/java/com/eviware/soapui/support/components/Inspector.java" shared="false" uninstallMode="0"/>
<entry name="source/main/java/com/eviware/soapui/monitor/TestMonitor.java" shared="false" uninstallMode="0"/>
<entry name="source/main/java/com/eviware/soapui/support/scripting/js/JsScriptEngine.java" shared="false" uninstallMode="0"/>
<entry name="source/main/java/com/eviware/soapui/impl/wsdl/panels/mockoperation/WsdlMockResponseMessageExchange.java" shared="false" uninstallMode="0"/>
<entry name="source/main/java/com/eviware/soapui/support/dnd/handlers/RequestToTestStepDropHandler.java" shared="false" uninstallMode="0"/>
<entry name="source/main/java/com/eviware/soapui/ui/desktop/DesktopListener.java" shared="false" uninstallMode="0"/>
<entry name="source/main/java/com/eviware/soapui/support/dnd/handlers/TestCaseToTestSuiteDropHandler.java" shared="false" uninstallMode="0"/>
<entry name="SoapUI-Tutorials/popular-apis/Google-Maps-soapui-project.xml" shared="false" uninstallMode="0"/>
<entry name="jre/legal/jdk.charsets/ASSEMBLY_EXCEPTION" shared="false" uninstallMode="3"/>
<entry name="source/main/java/com/eviware/soapui/model/workspace/WorkspaceListener.java" shared="false" uninstallMode="0"/>
<entry name="source/main/java/com/eviware/soapui/support/scripting/SoapUIScriptEngineFactory.java" shared="false" uninstallMode="0"/>
<entry name="source/main/java/com/eviware/soapui/monitor/PropertySupport.java" shared="false" uninstallMode="0"/>
<entry name="jre/legal/jdk.security.jgss/LICENSE" shared="false" uninstallMode="3"/>
<entry name="source/main/java/com/eviware/soapui/impl/rest/actions/resource/NewRestMethodAction.java" shared="false" uninstallMode="0"/>
<entry name="source/main/java/com/eviware/soapui/plugins/auto/PluginRequestTransport.java" shared="false" uninstallMode="0"/>
<entry name="jre/legal/jdk.internal.le/jline.md" shared="false" uninstallMode="3"/>
<entry name="source/main/java/com/eviware/soapui/SoapUIPlugin.java" shared="false" uninstallMode="0"/>
<entry name="source/main/java/com/eviware/soapui/model/mock/MockResponse.java" shared="false" uninstallMode="0"/>
<entry name="source/main/java/com/eviware/soapui/support/HermesJMSClasspathHacker.java" shared="false" uninstallMode="0"/>
<entry name="jre/legal/java.rmi/ADDITIONAL_LICENSE_INFO" shared="false" uninstallMode="3"/>
<entry name="source/main/java/com/eviware/soapui/impl/wsdl/monitor/CaptureInputStream.java" shared="false" uninstallMode="0"/>
<entry name="source/main/java/com/eviware/soapui/impl/wsdl/panels/teststeps/support/DirectAccessPropertyHolderTableModel.java" shared="false" uninstallMode="0"/>
<entry name="source/main/java/com/eviware/soapui/settings/SecuritySettings.java" shared="false" uninstallMode="0"/>
<entry name="source/main/resources/com/eviware/soapui/resources/images/clear_errors.gif" shared="false" uninstallMode="0"/>
<entry name="source/main/java/com/eviware/soapui/impl/wsdl/teststeps/assertions/AssertionError.java" shared="false" uninstallMode="0"/>
<entry name="source/main/java/com/eviware/soapui/actions/UpdateableAction.java" shared="false" uninstallMode="0"/>
<entry name="source/main/java/com/eviware/soapui/impl/wsdl/support/InterfaceExternalDependency.java" shared="false" uninstallMode="0"/>
<entry name="source/main/java/com/eviware/soapui/impl/wsdl/panels/teststeps/WsdlTestRequestPanelBuilder.java" shared="false" uninstallMode="0"/>
<entry name="source/main/java/com/eviware/soapui/security/panels/JSecurityTestTestStepList.java" shared="false" uninstallMode="0"/>
<entry name="source/main/java/com/eviware/soapui/model/propertyexpansion/resolvers/ContextPropertyResolver.java" shared="false" uninstallMode="0"/>
<entry name="source/main/resources/com/eviware/soapui/resources/images/check.png" shared="false" uninstallMode="0"/>
<entry name="source/main/resources/com/eviware/soapui/resources/images/new-empty-project-icon.png" shared="false" uninstallMode="0"/>
<entry name="source/main/java/com/eviware/soapui/security/scan/FuzzerSecurityScan.java" shared="false" uninstallMode="0"/>
<entry name="bin/toolrunner.sh" shared="false" uninstallMode="0"/>
<entry name="source/main/java/com/eviware/soapui/impl/rest/support/RestRequestParamsPropertyHolder.java" shared="false" uninstallMode="0"/>
<entry name="source/main/java/com/eviware/soapui/plugins/TargetSelector.java" shared="false" uninstallMode="0"/>
<entry name="source/main/java/com/eviware/soapui/plugins/auto/factories/AutoRequestTransportFactory.java" shared="false" uninstallMode="0"/>
<entry name="source/main/java/com/eviware/soapui/support/editor/inspectors/attachments/AttachmentTableModel.java" shared="false" uninstallMode="0"/>
<entry name="source/test/java/com/eviware/soapui/utils/StubbedDialogsTest.java" shared="false" uninstallMode="0"/>
<entry name="source/main/java/com/eviware/soapui/StandaloneSoapUICore.java" shared="false" uninstallMode="0"/>
<entry name="source/main/resources/com/eviware/soapui/explorer/soapui-pro-api-endpoint-explorer-starter-page.html" shared="false" uninstallMode="0"/>
<entry name="source/main/java/com/eviware/soapui/model/support/InterfaceListenerAdapter.java" shared="false" uninstallMode="0"/>
<entry name="source/main/java/com/eviware/soapui/model/util/ModelItemIconFactory.java" shared="false" uninstallMode="0"/>
<entry name="source/main/java/com/eviware/soapui/support/dnd/handlers/RequestToTestStepsDropHandler.java" shared="false" uninstallMode="0"/>
<entry name="lib/retrofit-mock-2.9.0.jar" shared="false" uninstallMode="0"/>
<entry name="lib/qdox-1.12.1.jar" shared="false" uninstallMode="0"/>
<entry name="source/main/java/com/eviware/soapui/impl/actions/ImportMethod.java" shared="false" uninstallMode="0"/>
<entry name="source/main/java/com/eviware/soapui/model/testsuite/TestSuiteRunListener.java" shared="false" uninstallMode="0"/>
<entry name="source/main/java/com/eviware/soapui/ui/support/DefaultDesktopPanel.java" shared="false" uninstallMode="0"/>
<entry name="source/main/java/org/apache/commons/httpclient/util/LangUtils.java" shared="false" uninstallMode="0"/>
<entry name="/home/labuser/.soapuios/plugins/ready-mqtt-plugin-dist.jar" shared="false" uninstallMode="0"/>
<entry name="source/main/java/com/eviware/soapui/support/scripting/SoapUIScriptGenerator.java" shared="false" uninstallMode="0"/>
<entry name="source/main/resources/com/eviware/soapui/resources/images/reset_loadtest_statistics.gif" shared="false" uninstallMode="0"/>
<entry name="jre/legal/java.prefs/LICENSE" shared="false" uninstallMode="3"/>
<entry name="source/main/java/com/eviware/soapui/impl/wsdl/teststeps/assertions/soap/NotSoapFaultAssertion.java" shared="false" uninstallMode="0"/>
<entry name="jre/lib/jexec" shared="false" uninstallMode="3"/>
<entry name="source/main/java/com/eviware/soapui/plugins/MissingPluginClassException.java" shared="false" uninstallMode="0"/>
<entry name="jre/legal/java.prefs/ADDITIONAL_LICENSE_INFO" shared="false" uninstallMode="3"/>
<entry name="lib/swagger-parser-1.0.54.jar" shared="false" uninstallMode="0"/>
<entry name="source/main/java/com/eviware/soapui/support/action/swing/SwingActionDelegate.java" shared="false" uninstallMode="0"/>
<entry name="source/main/java/com/eviware/soapui/model/project/Project.java" shared="false" uninstallMode="0"/>
<entry name="jre/lib/libdt_socket.so" shared="false" uninstallMode="3"/>
<entry name="source/main/java/com/eviware/soapui/impl/wsdl/panels/teststeps/AssertionsPanel.java" shared="false" uninstallMode="0"/>
<entry name="lib/javafx-graphics-17.0.12.jar" shared="false" uninstallMode="0"/>
<entry name="jre/legal/jdk.xml.dom/LICENSE" shared="false" uninstallMode="3"/>
<entry name="source/main/java/com/eviware/soapui/impl/wsdl/support/http/SoapUIMultiThreadedHttpConnectionManager.java" shared="false" uninstallMode="0"/>
<entry name="source/main/java/com/eviware/soapui/security/scan/BoundarySecurityScan.java" shared="false" uninstallMode="0"/>
<entry name="source/main/java/com/eviware/soapui/impl/wsdl/panels/testcase/actions/package.html" shared="false" uninstallMode="0"/>
<entry name="jre/conf/logging.properties" shared="false" uninstallMode="3"/>
<entry name="SoapUI-Tutorials/Sample-SOAP-Project-soapui-project.xml" shared="false" uninstallMode="0"/>
<entry name="jre/legal/jdk.unsupported/ADDITIONAL_LICENSE_INFO" shared="false" uninstallMode="3"/>
<entry name="source/main/java/com/eviware/soapui/impl/wsdl/panels/teststeps/GroovyScriptStepDesktopPanel.java" shared="false" uninstallMode="0"/>
<entry name="source/main/java/com/eviware/soapui/impl/rest/panels/service/RestServicePanelBuilder.java" shared="false" uninstallMode="0"/>
<entry name="source/main/resources/com/eviware/soapui/resources/images/rest_virt_6.gif" shared="false" uninstallMode="0"/>
<entry name="source/main/java/com/eviware/soapui/impl/wsdl/submit/transports/http/SSLInfo.java" shared="false" uninstallMode="0"/>
<entry name="source/main/java/com/eviware/soapui/security/tools/AttachmentElement.java" shared="false" uninstallMode="0"/>
<entry name="licences/miglayout-LICENSE.txt" shared="false" uninstallMode="0"/>
<entry name="source/main/java/com/eviware/soapui/model/ModelItem.java" shared="false" uninstallMode="0"/>
<entry name="source/main/java/com/eviware/soapui/support/swing/GradientLabel.java" shared="false" uninstallMode="0"/>
<entry name="source/main/java/com/eviware/soapui/impl/actions/SwitchWorkspaceAction.java" shared="false" uninstallMode="0"/>
<entry name="source/test/java/com/eviware/soapui/impl/rest/panels/component/RestResourceFinderTest.java" shared="false" uninstallMode="0"/>
<entry name="source/main/java/com/eviware/soapui/impl/wsdl/loadtest/data/actions/package.html" shared="false" uninstallMode="0"/>
<entry name="source/main/java/com/eviware/soapui/impl/wsdl/submit/transports/http/support/methods/HttpUnlockMethod.java" shared="false" uninstallMode="0"/>
<entry name="source/main/java/com/eviware/soapui/impl/WorkspaceImpl.java" shared="false" uninstallMode="0"/>
<entry name="jre/legal/jdk.jdwp.agent/LICENSE" shared="false" uninstallMode="3"/>
<entry name="source/main/resources/com/eviware/soapui/resources/images/http_request_1.png" shared="false" uninstallMode="0"/>
<entry name="jre/legal/jdk.dynalink/dynalink.md" shared="false" uninstallMode="3"/>
<entry name="licences/jetty-LICENSE.txt" shared="false" uninstallMode="0"/>
<entry name="source/test/java/com/eviware/soapui/impl/wsdl/WsdlProjectLoadAndSaveTest.java" shared="false" uninstallMode="0"/>
<entry name="source/main/java/com/eviware/soapui/impl/support/http/HttpRequestContentViewFactory.java" shared="false" uninstallMode="0"/>
<entry name="source/main/java/com/eviware/soapui/impl/wsdl/mock/WsdlMockResult.java" shared="false" uninstallMode="0"/>
<entry name="lib/xalan-2.7.2.jar" shared="false" uninstallMode="0"/>
<entry name="source/main/java/com/eviware/soapui/support/editor/inspectors/wsrm/WsrmInspectorFactory.java" shared="false" uninstallMode="0"/>
<entry name="source/main/java/com/eviware/soapui/settings/Setting.java" shared="false" uninstallMode="0"/>
<entry name="source/html/index.html" shared="false" uninstallMode="0"/>
<entry name="source/main/java/com/eviware/soapui/impl/support/definition/support/StandaloneDefinitionCache.java" shared="false" uninstallMode="0"/>
<entry name="lib/serializer-2.7.2.jar" shared="false" uninstallMode="0"/>
<entry name="source/main/java/com/eviware/x/impl/swing/ActionFormFieldComponent.java" shared="false" uninstallMode="0"/>
<entry name="source/main/resources/com/eviware/soapui/explorer/js/common.js" shared="false" uninstallMode="0"/>
<entry name="source/main/java/com/eviware/soapui/impl/wsdl/support/wss/support/KeystoresComboBoxModel.java" shared="false" uninstallMode="0"/>
<entry name="source/main/java/com/eviware/soapui/plugins/LoaderBase.java" shared="false" uninstallMode="0"/>
<entry name="source/main/resources/com/eviware/soapui/impl/wsdl/panels/teststeps/Bundle.properties" shared="false" uninstallMode="0"/>
<entry name="source/main/java/com/eviware/soapui/support/xml/XPathModifier.java" shared="false" uninstallMode="0"/>
<entry name="source/main/java/com/eviware/soapui/impl/wsdl/panels/support/ProgressBarTestCaseAdapter.java" shared="false" uninstallMode="0"/>
<entry name="source/main/java/com/eviware/soapui/impl/rest/support/RestParamProperty.java" shared="false" uninstallMode="0"/>
<entry name="source/test/java/com/eviware/soapui/impl/rest/support/RestUtilsTest.java" shared="false" uninstallMode="0"/>
<entry name="source/main/java/org/apache/commons/httpclient/HttpException.java" shared="false" uninstallMode="0"/>
<entry name="source/main/java/com/eviware/soapui/ui/desktop/AbstractSoapUIDesktop.java" shared="false" uninstallMode="0"/>
<entry name="source/test/resources/test6/readme.txt" shared="false" uninstallMode="0"/>
<entry name=".install4j/SoapUIUpdater.png" shared="false" uninstallMode="2"/>
<entry name="lib/swagger-models-1.6.2.jar" shared="false" uninstallMode="0"/>
<entry name="lib/msg-simple-1.1.jar" shared="false" uninstallMode="0"/>
<entry name="source/main/java/com/eviware/soapui/impl/wsdl/teststeps/AMFRequestTestStep.java" shared="false" uninstallMode="0"/>
<entry name="source/main/java/com/eviware/soapui/impl/wsdl/panels/project/WsdlProjectDesktopPanel.java" shared="false" uninstallMode="0"/>
<entry name="source/main/resources/com/eviware/soapui/resources/images/http_request_step.png" shared="false" uninstallMode="0"/>
<entry name="source/test/resources/Tibco_PayloadAsynch_WSDL.wsdl" shared="false" uninstallMode="0"/>
<entry name="jre/legal/jdk.sctp/LICENSE" shared="false" uninstallMode="3"/>
<entry name="source/main/java/com/eviware/soapui/impl/wsdl/panels/testcase/WsdlTestCaseDesktopPanel.java" shared="false" uninstallMode="0"/>
<entry name="source/main/java/com/eviware/soapui/model/propertyexpansion/MutablePropertyExpansionImpl.java" shared="false" uninstallMode="0"/>
<entry name="/home/labuser/.soapuios/plugins/ready-uxm-plugin-os-1.0.3.jar" shared="false" uninstallMode="0"/>
<entry name="source/main/java/com/eviware/soapui/impl/wsdl/support/http/JCIFSEngine.java" shared="false" uninstallMode="0"/>
<entry name="source/main/java/com/eviware/soapui/impl/wsdl/support/wss/saml/callback/SAMLCallbackHandler.java" shared="false" uninstallMode="0"/>
<entry name="source/main/resources/com/eviware/soapui/resources/images/record_1.gif" shared="false" uninstallMode="0"/>
<entry name="source/main/resources/com/eviware/soapui/resources/images/errors_loadtest_assertion.gif" shared="false" uninstallMode="0"/>
<entry name="source/test/java/com/eviware/soapui/impl/rest/support/WadlImporterTest.java" shared="false" uninstallMode="0"/>
<entry name="source/main/resources/com/eviware/soapui/resources/images/closedProject.gif" shared="false" uninstallMode="0"/>
<entry name="source/main/java/com/eviware/soapui/impl/wsdl/support/http/SchemeProxyFilter.java" shared="false" uninstallMode="0"/>
<entry name="source/main/java/com/eviware/soapui/support/dnd/handlers/InterfaceToProjectDropHandler.java" shared="false" uninstallMode="0"/>
<entry name="source/main/resources/com/eviware/soapui/resources/report/coverageBrowser.xslt" shared="false" uninstallMode="0"/>
<entry name="jre/legal/java.management.rmi/ADDITIONAL_LICENSE_INFO" shared="false" uninstallMode="3"/>
<entry name="source/main/java/com/eviware/soapui/impl/wsdl/panels/teststeps/amf/AMFCredentials.java" shared="false" uninstallMode="0"/>
<entry name="source/main/java/com/eviware/soapui/impl/rest/actions/mock/RestMockServiceOptionsAction.java" shared="false" uninstallMode="0"/>
<entry name="lib/javassist-3.16.1-GA.jar" shared="false" uninstallMode="0"/>
<entry name="source/main/java/com/eviware/soapui/impl/wsdl/teststeps/registry/PropertyTransfersStepFactory.java" shared="false" uninstallMode="0"/>
<entry name=".install4j/user.jar" shared="false" uninstallMode="2"/>
<entry name="jre/lib/libprefs.so" shared="false" uninstallMode="3"/>
<entry name="lib/jettison-1.2.jar" shared="false" uninstallMode="0"/>
<entry name="source/main/java/com/eviware/soapui/plugins/PluginManager.java" shared="false" uninstallMode="0"/>
<entry name="source/main/java/org/apache/http/localserver/RandomHandler.java" shared="false" uninstallMode="0"/>
<entry name="source/test/resources/another.wsdl" shared="false" uninstallMode="0"/>
<entry name="source/main/java/com/eviware/soapui/support/log/JLogList.java" shared="false" uninstallMode="0"/>
<entry name="source/main/resources/com/eviware/soapui/resources/images/delay_step.png" shared="false" uninstallMode="0"/>
<entry name="source/main/java/com/eviware/soapui/impl/rest/panels/method/RestMethodPanelBuilder.java" shared="false" uninstallMode="0"/>
<entry name="source/main/java/com/eviware/soapui/impl/wsdl/actions/iface/tools/dotnet/DotNetWsdlAction.java" shared="false" uninstallMode="0"/>
<entry name="jre/lib/jspawnhelper" shared="false" uninstallMode="3"/>
<entry name="source/main/resources/com/eviware/soapui/resources/images/forum.png" shared="false" uninstallMode="0"/>
<entry name="source/main/resources/com/eviware/soapui/resources/images/recreate_request.gif" shared="false" uninstallMode="0"/>
<entry name="source/main/java/com/eviware/soapui/impl/wsdl/teststeps/Script.java" shared="false" uninstallMode="0"/>
<entry name="source/main/java/com/eviware/soapui/ui/desktop/standalone/package.html" shared="false" uninstallMode="0"/>
<entry name="source/main/java/com/eviware/soapui/impl/wsdl/WsdlInterface.java" shared="false" uninstallMode="0"/>
<entry name="source/main/java/com/eviware/soapui/impl/rest/support/handlers/DefaultMediaTypeHandler.java" shared="false" uninstallMode="0"/>
<entry name="source/test/java/com/eviware/soapui/impl/wsdl/mock/WsdlMockOperationTest.java" shared="false" uninstallMode="0"/>
<entry name="source/main/java/com/eviware/soapui/impl/wsdl/panels/teststeps/HttpTestRequestPanelBuilder.java" shared="false" uninstallMode="0"/>
<entry name="source/main/java/com/eviware/soapui/impl/wsdl/teststeps/registry/ManualTestStepFactory.java" shared="false" uninstallMode="0"/>
<entry name="jre/legal/java.net.http/ASSEMBLY_EXCEPTION" shared="false" uninstallMode="3"/>
<entry name="source/main/java/com/eviware/soapui/plugins/auto/factories/AutoPropertyResolverFactory.java" shared="false" uninstallMode="0"/>
<entry name="source/main/resources/com/eviware/soapui/resources/images/arrow_down.png" shared="false" uninstallMode="0"/>
<entry name="source/main/resources/com/eviware/soapui/resources/images/groovy_script_scan.gif" shared="false" uninstallMode="0"/>
<entry name="source/main/java/com/eviware/soapui/impl/rest/actions/oauth/GoogleOAuth1ClientFacade.java" shared="false" uninstallMode="0"/>
<entry name="lib/jersey-common-2.29.1.jar" shared="false" uninstallMode="0"/>
<entry name="source/main/java/com/eviware/soapui/impl/wsdl/support/wsa/WsaValidator.java" shared="false" uninstallMode="0"/>
<entry name="source/main/java/com/eviware/x/form/XForm.java" shared="false" uninstallMode="0"/>
<entry name="source/main/resources/com/eviware/soapui/resources/images/exec_mockResponse_1.gif" shared="false" uninstallMode="0"/>
<entry name="source/test/resources/soapui-projects/README.txt" shared="false" uninstallMode="0"/>
<entry name="source/main/java/com/eviware/soapui/impl/rest/panels/request/views/html/HttpHtmlMessageExchangeResponseView.java" shared="false" uninstallMode="0"/>
<entry name="source/test/resources/merge/webinf/source/webservices.xml" shared="false" uninstallMode="0"/>
<entry name="source/main/java/com/eviware/soapui/impl/wsdl/actions/teststep/WsdlTestStepInsertStepSoapUIActionGroup.java" shared="false" uninstallMode="0"/>
<entry name="source/main/java/com/eviware/soapui/model/tree/nodes/MockOperationTreeNode.java" shared="false" uninstallMode="0"/>
<entry name="source/main/java/org/syntax/jedit/tokenmarker/IDLTokenMarker.java" shared="false" uninstallMode="0"/>
<entry name="source/main/resources/com/eviware/soapui/resources/images/boundary_scan.gif" shared="false" uninstallMode="0"/>
<entry name="lib/jersey-hk2-2.29.1.jar" shared="false" uninstallMode="0"/>
<entry name="source/main/java/com/eviware/soapui/impl/rest/OAuth1ProfileContainer.java" shared="false" uninstallMode="0"/>
<entry name="source/main/java/com/eviware/soapui/support/listener/ListenerRegistry.java" shared="false" uninstallMode="0"/>
<entry name="source/main/java/com/eviware/soapui/impl/rest/panels/resource/RestResourceDesktopPanel.java" shared="false" uninstallMode="0"/>
<entry name="source/main/java/com/eviware/soapui/impl/wsdl/submit/transports/http/support/attachments/BodyPartDataSource.java" shared="false" uninstallMode="0"/>
<entry name="jre/legal/java.datatransfer/ASSEMBLY_EXCEPTION" shared="false" uninstallMode="3"/>
<entry name="source/main/java/com/eviware/soapui/impl/wsdl/panels/loadtest/StatisticsHistoryDesktopPanel.java" shared="false" uninstallMode="0"/>
<entry name="source/main/java/com/eviware/soapui/model/iface/MessageBuilder.java" shared="false" uninstallMode="0"/>
<entry name="source/main/java/com/eviware/soapui/model/testsuite/TestRunContext.java" shared="false" uninstallMode="0"/>
<entry name="source/main/java/com/eviware/soapui/impl/rest/support/handlers/HtmlMediaTypeHandler.java" shared="false" uninstallMode="0"/>
<entry name="source/main/java/com/eviware/soapui/impl/wsdl/submit/AbstractWsdlMessageExchange.java" shared="false" uninstallMode="0"/>
<entry name="source/test/resources/merge/webinf/target/wsdl/TestImpl.wsdl" shared="false" uninstallMode="0"/>
<entry name="jre/legal/jdk.zipfs/ASSEMBLY_EXCEPTION" shared="false" uninstallMode="3"/>
<entry name="source/main/java/com/eviware/soapui/support/actions/FindAndReplaceDialog.java" shared="false" uninstallMode="0"/>
<entry name="source/main/resources/com/eviware/soapui/resources/images/rest_virt_11.png" shared="false" uninstallMode="0"/>
<entry name="source/main/java/com/eviware/soapui/support/swing/MenuScroller.java" shared="false" uninstallMode="0"/>
<entry name="source/main/resources/com/eviware/soapui/resources/images/pop-down-open.png" shared="false" uninstallMode="0"/>
<entry name="source/main/resources/com/eviware/soapui/resources/images/mockService_1.gif" shared="false" uninstallMode="0"/>
<entry name="source/main/java/com/eviware/soapui/impl/wsdl/panels/teststeps/JdbcRequestTestStepPanelBuilder.java" shared="false" uninstallMode="0"/>
<entry name="source/main/java/com/eviware/soapui/impl/wsdl/submit/transports/http/support/methods/ExtendedPutMethod.java" shared="false" uninstallMode="0"/>
<entry name="source/main/java/com/eviware/soapui/impl/wsdl/testcase/WsdlTestSuiteRunner.java" shared="false" uninstallMode="0"/>
<entry name="source/main/java/com/eviware/soapui/support/resolver/ResolveDialog.java" shared="false" uninstallMode="0"/>
<entry name="source/main/java/com/eviware/soapui/support/components/JPropertiesTable.java" shared="false" uninstallMode="0"/>
<entry name="bin/SoapUI-Spashscreen@2x.png" shared="false" uninstallMode="0"/>
<entry name="source/test/java/com/eviware/soapui/tools/TestCaseRunnerTest.java" shared="false" uninstallMode="0"/>
<entry name="source/main/resources/com/eviware/soapui/resources/images/closedEncryptedProject.gif" shared="false" uninstallMode="0"/>
<entry name="jre/legal/java.transaction.xa/LICENSE" shared="false" uninstallMode="3"/>
<entry name="source/main/java/com/eviware/soapui/impl/wsdl/teststeps/WsdlResponseMessageExchange.java" shared="false" uninstallMode="0"/>
<entry name="source/main/java/com/eviware/soapui/plugins/SoapUIFactory.java" shared="false" uninstallMode="0"/>
<entry name="source/main/java/com/eviware/soapui/impl/wsdl/teststeps/HttpResponseMessageExchange.java" shared="false" uninstallMode="0"/>
<entry name="source/main/java/com/eviware/soapui/support/action/swing/SoapUIActionMarker.java" shared="false" uninstallMode="0"/>
<entry name="source/main/java/com/eviware/soapui/support/editor/xml/support/ValidationError.java" shared="false" uninstallMode="0"/>
<entry name="source/main/java/com/eviware/soapui/impl/wsdl/panels/teststeps/RestTestRequestDesktopPanel.java" shared="false" uninstallMode="0"/>
<entry name="source/main/java/org/apache/http/localserver/ResponseBasicUnauthorized.java" shared="false" uninstallMode="0"/>
<entry name="source/main/java/com/eviware/soapui/impl/wsdl/support/wsmc/WsmcUtils.java" shared="false" uninstallMode="0"/>
<entry name="source/main/java/com/eviware/soapui/impl/wsdl/support/assertions/AssertedXPathsContainer.java" shared="false" uninstallMode="0"/>
<entry name="source/main/resources/com/eviware/soapui/resources/images/mock_trace_method.gif" shared="false" uninstallMode="0"/>
<entry name="source/main/java/com/eviware/soapui/impl/wsdl/teststeps/assertions/json/JsonPathExistenceAssertion.java" shared="false" uninstallMode="0"/>
<entry name="jre/lib/libmanagement_agent.so" shared="false" uninstallMode="3"/>
<entry name="source/main/java/com/eviware/soapui/impl/wsdl/teststeps/registry/DelayStepFactory.java" shared="false" uninstallMode="0"/>
<entry name="source/main/resources/com/eviware/soapui/resources/conf/soapui-actions.xml" shared="false" uninstallMode="0"/>
<entry name="source/main/java/com/eviware/soapui/impl/wsdl/submit/RequestTransport.java" shared="false" uninstallMode="0"/>
<entry name="source/main/java/com/eviware/soapui/impl/support/panels/AbstractHttpXmlRequestDesktopPanel.java" shared="false" uninstallMode="0"/>
<entry name="source/main/java/com/eviware/soapui/impl/wsdl/monitor/jettyproxy/ProxyServlet.java" shared="false" uninstallMode="0"/>
<entry name="licences/wss4j-LICENSE.txt" shared="false" uninstallMode="0"/>
<entry name="source/main/java/com/eviware/soapui/support/editor/inspectors/wsa/WsdlRequestWsaInspector.java" shared="false" uninstallMode="0"/>
<entry name="jre/lib/libsctp.so" shared="false" uninstallMode="3"/>
<entry name="source/main/java/com/eviware/soapui/support/factory/InitializableFactory.java" shared="false" uninstallMode="0"/>
<entry name="source/main/java/com/eviware/soapui/impl/wsdl/teststeps/HttpTestRequestInterface.java" shared="false" uninstallMode="0"/>
<entry name="source/main/java/com/eviware/soapui/impl/wsdl/actions/request/AddWSSUsernameTokenAction.java" shared="false" uninstallMode="0"/>
<entry name="SoapUI-Tutorials/Sample-REST-Project-soapui-project.xml" shared="false" uninstallMode="0"/>
<entry name="source/main/java/com/eviware/soapui/impl/wsdl/teststeps/assertions/basic/XQueryContainsAssertion.java" shared="false" uninstallMode="0"/>
<entry name="source/main/resources/com/eviware/soapui/resources/xsds/soapEncoding.xsd" shared="false" uninstallMode="0"/>
<entry name="source/main/java/com/eviware/soapui/impl/wsdl/submit/transports/jms/HermesJmsRequestSendSubscribeTransport.java" shared="false" uninstallMode="0"/>
<entry name="source/main/java/com/eviware/soapui/impl/support/actions/ShowOnlineHelpAction.java" shared="false" uninstallMode="0"/>
<entry name="source/main/java/com/eviware/soapui/monitor/TestMonitorListener.java" shared="false" uninstallMode="0"/>
<entry name="source/test/java/com/eviware/soapui/impl/rest/actions/service/GenerateRestMockServiceActionTest.java" shared="false" uninstallMode="0"/>
<entry name="source/main/java/org/syntax/jedit/tokenmarker/JavaScriptTokenMarker.java" shared="false" uninstallMode="0"/>
<entry name="source/main/resources/com/eviware/soapui/resources/images/mocksolicitresponseoperation.gif" shared="false" uninstallMode="0"/>
<entry name="source/main/java/com/eviware/soapui/support/scripting/js/JsScriptEngineFactory.java" shared="false" uninstallMode="0"/>
<entry name="source/main/java/com/eviware/soapui/security/ui/SecurityConfigurationDialogBuilder.java" shared="false" uninstallMode="0"/>
<entry name="source/main/java/com/eviware/soapui/tools/SoapUIToolRunner.java" shared="false" uninstallMode="0"/>
<entry name="source/main/java/com/eviware/soapui/actions/PrefsFactory.java" shared="false" uninstallMode="0"/>
<entry name="source/main/java/com/eviware/soapui/impl/wsdl/panels/testsuite/JTestSuiteTestCaseList.java" shared="false" uninstallMode="0"/>
<entry name="source/main/java/com/eviware/soapui/model/tree/nodes/PropertiesTreeNode.java" shared="false" uninstallMode="0"/>
<entry name="source/main/java/com/eviware/soapui/security/Securable.java" shared="false" uninstallMode="0"/>
<entry name="source/main/resources/com/eviware/soapui/resources/images/addToMockService.gif" shared="false" uninstallMode="0"/>
<entry name="jre/legal/jdk.naming.rmi/ASSEMBLY_EXCEPTION" shared="false" uninstallMode="3"/>
<entry name="source/main/java/com/eviware/soapui/impl/wsdl/support/wsdl/WsdlContext.java" shared="false" uninstallMode="0"/>
<entry name="source/main/java/com/eviware/soapui/support/scripting/groovy/GroovyScriptEngineFactory.java" shared="false" uninstallMode="0"/>
<entry name="source/main/java/com/eviware/soapui/impl/wsdl/support/soap/Soap12HttpBindingImporter.java" shared="false" uninstallMode="0"/>
<entry name="source/main/java/com/eviware/soapui/impl/wsdl/teststeps/assertions/json/JsonPathRegExAssertionConfigurationDialog.java" shared="false" uninstallMode="0"/>
<entry name="source/main/java/com/eviware/soapui/impl/rest/actions/service/ExportWadlAction.java" shared="false" uninstallMode="0"/>
<entry name="jre/legal/jdk.internal.vm.ci/ASSEMBLY_EXCEPTION" shared="false" uninstallMode="3"/>
<entry name="source/main/java/com/eviware/soapui/impl/wsdl/panels/support/MockTestRunner.java" shared="false" uninstallMode="0"/>
<entry name="source/main/resources/com/eviware/soapui/resources/images/mock_patch_method.gif" shared="false" uninstallMode="0"/>
<entry name="source/main/java/com/eviware/soapui/support/editor/inspectors/jms/header/JMSHeaderInspectorFactory.java" shared="false" uninstallMode="0"/>
<entry name="licences/commons-io-LICENSE.txt" shared="false" uninstallMode="0"/>
<entry name="source/main/java/com/eviware/soapui/impl/actions/WorkspaceImplSoapUIActionGroup.java" shared="false" uninstallMode="0"/>
<entry name="source/main/java/com/eviware/soapui/support/NullPathNode.java" shared="false" uninstallMode="0"/>
<entry name="source/main/java/com/eviware/soapui/impl/wsdl/support/UrlSchemaLoader.java" shared="false" uninstallMode="0"/>
<entry name="source/main/java/com/eviware/soapui/ui/support/AbstractMockResponseDesktopPanel.java" shared="false" uninstallMode="0"/>
<entry name="source/main/java/com/eviware/x/form/XFormDialogBuilder.java" shared="false" uninstallMode="0"/>
<entry name="jre/conf/sound.properties" shared="false" uninstallMode="3"/>
<entry name="jre/lib/libverify.so" shared="false" uninstallMode="3"/>
<entry name="source/main/java/com/eviware/soapui/impl/wsdl/support/ExternalDependency.java" shared="false" uninstallMode="0"/>
<entry name="source/test/resources/soapui-projects/BasicMock-soapui-4.6.3-Project.xml" shared="false" uninstallMode="0"/>
<entry name="source/main/resources/com/eviware/soapui/resources/images/runTestSuiteWithLoadUI.png" shared="false" uninstallMode="0"/>
<entry name="source/main/java/com/eviware/x/form/support/XFormMultiSelectList.java" shared="false" uninstallMode="0"/>
<entry name="source/main/java/com/eviware/soapui/impl/rest/OAuth1Profile.java" shared="false" uninstallMode="0"/>
<entry name="source/main/java/com/eviware/soapui/impl/rest/RestMethod.java" shared="false" uninstallMode="0"/>
<entry name="jre/lib/jfr/profile.jfc" shared="false" uninstallMode="3"/>
<entry name="lib/js-1.7R2.jar" shared="false" uninstallMode="0"/>
<entry name="source/main/java/com/eviware/soapui/impl/wsdl/loadtest/log/LoadTestLogMessageEntry.java" shared="false" uninstallMode="0"/>
<entry name="source/main/java/com/eviware/soapui/plugins/ActionConfigurations.java" shared="false" uninstallMode="0"/>
<entry name="source/test/java/com/eviware/soapui/impl/rest/panels/request/ParameterFinderTest.java" shared="false" uninstallMode="0"/>
<entry name="source/main/java/com/eviware/soapui/impl/wadl/inference/schema/content/SequenceContent.java" shared="false" uninstallMode="0"/>
<entry name="source/main/resources/com/eviware/soapui/resources/images/failed_properties_step.png" shared="false" uninstallMode="0"/>
<entry name="lib/org.apache.oltu.oauth2.client-0.31.jar" shared="false" uninstallMode="0"/>
<entry name="source/main/resources/com/eviware/soapui/resources/images/exec_request_4.png" shared="false" uninstallMode="0"/>
<entry name="/home/labuser/SoapUI-Tutorials/popular-apis/Amazon-soapui-project.xml" shared="false" uninstallMode="0"/>
<entry name="source/main/java/com/eviware/soapui/impl/rest/panels/request/views/json/JsonResponseView.java" shared="false" uninstallMode="0"/>
<entry name="lib/json-path-2.4.0-fixed.jar" shared="false" uninstallMode="0"/>
<entry name="source/main/java/com/eviware/soapui/model/support/AbstractMockDispatcher.java" shared="false" uninstallMode="0"/>
<entry name="source/main/java/com/eviware/soapui/plugins/auto/PluginResponseInspector.java" shared="false" uninstallMode="0"/>
<entry name="source/main/java/com/eviware/soapui/impl/rest/actions/request/RenameRestRequestAction.java" shared="false" uninstallMode="0"/>
<entry name="lib/gson-2.9.1.jar" shared="false" uninstallMode="0"/>
<entry name="licences/xmlsec-LICENSE.txt" shared="false" uninstallMode="0"/>
<entry name="source/main/java/com/eviware/soapui/impl/wsdl/support/FileAttachment.java" shared="false" uninstallMode="0"/>
<entry name="source/main/java/com/eviware/x/dialogs/XProgressDialog.java" shared="false" uninstallMode="0"/>
<entry name="jre/legal/jdk.charsets/ADDITIONAL_LICENSE_INFO" shared="false" uninstallMode="3"/>
<entry name="source/main/java/com/eviware/soapui/impl/rest/panels/request/ParametersField.java" shared="false" uninstallMode="0"/>
<entry name="jre/legal/java.desktop/jpeg.md" shared="false" uninstallMode="3"/>
<entry name="source/main/java/com/eviware/soapui/impl/wsdl/teststeps/WsdlGotoTestStep.java" shared="false" uninstallMode="0"/>
<entry name="source/main/resources/com/eviware/soapui/resources/images/cancel_request.png" shared="false" uninstallMode="0"/>
<entry name=".install4j/i4j_extf_0_hs6ad0.utf8" shared="false" uninstallMode="2"/>
<entry name="source/main/java/com/eviware/soapui/support/components/JCollapsiblePanel.java" shared="false" uninstallMode="0"/>
<entry name="jre/legal/java.management/LICENSE" shared="false" uninstallMode="3"/>
<entry name="source/main/java/com/eviware/soapui/support/log/SoapUIAppender.java" shared="false" uninstallMode="0"/>
<entry name="source/main/java/com/eviware/soapui/impl/wsdl/testcase/WsdlTestCase.java" shared="false" uninstallMode="0"/>
<entry name="source/main/java/com/eviware/soapui/SoapUISystemProperties.java" shared="false" uninstallMode="0"/>
<entry name="jre/lib/libawt_xawt.so" shared="false" uninstallMode="3"/>
<entry name="bin/securitytestrunner.sh" shared="false" uninstallMode="0"/>
<entry name="source/main/java/com/eviware/soapui/support/swing/AbstractListMouseListener.java" shared="false" uninstallMode="0"/>
<entry name="source/main/java/com/eviware/soapui/impl/wsdl/monitor/ContentTypes.java" shared="false" uninstallMode="0"/>
<entry name="lib/javafx-controls-17.0.12.jar" shared="false" uninstallMode="0"/>
<entry name="source/main/resources/com/eviware/soapui/resources/images/invalid_types_scan.gif" shared="false" uninstallMode="0"/>
<entry name="tempHermes/jaxb-impl-2.1.17.jar" shared="false" uninstallMode="0"/>
</createdFiles>
<createdDirs>
<entry name="/home/labuser/SoapUI-Tutorials/popular-apis" shared="false" uninstallMode="0"/>
<entry name="/home/labuser/SoapUI-Tutorials/WSDL-WADL" shared="false" uninstallMode="0"/>
<entry name="/home/labuser/SoapUI-Tutorials" shared="false" uninstallMode="0"/>
<entry name="wsi-test-tools" shared="false" uninstallMode="0"/>
<entry name="tempHermes" shared="false" uninstallMode="0"/>
<entry name="source/wstf" shared="false" uninstallMode="0"/>
<entry name="source/test/resources/xsds" shared="false" uninstallMode="0"/>
<entry name="source/test/resources/xqueryassertion" shared="false" uninstallMode="0"/>
<entry name="source/test/resources/wadl" shared="false" uninstallMode="0"/>
<entry name="source/test/resources/test6/wsdls/xsds/sub" shared="false" uninstallMode="0"/>
<entry name="source/test/resources/test6/wsdls/xsds" shared="false" uninstallMode="0"/>
<entry name="source/test/resources/test6/wsdls" shared="false" uninstallMode="0"/>
<entry name="source/test/resources/test6" shared="false" uninstallMode="0"/>
<entry name="source/test/resources/soapui-projects" shared="false" uninstallMode="0"/>
<entry name="source/test/resources/rpc" shared="false" uninstallMode="0"/>
<entry name="source/test/resources/merge/webinf/target/wsdl" shared="false" uninstallMode="0"/>
<entry name="source/test/resources/merge/webinf/target" shared="false" uninstallMode="0"/>
<entry name="source/test/resources/merge/webinf/source" shared="false" uninstallMode="0"/>
<entry name="source/test/resources/merge/webinf" shared="false" uninstallMode="0"/>
<entry name="source/test/resources/merge" shared="false" uninstallMode="0"/>
<entry name="source/test/resources/mappings" shared="false" uninstallMode="0"/>
<entry name="source/test/resources/keys" shared="false" uninstallMode="0"/>
<entry name="source/test/resources/config" shared="false" uninstallMode="0"/>
<entry name="source/test/resources/com/eviware/soapui/plugins" shared="false" uninstallMode="0"/>
<entry name="source/test/resources/com/eviware/soapui" shared="false" uninstallMode="0"/>
<entry name="source/test/resources/com/eviware" shared="false" uninstallMode="0"/>
<entry name="source/test/resources/com" shared="false" uninstallMode="0"/>
<entry name="source/test/resources/chameleon" shared="false" uninstallMode="0"/>
<entry name="source/test/resources/axis/services" shared="false" uninstallMode="0"/>
<entry name="source/test/resources/axis" shared="false" uninstallMode="0"/>
<entry name="source/test/resources" shared="false" uninstallMode="0"/>
<entry name="source/test/java/com/eviware/soapui/utils" shared="false" uninstallMode="0"/>
<entry name="source/test/java/com/eviware/soapui/tools" shared="false" uninstallMode="0"/>
<entry name="source/test/java/com/eviware/soapui/support/xml" shared="false" uninstallMode="0"/>
<entry name="source/test/java/com/eviware/soapui/support/scripting/groovy" shared="false" uninstallMode="0"/>
<entry name="source/test/java/com/eviware/soapui/support/scripting" shared="false" uninstallMode="0"/>
<entry name="source/test/java/com/eviware/soapui/support/preferences" shared="false" uninstallMode="0"/>
<entry name="source/test/java/com/eviware/soapui/support/log" shared="false" uninstallMode="0"/>
<entry name="source/test/java/com/eviware/soapui/support/httpclient" shared="false" uninstallMode="0"/>
<entry name="source/test/java/com/eviware/soapui/support/editor/views/xml/source" shared="false" uninstallMode="0"/>
<entry name="source/test/java/com/eviware/soapui/support/editor/views/xml" shared="false" uninstallMode="0"/>
<entry name="source/test/java/com/eviware/soapui/support/editor/views" shared="false" uninstallMode="0"/>
<entry name="source/test/java/com/eviware/soapui/support/editor/inspectors/auth" shared="false" uninstallMode="0"/>
<entry name="source/test/java/com/eviware/soapui/support/editor/inspectors" shared="false" uninstallMode="0"/>
<entry name="source/test/java/com/eviware/soapui/support/editor" shared="false" uninstallMode="0"/>
<entry name="source/test/java/com/eviware/soapui/support" shared="false" uninstallMode="0"/>
<entry name="source/test/java/com/eviware/soapui/security/boundary" shared="false" uninstallMode="0"/>
<entry name="source/test/java/com/eviware/soapui/security" shared="false" uninstallMode="0"/>
<entry name="source/test/java/com/eviware/soapui/plugins" shared="false" uninstallMode="0"/>
<entry name="source/test/java/com/eviware/soapui/monitor" shared="false" uninstallMode="0"/>
<entry name="source/test/java/com/eviware/soapui/model/tree/nodes" shared="false" uninstallMode="0"/>
<entry name="source/test/java/com/eviware/soapui/model/tree" shared="false" uninstallMode="0"/>
<entry name="source/test/java/com/eviware/soapui/model/propertyexpansion/resolvers/providers" shared="false" uninstallMode="0"/>
<entry name="source/test/java/com/eviware/soapui/model/propertyexpansion/resolvers" shared="false" uninstallMode="0"/>
<entry name="source/test/java/com/eviware/soapui/model/propertyexpansion" shared="false" uninstallMode="0"/>
<entry name="source/test/java/com/eviware/soapui/model" shared="false" uninstallMode="0"/>
<entry name="source/test/java/com/eviware/soapui/mockaswar" shared="false" uninstallMode="0"/>
<entry name="source/test/java/com/eviware/soapui/impl/wsdl/teststeps/registry" shared="false" uninstallMode="0"/>
<entry name="source/test/java/com/eviware/soapui/impl/wsdl/teststeps/assertions/basic" shared="false" uninstallMode="0"/>
<entry name="source/test/java/com/eviware/soapui/impl/wsdl/teststeps/assertions" shared="false" uninstallMode="0"/>
<entry name="source/test/java/com/eviware/soapui/impl/wsdl/teststeps" shared="false" uninstallMode="0"/>
<entry name="source/test/java/com/eviware/soapui/impl/wsdl/support/xsd" shared="false" uninstallMode="0"/>
<entry name="source/test/java/com/eviware/soapui/impl/wsdl/support/wss/entries" shared="false" uninstallMode="0"/>
<entry name="source/test/java/com/eviware/soapui/impl/wsdl/support/wss/crypto" shared="false" uninstallMode="0"/>
<entry name="source/test/java/com/eviware/soapui/impl/wsdl/support/wss" shared="false" uninstallMode="0"/>
<entry name="source/test/java/com/eviware/soapui/impl/wsdl/support/wsrm" shared="false" uninstallMode="0"/>
<entry name="source/test/java/com/eviware/soapui/impl/wsdl/support/wsdl" shared="false" uninstallMode="0"/>
<entry name="source/test/java/com/eviware/soapui/impl/wsdl/support/http" shared="false" uninstallMode="0"/>
<entry name="source/test/java/com/eviware/soapui/impl/wsdl/support" shared="false" uninstallMode="0"/>
<entry name="source/test/java/com/eviware/soapui/impl/wsdl/submit/transports/http/support/attachments" shared="false" uninstallMode="0"/>
<entry name="source/test/java/com/eviware/soapui/impl/wsdl/submit/transports/http/support" shared="false" uninstallMode="0"/>
<entry name="source/test/java/com/eviware/soapui/impl/wsdl/submit/transports/http" shared="false" uninstallMode="0"/>
<entry name="source/test/java/com/eviware/soapui/impl/wsdl/submit/transports" shared="false" uninstallMode="0"/>
<entry name="source/test/java/com/eviware/soapui/impl/wsdl/submit/filters" shared="false" uninstallMode="0"/>
<entry name="source/test/java/com/eviware/soapui/impl/wsdl/submit" shared="false" uninstallMode="0"/>
<entry name="source/test/java/com/eviware/soapui/impl/wsdl/panels/teststeps/support" shared="false" uninstallMode="0"/>
<entry name="source/test/java/com/eviware/soapui/impl/wsdl/panels/teststeps" shared="false" uninstallMode="0"/>
<entry name="source/test/java/com/eviware/soapui/impl/wsdl/panels/request" shared="false" uninstallMode="0"/>
<entry name="source/test/java/com/eviware/soapui/impl/wsdl/panels" shared="false" uninstallMode="0"/>
<entry name="source/test/java/com/eviware/soapui/impl/wsdl/monitor/jettyproxy" shared="false" uninstallMode="0"/>
<entry name="source/test/java/com/eviware/soapui/impl/wsdl/monitor" shared="false" uninstallMode="0"/>
<entry name="source/test/java/com/eviware/soapui/impl/wsdl/mock" shared="false" uninstallMode="0"/>
<entry name="source/test/java/com/eviware/soapui/impl/wsdl/actions/iface/tools/support" shared="false" uninstallMode="0"/>
<entry name="source/test/java/com/eviware/soapui/impl/wsdl/actions/iface/tools" shared="false" uninstallMode="0"/>
<entry name="source/test/java/com/eviware/soapui/impl/wsdl/actions/iface" shared="false" uninstallMode="0"/>
<entry name="source/test/java/com/eviware/soapui/impl/wsdl/actions" shared="false" uninstallMode="0"/>
<entry name="source/test/java/com/eviware/soapui/impl/wsdl" shared="false" uninstallMode="0"/>
<entry name="source/test/java/com/eviware/soapui/impl/wadl" shared="false" uninstallMode="0"/>
<entry name="source/test/java/com/eviware/soapui/impl/support" shared="false" uninstallMode="0"/>
<entry name="source/test/java/com/eviware/soapui/impl/rest/support/handlers" shared="false" uninstallMode="0"/>
<entry name="source/test/java/com/eviware/soapui/impl/rest/support" shared="false" uninstallMode="0"/>
<entry name="source/test/java/com/eviware/soapui/impl/rest/panels/resource" shared="false" uninstallMode="0"/>
<entry name="source/test/java/com/eviware/soapui/impl/rest/panels/request" shared="false" uninstallMode="0"/>
<entry name="source/test/java/com/eviware/soapui/impl/rest/panels/component" shared="false" uninstallMode="0"/>
<entry name="source/test/java/com/eviware/soapui/impl/rest/panels" shared="false" uninstallMode="0"/>
<entry name="source/test/java/com/eviware/soapui/impl/rest/mock" shared="false" uninstallMode="0"/>
<entry name="source/test/java/com/eviware/soapui/impl/rest/actions/support" shared="false" uninstallMode="0"/>
<entry name="source/test/java/com/eviware/soapui/impl/rest/actions/service" shared="false" uninstallMode="0"/>
<entry name="source/test/java/com/eviware/soapui/impl/rest/actions/oauth" shared="false" uninstallMode="0"/>
<entry name="source/test/java/com/eviware/soapui/impl/rest/actions/mock" shared="false" uninstallMode="0"/>
<entry name="source/test/java/com/eviware/soapui/impl/rest/actions" shared="false" uninstallMode="0"/>
<entry name="source/test/java/com/eviware/soapui/impl/rest" shared="false" uninstallMode="0"/>
<entry name="source/test/java/com/eviware/soapui/impl" shared="false" uninstallMode="0"/>
<entry name="source/test/java/com/eviware/soapui/actions" shared="false" uninstallMode="0"/>
<entry name="source/test/java/com/eviware/soapui" shared="false" uninstallMode="0"/>
<entry name="source/test/java/com/eviware" shared="false" uninstallMode="0"/>
<entry name="source/test/java/com" shared="false" uninstallMode="0"/>
<entry name="source/test/java" shared="false" uninstallMode="0"/>
<entry name="source/test" shared="false" uninstallMode="0"/>
<entry name="source/main/xsdconfig" shared="false" uninstallMode="0"/>
<entry name="source/main/xsd/wsi" shared="false" uninstallMode="0"/>
<entry name="source/main/xsd/wsdl" shared="false" uninstallMode="0"/>
<entry name="source/main/xsd/wadl" shared="false" uninstallMode="0"/>
<entry name="source/main/xsd/soapui" shared="false" uninstallMode="0"/>
<entry name="source/main/xsd/soap" shared="false" uninstallMode="0"/>
<entry name="source/main/xsd/policy" shared="false" uninstallMode="0"/>
<entry name="source/main/xsd/mtom" shared="false" uninstallMode="0"/>
<entry name="source/main/xsd/junit" shared="false" uninstallMode="0"/>
<entry name="source/main/xsd/jboss" shared="false" uninstallMode="0"/>
<entry name="source/main/xsd/j2ee" shared="false" uninstallMode="0"/>
<entry name="source/main/xsd" shared="false" uninstallMode="0"/>
<entry name="source/main/resources/starter-page" shared="false" uninstallMode="0"/>
<entry name="source/main/resources/rsyntaxarea-theme" shared="false" uninstallMode="0"/>
<entry name="source/main/resources/css" shared="false" uninstallMode="0"/>
<entry name="source/main/resources/com/eviware/soapui/support/editor/inspectors/auth" shared="false" uninstallMode="0"/>
<entry name="source/main/resources/com/eviware/soapui/support/editor/inspectors" shared="false" uninstallMode="0"/>
<entry name="source/main/resources/com/eviware/soapui/support/editor" shared="false" uninstallMode="0"/>
<entry name="source/main/resources/com/eviware/soapui/support" shared="false" uninstallMode="0"/>
<entry name="source/main/resources/com/eviware/soapui/resources/xsds" shared="false" uninstallMode="0"/>
<entry name="source/main/resources/com/eviware/soapui/resources/security/xmlbomb" shared="false" uninstallMode="0"/>
<entry name="source/main/resources/com/eviware/soapui/resources/security" shared="false" uninstallMode="0"/>
<entry name="source/main/resources/com/eviware/soapui/resources/report" shared="false" uninstallMode="0"/>
<entry name="source/main/resources/com/eviware/soapui/resources/mockaswar" shared="false" uninstallMode="0"/>
<entry name="source/main/resources/com/eviware/soapui/resources/images" shared="false" uninstallMode="0"/>
<entry name="source/main/resources/com/eviware/soapui/resources/html" shared="false" uninstallMode="0"/>
<entry name="source/main/resources/com/eviware/soapui/resources/doc" shared="false" uninstallMode="0"/>
<entry name="source/main/resources/com/eviware/soapui/resources/conf" shared="false" uninstallMode="0"/>
<entry name="source/main/resources/com/eviware/soapui/resources" shared="false" uninstallMode="0"/>
<entry name="source/main/resources/com/eviware/soapui/impl/wsdl/teststeps/registry" shared="false" uninstallMode="0"/>
<entry name="source/main/resources/com/eviware/soapui/impl/wsdl/teststeps/assertions/basic" shared="false" uninstallMode="0"/>
<entry name="source/main/resources/com/eviware/soapui/impl/wsdl/teststeps/assertions" shared="false" uninstallMode="0"/>
<entry name="source/main/resources/com/eviware/soapui/impl/wsdl/teststeps" shared="false" uninstallMode="0"/>
<entry name="source/main/resources/com/eviware/soapui/impl/wsdl/panels/teststeps" shared="false" uninstallMode="0"/>
<entry name="source/main/resources/com/eviware/soapui/impl/wsdl/panels" shared="false" uninstallMode="0"/>
<entry name="source/main/resources/com/eviware/soapui/impl/wsdl/actions/project" shared="false" uninstallMode="0"/>
<entry name="source/main/resources/com/eviware/soapui/impl/wsdl/actions/iface/tools/axis1" shared="false" uninstallMode="0"/>
<entry name="source/main/resources/com/eviware/soapui/impl/wsdl/actions/iface/tools" shared="false" uninstallMode="0"/>
<entry name="source/main/resources/com/eviware/soapui/impl/wsdl/actions/iface" shared="false" uninstallMode="0"/>
<entry name="source/main/resources/com/eviware/soapui/impl/wsdl/actions" shared="false" uninstallMode="0"/>
<entry name="source/main/resources/com/eviware/soapui/impl/wsdl" shared="false" uninstallMode="0"/>
<entry name="source/main/resources/com/eviware/soapui/impl/rest/mock" shared="false" uninstallMode="0"/>
<entry name="source/main/resources/com/eviware/soapui/impl/rest/actions/support" shared="false" uninstallMode="0"/>
<entry name="source/main/resources/com/eviware/soapui/impl/rest/actions/service" shared="false" uninstallMode="0"/>
<entry name="source/main/resources/com/eviware/soapui/impl/rest/actions/resource" shared="false" uninstallMode="0"/>
<entry name="source/main/resources/com/eviware/soapui/impl/rest/actions/project" shared="false" uninstallMode="0"/>
<entry name="source/main/resources/com/eviware/soapui/impl/rest/actions/oauth" shared="false" uninstallMode="0"/>
<entry name="source/main/resources/com/eviware/soapui/impl/rest/actions/mock" shared="false" uninstallMode="0"/>
<entry name="source/main/resources/com/eviware/soapui/impl/rest/actions/method" shared="false" uninstallMode="0"/>
<entry name="source/main/resources/com/eviware/soapui/impl/rest/actions" shared="false" uninstallMode="0"/>
<entry name="source/main/resources/com/eviware/soapui/impl/rest" shared="false" uninstallMode="0"/>
<entry name="source/main/resources/com/eviware/soapui/impl/actions" shared="false" uninstallMode="0"/>
<entry name="source/main/resources/com/eviware/soapui/impl" shared="false" uninstallMode="0"/>
<entry name="source/main/resources/com/eviware/soapui/images/jquery-ui" shared="false" uninstallMode="0"/>
<entry name="source/main/resources/com/eviware/soapui/images" shared="false" uninstallMode="0"/>
<entry name="source/main/resources/com/eviware/soapui/explorer/js" shared="false" uninstallMode="0"/>
<entry name="source/main/resources/com/eviware/soapui/explorer/css" shared="false" uninstallMode="0"/>
<entry name="source/main/resources/com/eviware/soapui/explorer" shared="false" uninstallMode="0"/>
<entry name="source/main/resources/com/eviware/soapui" shared="false" uninstallMode="0"/>
<entry name="source/main/resources/com/eviware" shared="false" uninstallMode="0"/>
<entry name="source/main/resources/com" shared="false" uninstallMode="0"/>
<entry name="source/main/resources/branded" shared="false" uninstallMode="0"/>
<entry name="source/main/resources" shared="false" uninstallMode="0"/>
<entry name="source/main/java/skt/swing/tree/check" shared="false" uninstallMode="0"/>
<entry name="source/main/java/skt/swing/tree" shared="false" uninstallMode="0"/>
<entry name="source/main/java/skt/swing" shared="false" uninstallMode="0"/>
<entry name="source/main/java/skt" shared="false" uninstallMode="0"/>
<entry name="source/main/java/org/syntax/jedit/tokenmarker" shared="false" uninstallMode="0"/>
<entry name="source/main/java/org/syntax/jedit" shared="false" uninstallMode="0"/>
<entry name="source/main/java/org/syntax" shared="false" uninstallMode="0"/>
<entry name="source/main/java/org/apache/http/localserver" shared="false" uninstallMode="0"/>
<entry name="source/main/java/org/apache/http" shared="false" uninstallMode="0"/>
<entry name="source/main/java/org/apache/commons/httpclient/util" shared="false" uninstallMode="0"/>
<entry name="source/main/java/org/apache/commons/httpclient" shared="false" uninstallMode="0"/>
<entry name="source/main/java/org/apache/commons" shared="false" uninstallMode="0"/>
<entry name="source/main/java/org/apache" shared="false" uninstallMode="0"/>
<entry name="source/main/java/org" shared="false" uninstallMode="0"/>
<entry name="source/main/java/com/smartbear/swagger" shared="false" uninstallMode="0"/>
<entry name="source/main/java/com/smartbear/soapui/core" shared="false" uninstallMode="0"/>
<entry name="source/main/java/com/smartbear/soapui" shared="false" uninstallMode="0"/>
<entry name="source/main/java/com/smartbear/integrations/swaggerhub/engine" shared="false" uninstallMode="0"/>
<entry name="source/main/java/com/smartbear/integrations/swaggerhub/component" shared="false" uninstallMode="0"/>
<entry name="source/main/java/com/smartbear/integrations/swaggerhub" shared="false" uninstallMode="0"/>
<entry name="source/main/java/com/smartbear/integrations" shared="false" uninstallMode="0"/>
<entry name="source/main/java/com/smartbear" shared="false" uninstallMode="0"/>
<entry name="source/main/java/com/eviware/x/impl/swing" shared="false" uninstallMode="0"/>
<entry name="source/main/java/com/eviware/x/impl" shared="false" uninstallMode="0"/>
<entry name="source/main/java/com/eviware/x/form/validators" shared="false" uninstallMode="0"/>
<entry name="source/main/java/com/eviware/x/form/support" shared="false" uninstallMode="0"/>
<entry name="source/main/java/com/eviware/x/form" shared="false" uninstallMode="0"/>
<entry name="source/main/java/com/eviware/x/dialogs" shared="false" uninstallMode="0"/>
<entry name="source/main/java/com/eviware/x" shared="false" uninstallMode="0"/>
<entry name="source/main/java/com/eviware/soapui/ui/support" shared="false" uninstallMode="0"/>
<entry name="source/main/java/com/eviware/soapui/ui/starterpage" shared="false" uninstallMode="0"/>
<entry name="source/main/java/com/eviware/soapui/ui/navigator/state" shared="false" uninstallMode="0"/>
<entry name="source/main/java/com/eviware/soapui/ui/navigator" shared="false" uninstallMode="0"/>
<entry name="source/main/java/com/eviware/soapui/ui/desktop/standalone" shared="false" uninstallMode="0"/>
<entry name="source/main/java/com/eviware/soapui/ui/desktop" shared="false" uninstallMode="0"/>
<entry name="source/main/java/com/eviware/soapui/ui" shared="false" uninstallMode="0"/>
<entry name="source/main/java/com/eviware/soapui/tools" shared="false" uninstallMode="0"/>
<entry name="source/main/java/com/eviware/soapui/testondemand" shared="false" uninstallMode="0"/>
<entry name="source/main/java/com/eviware/soapui/support/xml/actions" shared="false" uninstallMode="0"/>
<entry name="source/main/java/com/eviware/soapui/support/xml" shared="false" uninstallMode="0"/>
<entry name="source/main/java/com/eviware/soapui/support/uri" shared="false" uninstallMode="0"/>
<entry name="source/main/java/com/eviware/soapui/support/types" shared="false" uninstallMode="0"/>
<entry name="source/main/java/com/eviware/soapui/support/swing" shared="false" uninstallMode="0"/>
<entry name="source/main/java/com/eviware/soapui/support/scripting/js" shared="false" uninstallMode="0"/>
<entry name="source/main/java/com/eviware/soapui/support/scripting/groovy" shared="false" uninstallMode="0"/>
<entry name="source/main/java/com/eviware/soapui/support/scripting" shared="false" uninstallMode="0"/>
<entry name="source/main/java/com/eviware/soapui/support/resolver" shared="false" uninstallMode="0"/>
<entry name="source/main/java/com/eviware/soapui/support/registry" shared="false" uninstallMode="0"/>
<entry name="source/main/java/com/eviware/soapui/support/propertyexpansion/scrollmenu" shared="false" uninstallMode="0"/>
<entry name="source/main/java/com/eviware/soapui/support/propertyexpansion" shared="false" uninstallMode="0"/>
<entry name="source/main/java/com/eviware/soapui/support/preferences" shared="false" uninstallMode="0"/>
<entry name="source/main/java/com/eviware/soapui/support/monitor" shared="false" uninstallMode="0"/>
<entry name="source/main/java/com/eviware/soapui/support/log" shared="false" uninstallMode="0"/>
<entry name="source/main/java/com/eviware/soapui/support/listener" shared="false" uninstallMode="0"/>
<entry name="source/main/java/com/eviware/soapui/support/jnlp" shared="false" uninstallMode="0"/>
<entry name="source/main/java/com/eviware/soapui/support/jdbc" shared="false" uninstallMode="0"/>
<entry name="source/main/java/com/eviware/soapui/support/factory" shared="false" uninstallMode="0"/>
<entry name="source/main/java/com/eviware/soapui/support/editor/xml/support" shared="false" uninstallMode="0"/>
<entry name="source/main/java/com/eviware/soapui/support/editor/xml" shared="false" uninstallMode="0"/>
<entry name="source/main/java/com/eviware/soapui/support/editor/views/xml/source" shared="false" uninstallMode="0"/>
<entry name="source/main/java/com/eviware/soapui/support/editor/views/xml/raw" shared="false" uninstallMode="0"/>
<entry name="source/main/java/com/eviware/soapui/support/editor/views/xml" shared="false" uninstallMode="0"/>
<entry name="source/main/java/com/eviware/soapui/support/editor/views" shared="false" uninstallMode="0"/>
<entry name="source/main/java/com/eviware/soapui/support/editor/support" shared="false" uninstallMode="0"/>
<entry name="source/main/java/com/eviware/soapui/support/editor/registry" shared="false" uninstallMode="0"/>
<entry name="source/main/java/com/eviware/soapui/support/editor/inspectors/wss" shared="false" uninstallMode="0"/>
<entry name="source/main/java/com/eviware/soapui/support/editor/inspectors/wsrm" shared="false" uninstallMode="0"/>
<entry name="source/main/java/com/eviware/soapui/support/editor/inspectors/wsa" shared="false" uninstallMode="0"/>
<entry name="source/main/java/com/eviware/soapui/support/editor/inspectors/ssl" shared="false" uninstallMode="0"/>
<entry name="source/main/java/com/eviware/soapui/support/editor/inspectors/script" shared="false" uninstallMode="0"/>
<entry name="source/main/java/com/eviware/soapui/support/editor/inspectors/jms/property" shared="false" uninstallMode="0"/>
<entry name="source/main/java/com/eviware/soapui/support/editor/inspectors/jms/header" shared="false" uninstallMode="0"/>
<entry name="source/main/java/com/eviware/soapui/support/editor/inspectors/jms" shared="false" uninstallMode="0"/>
<entry name="source/main/java/com/eviware/soapui/support/editor/inspectors/httpheaders" shared="false" uninstallMode="0"/>
<entry name="source/main/java/com/eviware/soapui/support/editor/inspectors/auth" shared="false" uninstallMode="0"/>
<entry name="source/main/java/com/eviware/soapui/support/editor/inspectors/attachments" shared="false" uninstallMode="0"/>
<entry name="source/main/java/com/eviware/soapui/support/editor/inspectors/amfheader" shared="false" uninstallMode="0"/>
<entry name="source/main/java/com/eviware/soapui/support/editor/inspectors" shared="false" uninstallMode="0"/>
<entry name="source/main/java/com/eviware/soapui/support/editor" shared="false" uninstallMode="0"/>
<entry name="source/main/java/com/eviware/soapui/support/dnd/handlers" shared="false" uninstallMode="0"/>
<entry name="source/main/java/com/eviware/soapui/support/dnd" shared="false" uninstallMode="0"/>
<entry name="source/main/java/com/eviware/soapui/support/components" shared="false" uninstallMode="0"/>
<entry name="source/main/java/com/eviware/soapui/support/actions" shared="false" uninstallMode="0"/>
<entry name="source/main/java/com/eviware/soapui/support/action/swing" shared="false" uninstallMode="0"/>
<entry name="source/main/java/com/eviware/soapui/support/action/support" shared="false" uninstallMode="0"/>
<entry name="source/main/java/com/eviware/soapui/support/action" shared="false" uninstallMode="0"/>
<entry name="source/main/java/com/eviware/soapui/support" shared="false" uninstallMode="0"/>
<entry name="source/main/java/com/eviware/soapui/settings/impl" shared="false" uninstallMode="0"/>
<entry name="source/main/java/com/eviware/soapui/settings" shared="false" uninstallMode="0"/>
<entry name="source/main/java/com/eviware/soapui/security/ui" shared="false" uninstallMode="0"/>
<entry name="source/main/java/com/eviware/soapui/security/tools" shared="false" uninstallMode="0"/>
<entry name="source/main/java/com/eviware/soapui/security/support" shared="false" uninstallMode="0"/>
<entry name="source/main/java/com/eviware/soapui/security/scan" shared="false" uninstallMode="0"/>
<entry name="source/main/java/com/eviware/soapui/security/result" shared="false" uninstallMode="0"/>
<entry name="source/main/java/com/eviware/soapui/security/registry" shared="false" uninstallMode="0"/>
<entry name="source/main/java/com/eviware/soapui/security/panels" shared="false" uninstallMode="0"/>
<entry name="source/main/java/com/eviware/soapui/security/log" shared="false" uninstallMode="0"/>
<entry name="source/main/java/com/eviware/soapui/security/boundary/enumeration" shared="false" uninstallMode="0"/>
<entry name="source/main/java/com/eviware/soapui/security/boundary" shared="false" uninstallMode="0"/>
<entry name="source/main/java/com/eviware/soapui/security/assertion" shared="false" uninstallMode="0"/>
<entry name="source/main/java/com/eviware/soapui/security/actions" shared="false" uninstallMode="0"/>
<entry name="source/main/java/com/eviware/soapui/security" shared="false" uninstallMode="0"/>
<entry name="source/main/java/com/eviware/soapui/report" shared="false" uninstallMode="0"/>
<entry name="source/main/java/com/eviware/soapui/plugins/factories/navigator" shared="false" uninstallMode="0"/>
<entry name="source/main/java/com/eviware/soapui/plugins/factories" shared="false" uninstallMode="0"/>
<entry name="source/main/java/com/eviware/soapui/plugins/auto/factories" shared="false" uninstallMode="0"/>
<entry name="source/main/java/com/eviware/soapui/plugins/auto" shared="false" uninstallMode="0"/>
<entry name="source/main/java/com/eviware/soapui/plugins" shared="false" uninstallMode="0"/>
<entry name="source/main/java/com/eviware/soapui/monitor/support" shared="false" uninstallMode="0"/>
<entry name="source/main/java/com/eviware/soapui/monitor" shared="false" uninstallMode="0"/>
<entry name="source/main/java/com/eviware/soapui/model/workspace" shared="false" uninstallMode="0"/>
<entry name="source/main/java/com/eviware/soapui/model/util" shared="false" uninstallMode="0"/>
<entry name="source/main/java/com/eviware/soapui/model/tree/nodes/support" shared="false" uninstallMode="0"/>
<entry name="source/main/java/com/eviware/soapui/model/tree/nodes" shared="false" uninstallMode="0"/>
<entry name="source/main/java/com/eviware/soapui/model/tree" shared="false" uninstallMode="0"/>
<entry name="source/main/java/com/eviware/soapui/model/testsuite" shared="false" uninstallMode="0"/>
<entry name="source/main/java/com/eviware/soapui/model/support" shared="false" uninstallMode="0"/>
<entry name="source/main/java/com/eviware/soapui/model/settings" shared="false" uninstallMode="0"/>
<entry name="source/main/java/com/eviware/soapui/model/security" shared="false" uninstallMode="0"/>
<entry name="source/main/java/com/eviware/soapui/model/propertyexpansion/resolvers/providers" shared="false" uninstallMode="0"/>
<entry name="source/main/java/com/eviware/soapui/model/propertyexpansion/resolvers" shared="false" uninstallMode="0"/>
<entry name="source/main/java/com/eviware/soapui/model/propertyexpansion" shared="false" uninstallMode="0"/>
<entry name="source/main/java/com/eviware/soapui/model/project" shared="false" uninstallMode="0"/>
<entry name="source/main/java/com/eviware/soapui/model/mock" shared="false" uninstallMode="0"/>
<entry name="source/main/java/com/eviware/soapui/model/iface" shared="false" uninstallMode="0"/>
<entry name="source/main/java/com/eviware/soapui/model/environment" shared="false" uninstallMode="0"/>
<entry name="source/main/java/com/eviware/soapui/model" shared="false" uninstallMode="0"/>
<entry name="source/main/java/com/eviware/soapui/mockaswar" shared="false" uninstallMode="0"/>
<entry name="source/main/java/com/eviware/soapui/integration/exporter" shared="false" uninstallMode="0"/>
<entry name="source/main/java/com/eviware/soapui/integration" shared="false" uninstallMode="0"/>
<entry name="source/main/java/com/eviware/soapui/impl/wsdl/teststeps/registry" shared="false" uninstallMode="0"/>
<entry name="source/main/java/com/eviware/soapui/impl/wsdl/teststeps/assertions/soap" shared="false" uninstallMode="0"/>
<entry name="source/main/java/com/eviware/soapui/impl/wsdl/teststeps/assertions/recent" shared="false" uninstallMode="0"/>
<entry name="source/main/java/com/eviware/soapui/impl/wsdl/teststeps/assertions/json" shared="false" uninstallMode="0"/>
<entry name="source/main/java/com/eviware/soapui/impl/wsdl/teststeps/assertions/jms" shared="false" uninstallMode="0"/>
<entry name="source/main/java/com/eviware/soapui/impl/wsdl/teststeps/assertions/jdbc" shared="false" uninstallMode="0"/>
<entry name="source/main/java/com/eviware/soapui/impl/wsdl/teststeps/assertions/http" shared="false" uninstallMode="0"/>
<entry name="source/main/java/com/eviware/soapui/impl/wsdl/teststeps/assertions/basic" shared="false" uninstallMode="0"/>
<entry name="source/main/java/com/eviware/soapui/impl/wsdl/teststeps/assertions" shared="false" uninstallMode="0"/>
<entry name="source/main/java/com/eviware/soapui/impl/wsdl/teststeps/actions" shared="false" uninstallMode="0"/>
<entry name="source/main/java/com/eviware/soapui/impl/wsdl/teststeps" shared="false" uninstallMode="0"/>
<entry name="source/main/java/com/eviware/soapui/impl/wsdl/testcase" shared="false" uninstallMode="0"/>
<entry name="source/main/java/com/eviware/soapui/impl/wsdl/support/xsd" shared="false" uninstallMode="0"/>
<entry name="source/main/java/com/eviware/soapui/impl/wsdl/support/wss/support" shared="false" uninstallMode="0"/>
<entry name="source/main/java/com/eviware/soapui/impl/wsdl/support/wss/saml/callback" shared="false" uninstallMode="0"/>
<entry name="source/main/java/com/eviware/soapui/impl/wsdl/support/wss/saml" shared="false" uninstallMode="0"/>
<entry name="source/main/java/com/eviware/soapui/impl/wsdl/support/wss/entries" shared="false" uninstallMode="0"/>
<entry name="source/main/java/com/eviware/soapui/impl/wsdl/support/wss/crypto" shared="false" uninstallMode="0"/>
<entry name="source/main/java/com/eviware/soapui/impl/wsdl/support/wss" shared="false" uninstallMode="0"/>
<entry name="source/main/java/com/eviware/soapui/impl/wsdl/support/wsrm" shared="false" uninstallMode="0"/>
<entry name="source/main/java/com/eviware/soapui/impl/wsdl/support/wsmc" shared="false" uninstallMode="0"/>
<entry name="source/main/java/com/eviware/soapui/impl/wsdl/support/wsdl" shared="false" uninstallMode="0"/>
<entry name="source/main/java/com/eviware/soapui/impl/wsdl/support/wsa" shared="false" uninstallMode="0"/>
<entry name="source/main/java/com/eviware/soapui/impl/wsdl/support/soap" shared="false" uninstallMode="0"/>
<entry name="source/main/java/com/eviware/soapui/impl/wsdl/support/policy" shared="false" uninstallMode="0"/>
<entry name="source/main/java/com/eviware/soapui/impl/wsdl/support/jms/property" shared="false" uninstallMode="0"/>
<entry name="source/main/java/com/eviware/soapui/impl/wsdl/support/jms/header" shared="false" uninstallMode="0"/>
<entry name="source/main/java/com/eviware/soapui/impl/wsdl/support/jms" shared="false" uninstallMode="0"/>
<entry name="source/main/java/com/eviware/soapui/impl/wsdl/support/http" shared="false" uninstallMode="0"/>
<entry name="source/main/java/com/eviware/soapui/impl/wsdl/support/assertions" shared="false" uninstallMode="0"/>
<entry name="source/main/java/com/eviware/soapui/impl/wsdl/support" shared="false" uninstallMode="0"/>
<entry name="source/main/java/com/eviware/soapui/impl/wsdl/submit/transports/jms/util" shared="false" uninstallMode="0"/>
<entry name="source/main/java/com/eviware/soapui/impl/wsdl/submit/transports/jms" shared="false" uninstallMode="0"/>
<entry name="source/main/java/com/eviware/soapui/impl/wsdl/submit/transports/http/support/metrics" shared="false" uninstallMode="0"/>
<entry name="source/main/java/com/eviware/soapui/impl/wsdl/submit/transports/http/support/methods" shared="false" uninstallMode="0"/>
<entry name="source/main/java/com/eviware/soapui/impl/wsdl/submit/transports/http/support/attachments" shared="false" uninstallMode="0"/>
<entry name="source/main/java/com/eviware/soapui/impl/wsdl/submit/transports/http/support" shared="false" uninstallMode="0"/>
<entry name="source/main/java/com/eviware/soapui/impl/wsdl/submit/transports/http" shared="false" uninstallMode="0"/>
<entry name="source/main/java/com/eviware/soapui/impl/wsdl/submit/transports" shared="false" uninstallMode="0"/>
<entry name="source/main/java/com/eviware/soapui/impl/wsdl/submit/filters" shared="false" uninstallMode="0"/>
<entry name="source/main/java/com/eviware/soapui/impl/wsdl/submit" shared="false" uninstallMode="0"/>
<entry name="source/main/java/com/eviware/soapui/impl/wsdl/panels/testsuite" shared="false" uninstallMode="0"/>
<entry name="source/main/java/com/eviware/soapui/impl/wsdl/panels/teststeps/support" shared="false" uninstallMode="0"/>
<entry name="source/main/java/com/eviware/soapui/impl/wsdl/panels/teststeps/amf" shared="false" uninstallMode="0"/>
<entry name="source/main/java/com/eviware/soapui/impl/wsdl/panels/teststeps" shared="false" uninstallMode="0"/>
<entry name="source/main/java/com/eviware/soapui/impl/wsdl/panels/testcase/actions" shared="false" uninstallMode="0"/>
<entry name="source/main/java/com/eviware/soapui/impl/wsdl/panels/testcase" shared="false" uninstallMode="0"/>
<entry name="source/main/java/com/eviware/soapui/impl/wsdl/panels/support" shared="false" uninstallMode="0"/>
<entry name="source/main/java/com/eviware/soapui/impl/wsdl/panels/request/actions" shared="false" uninstallMode="0"/>
<entry name="source/main/java/com/eviware/soapui/impl/wsdl/panels/request" shared="false" uninstallMode="0"/>
<entry name="source/main/java/com/eviware/soapui/impl/wsdl/panels/project" shared="false" uninstallMode="0"/>
<entry name="source/main/java/com/eviware/soapui/impl/wsdl/panels/operation" shared="false" uninstallMode="0"/>
<entry name="source/main/java/com/eviware/soapui/impl/wsdl/panels/monitor" shared="false" uninstallMode="0"/>
<entry name="source/main/java/com/eviware/soapui/impl/wsdl/panels/mockoperation/actions" shared="false" uninstallMode="0"/>
<entry name="source/main/java/com/eviware/soapui/impl/wsdl/panels/mockoperation" shared="false" uninstallMode="0"/>
<entry name="source/main/java/com/eviware/soapui/impl/wsdl/panels/mock" shared="false" uninstallMode="0"/>
<entry name="source/main/java/com/eviware/soapui/impl/wsdl/panels/loadtest" shared="false" uninstallMode="0"/>
<entry name="source/main/java/com/eviware/soapui/impl/wsdl/panels/iface" shared="false" uninstallMode="0"/>
<entry name="source/main/java/com/eviware/soapui/impl/wsdl/panels/assertions" shared="false" uninstallMode="0"/>
<entry name="source/main/java/com/eviware/soapui/impl/wsdl/panels" shared="false" uninstallMode="0"/>
<entry name="source/main/java/com/eviware/soapui/impl/wsdl/monitor/jettyproxy" shared="false" uninstallMode="0"/>
<entry name="source/main/java/com/eviware/soapui/impl/wsdl/monitor" shared="false" uninstallMode="0"/>
<entry name="source/main/java/com/eviware/soapui/impl/wsdl/mock/dispatch" shared="false" uninstallMode="0"/>
<entry name="source/main/java/com/eviware/soapui/impl/wsdl/mock" shared="false" uninstallMode="0"/>
<entry name="source/main/java/com/eviware/soapui/impl/wsdl/loadtest/strategy" shared="false" uninstallMode="0"/>
<entry name="source/main/java/com/eviware/soapui/impl/wsdl/loadtest/log" shared="false" uninstallMode="0"/>
<entry name="source/main/java/com/eviware/soapui/impl/wsdl/loadtest/data/actions" shared="false" uninstallMode="0"/>
<entry name="source/main/java/com/eviware/soapui/impl/wsdl/loadtest/data" shared="false" uninstallMode="0"/>
<entry name="source/main/java/com/eviware/soapui/impl/wsdl/loadtest/assertions" shared="false" uninstallMode="0"/>
<entry name="source/main/java/com/eviware/soapui/impl/wsdl/loadtest" shared="false" uninstallMode="0"/>
<entry name="source/main/java/com/eviware/soapui/impl/wsdl/endpoint" shared="false" uninstallMode="0"/>
<entry name="source/main/java/com/eviware/soapui/impl/wsdl/actions/testsuite" shared="false" uninstallMode="0"/>
<entry name="source/main/java/com/eviware/soapui/impl/wsdl/actions/teststep" shared="false" uninstallMode="0"/>
<entry name="source/main/java/com/eviware/soapui/impl/wsdl/actions/testcase" shared="false" uninstallMode="0"/>
<entry name="source/main/java/com/eviware/soapui/impl/wsdl/actions/support" shared="false" uninstallMode="0"/>
<entry name="source/main/java/com/eviware/soapui/impl/wsdl/actions/request" shared="false" uninstallMode="0"/>
<entry name="source/main/java/com/eviware/soapui/impl/wsdl/actions/project" shared="false" uninstallMode="0"/>
<entry name="source/main/java/com/eviware/soapui/impl/wsdl/actions/operation" shared="false" uninstallMode="0"/>
<entry name="source/main/java/com/eviware/soapui/impl/wsdl/actions/monitor" shared="false" uninstallMode="0"/>
<entry name="source/main/java/com/eviware/soapui/impl/wsdl/actions/mockservice" shared="false" uninstallMode="0"/>
<entry name="source/main/java/com/eviware/soapui/impl/wsdl/actions/mockresponse" shared="false" uninstallMode="0"/>
<entry name="source/main/java/com/eviware/soapui/impl/wsdl/actions/mockoperation" shared="false" uninstallMode="0"/>
<entry name="source/main/java/com/eviware/soapui/impl/wsdl/actions/loadtest" shared="false" uninstallMode="0"/>
<entry name="source/main/java/com/eviware/soapui/impl/wsdl/actions/iface/tools/xmlbeans" shared="false" uninstallMode="0"/>
<entry name="source/main/java/com/eviware/soapui/impl/wsdl/actions/iface/tools/xfire" shared="false" uninstallMode="0"/>
<entry name="source/main/java/com/eviware/soapui/impl/wsdl/actions/iface/tools/wsimport" shared="false" uninstallMode="0"/>
<entry name="source/main/java/com/eviware/soapui/impl/wsdl/actions/iface/tools/wsi" shared="false" uninstallMode="0"/>
<entry name="source/main/java/com/eviware/soapui/impl/wsdl/actions/iface/tools/wscompile" shared="false" uninstallMode="0"/>
<entry name="source/main/java/com/eviware/soapui/impl/wsdl/actions/iface/tools/tcpmon" shared="false" uninstallMode="0"/>
<entry name="source/main/java/com/eviware/soapui/impl/wsdl/actions/iface/tools/support" shared="false" uninstallMode="0"/>
<entry name="source/main/java/com/eviware/soapui/impl/wsdl/actions/iface/tools/soapui" shared="false" uninstallMode="0"/>
<entry name="source/main/java/com/eviware/soapui/impl/wsdl/actions/iface/tools/oracle" shared="false" uninstallMode="0"/>
<entry name="source/main/java/com/eviware/soapui/impl/wsdl/actions/iface/tools/jbossws" shared="false" uninstallMode="0"/>
<entry name="source/main/java/com/eviware/soapui/impl/wsdl/actions/iface/tools/jaxb" shared="false" uninstallMode="0"/>
<entry name="source/main/java/com/eviware/soapui/impl/wsdl/actions/iface/tools/gsoap" shared="false" uninstallMode="0"/>
<entry name="source/main/java/com/eviware/soapui/impl/wsdl/actions/iface/tools/dotnet" shared="false" uninstallMode="0"/>
<entry name="source/main/java/com/eviware/soapui/impl/wsdl/actions/iface/tools/cxf" shared="false" uninstallMode="0"/>
<entry name="source/main/java/com/eviware/soapui/impl/wsdl/actions/iface/tools/axis2" shared="false" uninstallMode="0"/>
<entry name="source/main/java/com/eviware/soapui/impl/wsdl/actions/iface/tools/axis1" shared="false" uninstallMode="0"/>
<entry name="source/main/java/com/eviware/soapui/impl/wsdl/actions/iface/tools" shared="false" uninstallMode="0"/>
<entry name="source/main/java/com/eviware/soapui/impl/wsdl/actions/iface" shared="false" uninstallMode="0"/>
<entry name="source/main/java/com/eviware/soapui/impl/wsdl/actions" shared="false" uninstallMode="0"/>
<entry name="source/main/java/com/eviware/soapui/impl/wsdl" shared="false" uninstallMode="0"/>
<entry name="source/main/java/com/eviware/soapui/impl/wadl/support" shared="false" uninstallMode="0"/>
<entry name="source/main/java/com/eviware/soapui/impl/wadl/inference/support" shared="false" uninstallMode="0"/>
<entry name="source/main/java/com/eviware/soapui/impl/wadl/inference/schema/types" shared="false" uninstallMode="0"/>
<entry name="source/main/java/com/eviware/soapui/impl/wadl/inference/schema/particles" shared="false" uninstallMode="0"/>
<entry name="source/main/java/com/eviware/soapui/impl/wadl/inference/schema/content" shared="false" uninstallMode="0"/>
<entry name="source/main/java/com/eviware/soapui/impl/wadl/inference/schema" shared="false" uninstallMode="0"/>
<entry name="source/main/java/com/eviware/soapui/impl/wadl/inference" shared="false" uninstallMode="0"/>
<entry name="source/main/java/com/eviware/soapui/impl/wadl" shared="false" uninstallMode="0"/>
<entry name="source/main/java/com/eviware/soapui/impl/support/wsa" shared="false" uninstallMode="0"/>
<entry name="source/main/java/com/eviware/soapui/impl/support/panels" shared="false" uninstallMode="0"/>
<entry name="source/main/java/com/eviware/soapui/impl/support/http" shared="false" uninstallMode="0"/>
<entry name="source/main/java/com/eviware/soapui/impl/support/definition/support" shared="false" uninstallMode="0"/>
<entry name="source/main/java/com/eviware/soapui/impl/support/definition/export" shared="false" uninstallMode="0"/>
<entry name="source/main/java/com/eviware/soapui/impl/support/definition" shared="false" uninstallMode="0"/>
<entry name="source/main/java/com/eviware/soapui/impl/support/components" shared="false" uninstallMode="0"/>
<entry name="source/main/java/com/eviware/soapui/impl/support/actions" shared="false" uninstallMode="0"/>
<entry name="source/main/java/com/eviware/soapui/impl/support" shared="false" uninstallMode="0"/>
<entry name="source/main/java/com/eviware/soapui/impl/settings" shared="false" uninstallMode="0"/>
<entry name="source/main/java/com/eviware/soapui/impl/rest/support/handlers" shared="false" uninstallMode="0"/>
<entry name="source/main/java/com/eviware/soapui/impl/rest/support" shared="false" uninstallMode="0"/>
<entry name="source/main/java/com/eviware/soapui/impl/rest/panels/service" shared="false" uninstallMode="0"/>
<entry name="source/main/java/com/eviware/soapui/impl/rest/panels/resource" shared="false" uninstallMode="0"/>
<entry name="source/main/java/com/eviware/soapui/impl/rest/panels/request/views/json/actions" shared="false" uninstallMode="0"/>
<entry name="source/main/java/com/eviware/soapui/impl/rest/panels/request/views/json" shared="false" uninstallMode="0"/>
<entry name="source/main/java/com/eviware/soapui/impl/rest/panels/request/views/html" shared="false" uninstallMode="0"/>
<entry name="source/main/java/com/eviware/soapui/impl/rest/panels/request/views/content" shared="false" uninstallMode="0"/>
<entry name="source/main/java/com/eviware/soapui/impl/rest/panels/request/views" shared="false" uninstallMode="0"/>
<entry name="source/main/java/com/eviware/soapui/impl/rest/panels/request/inspectors/schema" shared="false" uninstallMode="0"/>
<entry name="source/main/java/com/eviware/soapui/impl/rest/panels/request/inspectors/representations" shared="false" uninstallMode="0"/>
<entry name="source/main/java/com/eviware/soapui/impl/rest/panels/request/inspectors" shared="false" uninstallMode="0"/>
<entry name="source/main/java/com/eviware/soapui/impl/rest/panels/request" shared="false" uninstallMode="0"/>
<entry name="source/main/java/com/eviware/soapui/impl/rest/panels/mock" shared="false" uninstallMode="0"/>
<entry name="source/main/java/com/eviware/soapui/impl/rest/panels/method" shared="false" uninstallMode="0"/>
<entry name="source/main/java/com/eviware/soapui/impl/rest/panels/component" shared="false" uninstallMode="0"/>
<entry name="source/main/java/com/eviware/soapui/impl/rest/panels" shared="false" uninstallMode="0"/>
<entry name="source/main/java/com/eviware/soapui/impl/rest/mock" shared="false" uninstallMode="0"/>
<entry name="source/main/java/com/eviware/soapui/impl/rest/actions/support" shared="false" uninstallMode="0"/>
<entry name="source/main/java/com/eviware/soapui/impl/rest/actions/service" shared="false" uninstallMode="0"/>
<entry name="source/main/java/com/eviware/soapui/impl/rest/actions/resource" shared="false" uninstallMode="0"/>
<entry name="source/main/java/com/eviware/soapui/impl/rest/actions/request" shared="false" uninstallMode="0"/>
<entry name="source/main/java/com/eviware/soapui/impl/rest/actions/project" shared="false" uninstallMode="0"/>
<entry name="source/main/java/com/eviware/soapui/impl/rest/actions/oauth" shared="false" uninstallMode="0"/>
<entry name="source/main/java/com/eviware/soapui/impl/rest/actions/mock" shared="false" uninstallMode="0"/>
<entry name="source/main/java/com/eviware/soapui/impl/rest/actions/method" shared="false" uninstallMode="0"/>
<entry name="source/main/java/com/eviware/soapui/impl/rest/actions/explorer/callback" shared="false" uninstallMode="0"/>
<entry name="source/main/java/com/eviware/soapui/impl/rest/actions/explorer" shared="false" uninstallMode="0"/>
<entry name="source/main/java/com/eviware/soapui/impl/rest/actions" shared="false" uninstallMode="0"/>
<entry name="source/main/java/com/eviware/soapui/impl/rest" shared="false" uninstallMode="0"/>
<entry name="source/main/java/com/eviware/soapui/impl/actions/multi" shared="false" uninstallMode="0"/>
<entry name="source/main/java/com/eviware/soapui/impl/actions" shared="false" uninstallMode="0"/>
<entry name="source/main/java/com/eviware/soapui/impl" shared="false" uninstallMode="0"/>
<entry name="source/main/java/com/eviware/soapui/autoupdate" shared="false" uninstallMode="0"/>
<entry name="source/main/java/com/eviware/soapui/analytics/providers" shared="false" uninstallMode="0"/>
<entry name="source/main/java/com/eviware/soapui/analytics" shared="false" uninstallMode="0"/>
<entry name="source/main/java/com/eviware/soapui/actions" shared="false" uninstallMode="0"/>
<entry name="source/main/java/com/eviware/soapui/Util" shared="false" uninstallMode="0"/>
<entry name="source/main/java/com/eviware/soapui" shared="false" uninstallMode="0"/>
<entry name="source/main/java/com/eviware" shared="false" uninstallMode="0"/>
<entry name="source/main/java/com" shared="false" uninstallMode="0"/>
<entry name="source/main/java" shared="false" uninstallMode="0"/>
<entry name="source/main" shared="false" uninstallMode="0"/>
<entry name="source/jsl" shared="false" uninstallMode="0"/>
<entry name="source/iistest" shared="false" uninstallMode="0"/>
<entry name="source/html" shared="false" uninstallMode="0"/>
<entry name="source/demo/soapui/demo" shared="false" uninstallMode="0"/>
<entry name="source/demo/soapui" shared="false" uninstallMode="0"/>
<entry name="source/demo" shared="false" uninstallMode="0"/>
<entry name="source" shared="false" uninstallMode="0"/>
<entry name="licences" shared="false" uninstallMode="0"/>
<entry name="lib" shared="false" uninstallMode="0"/>
<entry name="jre/man/man1" shared="false" uninstallMode="3"/>
<entry name="jre/man" shared="false" uninstallMode="3"/>
<entry name="jre/lib/server" shared="false" uninstallMode="3"/>
<entry name="jre/lib/security" shared="false" uninstallMode="3"/>
<entry name="jre/lib/minimal" shared="false" uninstallMode="3"/>
<entry name="jre/lib/jfr" shared="false" uninstallMode="3"/>
<entry name="jre/lib/client" shared="false" uninstallMode="3"/>
<entry name="jre/lib" shared="false" uninstallMode="3"/>
<entry name="jre/legal/jdk.zipfs" shared="false" uninstallMode="3"/>
<entry name="jre/legal/jdk.xml.dom" shared="false" uninstallMode="3"/>
<entry name="jre/legal/jdk.unsupported.desktop" shared="false" uninstallMode="3"/>
<entry name="jre/legal/jdk.unsupported" shared="false" uninstallMode="3"/>
<entry name="jre/legal/jdk.security.jgss" shared="false" uninstallMode="3"/>
<entry name="jre/legal/jdk.security.auth" shared="false" uninstallMode="3"/>
<entry name="jre/legal/jdk.sctp" shared="false" uninstallMode="3"/>
<entry name="jre/legal/jdk.net" shared="false" uninstallMode="3"/>
<entry name="jre/legal/jdk.naming.rmi" shared="false" uninstallMode="3"/>
<entry name="jre/legal/jdk.naming.dns" shared="false" uninstallMode="3"/>
<entry name="jre/legal/jdk.management.jfr" shared="false" uninstallMode="3"/>
<entry name="jre/legal/jdk.management.agent" shared="false" uninstallMode="3"/>
<entry name="jre/legal/jdk.management" shared="false" uninstallMode="3"/>
<entry name="jre/legal/jdk.localedata" shared="false" uninstallMode="3"/>
<entry name="jre/legal/jdk.jsobject" shared="false" uninstallMode="3"/>
<entry name="jre/legal/jdk.jfr" shared="false" uninstallMode="3"/>
<entry name="jre/legal/jdk.jdwp.agent" shared="false" uninstallMode="3"/>
<entry name="jre/legal/jdk.internal.vm.compiler.management" shared="false" uninstallMode="3"/>
<entry name="jre/legal/jdk.internal.vm.compiler" shared="false" uninstallMode="3"/>
<entry name="jre/legal/jdk.internal.vm.ci" shared="false" uninstallMode="3"/>
<entry name="jre/legal/jdk.internal.le" shared="false" uninstallMode="3"/>
<entry name="jre/legal/jdk.internal.jvmstat" shared="false" uninstallMode="3"/>
<entry name="jre/legal/jdk.internal.ed" shared="false" uninstallMode="3"/>
<entry name="jre/legal/jdk.httpserver" shared="false" uninstallMode="3"/>
<entry name="jre/legal/jdk.dynalink" shared="false" uninstallMode="3"/>
<entry name="jre/legal/jdk.crypto.ec" shared="false" uninstallMode="3"/>
<entry name="jre/legal/jdk.crypto.cryptoki" shared="false" uninstallMode="3"/>
<entry name="jre/legal/jdk.charsets" shared="false" uninstallMode="3"/>
<entry name="jre/legal/jdk.attach" shared="false" uninstallMode="3"/>
<entry name="jre/legal/jdk.accessibility" shared="false" uninstallMode="3"/>
<entry name="jre/legal/java.xml.crypto" shared="false" uninstallMode="3"/>
<entry name="jre/legal/java.xml" shared="false" uninstallMode="3"/>
<entry name="jre/legal/java.transaction.xa" shared="false" uninstallMode="3"/>
<entry name="jre/legal/java.sql.rowset" shared="false" uninstallMode="3"/>
<entry name="jre/legal/java.sql" shared="false" uninstallMode="3"/>
<entry name="jre/legal/java.smartcardio" shared="false" uninstallMode="3"/>
<entry name="jre/legal/java.security.sasl" shared="false" uninstallMode="3"/>
<entry name="jre/legal/java.security.jgss" shared="false" uninstallMode="3"/>
<entry name="jre/legal/java.se" shared="false" uninstallMode="3"/>
<entry name="jre/legal/java.scripting" shared="false" uninstallMode="3"/>
<entry name="jre/legal/java.rmi" shared="false" uninstallMode="3"/>
<entry name="jre/legal/java.prefs" shared="false" uninstallMode="3"/>
<entry name="jre/legal/java.net.http" shared="false" uninstallMode="3"/>
<entry name="jre/legal/java.naming" shared="false" uninstallMode="3"/>
<entry name="jre/legal/java.management.rmi" shared="false" uninstallMode="3"/>
<entry name="jre/legal/java.management" shared="false" uninstallMode="3"/>
<entry name="jre/legal/java.logging" shared="false" uninstallMode="3"/>
<entry name="jre/legal/java.instrument" shared="false" uninstallMode="3"/>
<entry name="jre/legal/java.desktop" shared="false" uninstallMode="3"/>
<entry name="jre/legal/java.datatransfer" shared="false" uninstallMode="3"/>
<entry name="jre/legal/java.compiler" shared="false" uninstallMode="3"/>
<entry name="jre/legal/java.base" shared="false" uninstallMode="3"/>
<entry name="jre/legal" shared="false" uninstallMode="3"/>
<entry name="jre/include/linux" shared="false" uninstallMode="3"/>
<entry name="jre/include" shared="false" uninstallMode="3"/>
<entry name="jre/conf/security/policy/unlimited" shared="false" uninstallMode="3"/>
<entry name="jre/conf/security/policy/limited" shared="false" uninstallMode="3"/>
<entry name="jre/conf/security/policy" shared="false" uninstallMode="3"/>
<entry name="jre/conf/security" shared="false" uninstallMode="3"/>
<entry name="jre/conf/sdp" shared="false" uninstallMode="3"/>
<entry name="jre/conf/management" shared="false" uninstallMode="3"/>
<entry name="jre/conf" shared="false" uninstallMode="3"/>
<entry name="jre/bin" shared="false" uninstallMode="3"/>
<entry name="jre" shared="false" uninstallMode="3"/>
<entry name="hermesJMS" shared="false" uninstallMode="0"/>
<entry name="bin/listeners" shared="false" uninstallMode="0"/>
<entry name="bin/ext" shared="false" uninstallMode="0"/>
<entry name="bin/actions" shared="false" uninstallMode="0"/>
<entry name="bin" shared="false" uninstallMode="0"/>
<entry name="SoapUI-Tutorials/popular-apis" shared="false" uninstallMode="0"/>
<entry name="SoapUI-Tutorials/WSDL-WADL" shared="false" uninstallMode="0"/>
<entry name="SoapUI-Tutorials" shared="false" uninstallMode="0"/>
<entry name=".install4j/user" shared="false" uninstallMode="0"/>
<entry name=".install4j" shared="false" uninstallMode="0"/>
<entry name="." shared="false" uninstallMode="0"/>
<entry name="/home/labuser/SmartBear" shared="false" uninstallMode="0"/>
<entry name="/home/labuser/.soapuios/plugins" shared="false" uninstallMode="0"/>
<entry name="/home/labuser/.soapuios" shared="false" uninstallMode="0"/>
</createdDirs>
</fileLog>
