[INFO] Logger started at 2025-06-14 11:05:42
[INFO] Executable name: /home/labuser/Downloads/SoapUI-x64-5.8.0.sh
[INFO] install4j version: 10.0.5 (build 10082)
[INFO] Properties: 
-- listing properties --
java.specification.version=17
install4j.launcherId=7998
sun.jnu.encoding=UTF-8
java.class.path=i4jruntime.jar:launcher0.jar
sun.awt.enableExtraMouseButtons=true
java.vm.vendor=BellSoft
sun.arch.data.model=64
install4j.exeDir=/home/labuser/Downloads/
sun.font.fontmanager=sun.awt.X11FontManager
java.vendor.url=https://bell-sw.com/
user.timezone=Etc/UTC
java.vm.specification.version=17
os.name=Linux
sun.java.launcher=SUN_STANDARD
sun.boot.library.path=/home/labuser/Downloads/SoapUI-x64-5....
sun.java.command=install4j.Installer1075247604
jdk.debug=release
sun.cpu.endian=little
user.home=/home/labuser
user.language=en
jdk.http.auth.tunneling.disabledSchemes=
sun.stderr.encoding=UTF-8
java.specification.vendor=Oracle Corporation
java.version.date=2024-07-16
java.home=/home/labuser/Downloads/SoapUI-x64-5....
file.separator=/
java.vm.compressedOopsMode=32-bit
line.separator=

sun.stdout.encoding=UTF-8
java.vm.specification.vendor=Oracle Corporation
java.specification.name=Java Platform API Specification
jdk.lang.Process.allowAmbiguousCommands=false
exe4j.moduleName=/home/labuser/Downloads/SoapUI-x64-5....
sun.management.compiler=HotSpot 64-Bit Tiered Compilers
java.runtime.version=17.0.12+10-LTS
user.name=labuser
path.separator=:
java.net.useSystemProxies=true
os.version=6.5.0-1020-aws
java.runtime.name=OpenJDK Runtime Environment
file.encoding=UTF-8
java.vm.name=OpenJDK 64-Bit Server VM
install4j.jvmDir=/home/labuser/Downloads/SoapUI-x64-5....
install4j.cwd=/home/labuser/Downloads
install4j.appDir=/home/labuser/Downloads/
java.vendor.url.bug=https://bell-sw.com/support
java.io.tmpdir=/tmp
java.version=17.0.12
user.dir=/home/labuser/Downloads/SoapUI-x64-5....
os.arch=amd64
java.vm.specification.name=Java Virtual Machine Specification
exe4j.totalDataLength=202296676
native.encoding=UTF-8
java.library.path=/home/labuser/Downloads/SoapUI-x64-5....
java.vm.info=mixed mode
java.vendor=BellSoft
java.vm.version=17.0.12+10-LTS
sun.io.unicode.encoding=UnicodeLittle
java.class.version=61.0
install4j.swt=false
[INFO] Variable changed: sys.resolveUserSpecificInstallationDir=true[class java.lang.String]
[INFO] com.install4j.runtime.beans.actions.misc.RequestPrivilegesAction [ID 4626]: Execute action
       Property linuxPrivilegeRequirement: None
       Property failIfNotObtainedLinux: false
       Property failIfNotObtainedMac: true
       Property failIfNotObtainedWin: true
       Property failIfNotRootUnix: false
       Property obtainIfAdminMac: false
       Property obtainIfAdminWin: true
       Property obtainIfNormalMac: false
       Property obtainIfNormalWin: false
       Property rollbackSupported: false
       Property updateInstallationDirectory: true
       Execute action successful after 3 ms
[INFO] com.install4j.runtime.beans.actions.control.SetVariableAction [ID 186]: Execute action
       Property script: com.install4j.script.I4jScript_Internal_143
       Property variableName: xmx
       Property failIfNull: false
       Property onlyIfUndefined: false
       Property responseFileVariable: false
       Property rollbackSupported: false
       Variable changed: xmx=1000[class java.lang.Long]
       Execute action successful after 17 ms
[INFO] com.install4j.runtime.beans.screens.StartupScreen [ID 1]: command: move 1 screens, executing actions, checking condition
[INFO] com.install4j.runtime.beans.screens.WelcomeScreen [ID 2]: Show screen
[INFO] com.install4j.runtime.beans.screens.WelcomeScreen [ID 2]: command: move 1 screens, executing actions, checking condition
[INFO] com.install4j.runtime.beans.screens.InstallationDirectoryScreen [ID 3]: Show screen
       checking writable with maximum
[INFO] com.install4j.runtime.beans.actions.misc.LoadResponseFileAction [ID 4]: Execute action
       Property excludedVariables: null
       Property file: null
       Property overwriteStrategy: Do not overwrite command line
       Property registerForResponseFile: true
       Property rollbackSupported: false
       Response file /home/labuser/SmartBear/SoapUI-5.8.0/.install4j/response.varfile does not exist
       Execute action successful after 2 ms
[INFO] com.install4j.runtime.beans.screens.InstallationDirectoryScreen [ID 3]: command: move 1 screens, executing actions, checking condition
[INFO] com.install4j.runtime.beans.screens.ComponentsScreen [ID 5]: Show screen
[INFO] com.install4j.runtime.beans.actions.control.SetVariableAction [ID 2394]: Execute action
       Property script: com.install4j.script.I4jScript_Internal_149
       Property variableName: installTutorials
       Property failIfNull: false
       Property onlyIfUndefined: false
       Property responseFileVariable: false
       Property rollbackSupported: false
       Variable changed: installTutorials=true[class java.lang.Boolean]
       Execute action successful after 1 ms
[INFO] com.install4j.runtime.beans.screens.ComponentsScreen [ID 5]: command: move 1 screens, executing actions, checking condition
[INFO] com.install4j.runtime.beans.screens.LicenseScreen [ID 1478]: Show screen
[INFO] com.install4j.runtime.beans.screens.LicenseScreen [ID 1478]: command: move 1 screens, executing actions, checking condition
[INFO] com.install4j.runtime.beans.screens.FormScreen [ID 2395]: Show screen
       checking writable with maximum
       Variable changed: tutorialsLocation=/home/labuser/SoapUI-Tutorials[class java.lang.String]
[INFO] com.install4j.runtime.beans.screens.FormScreen [ID 2395]: command: move 1 screens, executing actions, checking condition
[INFO] com.install4j.runtime.beans.screens.StandardProgramGroupScreen [ID 6]: Show screen
       Variable changed: sys.symlinkDir=/usr/local/bin[class java.lang.String]
       Variable changed: sys.programGroupDisabled=false[class java.lang.Boolean]
[INFO] com.install4j.runtime.beans.screens.StandardProgramGroupScreen [ID 6]: command: move 1 screens, executing actions, checking condition
[INFO] com.install4j.runtime.beans.screens.AdditionalConfirmationsScreen [ID 430]: Show screen
       Variable changed: createDesktopLinkAction=true[class java.lang.Boolean]
[INFO] com.install4j.runtime.beans.screens.AdditionalConfirmationsScreen [ID 430]: command: move 1 screens, executing actions, checking condition
[INFO] com.install4j.runtime.beans.screens.InstallationScreen [ID 7]: Show screen
[INFO] com.install4j.runtime.beans.actions.control.SetVariableAction [ID 1477]: Execute action
       Property script: com.install4j.script.I4jScript_Internal_157
       Property variableName: FILE_SEPARATOR
       Property failIfNull: false
       Property onlyIfUndefined: false
       Property responseFileVariable: false
       Property rollbackSupported: false
       Variable changed: FILE_SEPARATOR=/[class java.lang.String]
       Execute action successful after 2 ms
[INFO] com.install4j.runtime.beans.actions.control.SetVariableAction [ID 1337]: Execute action
       Property script: com.install4j.script.I4jScript_Internal_158
       Property variableName: EXTENSION
       Property failIfNull: false
       Property onlyIfUndefined: false
       Property responseFileVariable: false
       Property rollbackSupported: false
       Variable changed: EXTENSION=sh[class java.lang.String]
       Execute action successful after 1 ms
[INFO] com.install4j.runtime.beans.actions.UninstallPreviousAction [ID 4298]: Execute action
       Property installationDirectory: null
       Property installerVariables: {}
       Property logFiles: []
       Property onlyIfSameApplicationId: true
       Property rollbackSupported: false
       Property uninstallServices: true
       checking running processes
       checking running processes ok
       previous installation id at /home/labuser/SmartBear/SoapUI-5.8.0: null
       no previous installation detected, uninstaller was not started
       finished
       Execute action successful after 2 ms
[INFO] com.install4j.runtime.beans.actions.InstallFilesAction [ID 8]: Execute action
       Property directoryResolverScript: null
       Property fileFilterScript: null
       Property sizeCalculatorScript: null
       Property acceptAllCertificates: false
       Property checkFreeSpace: true
       Property delay: false
       Property installRuntime: true
       Property rollbackSupported: true
       Property saveDownloadedFiles: false
       Property showFileNames: true
       Property triggerReboot: true
       Property validateApplicationId: false
       Component SoapUI[132]; Selected: true
       Component Source[714]; Selected: true
       Component HermesJMS[1263]; Selected: true
       Component Tutorials[2393]; Selected: true
       Install file: /home/labuser/SmartBear/SoapUI-5.8.0/jre/bin/java; size: 12992 bytes; exists: false
       File options set to: [fileTime: Mon Oct 14 10:02:40 UTC 2024, mode: 755, overwriteMode: Always ask except for update, shared: false, uninstallMode: If created, but not for update, delayIfNecessary: false]
       Install file: /home/labuser/SmartBear/SoapUI-5.8.0/jre/bin/jfr; size: 13016 bytes; exists: false
       File options set to: [fileTime: Mon Oct 14 10:02:41 UTC 2024, mode: 755, overwriteMode: Always ask except for update, shared: false, uninstallMode: If created, but not for update, delayIfNecessary: false]
       Install file: /home/labuser/SmartBear/SoapUI-5.8.0/jre/bin/jrunscript; size: 13056 bytes; exists: false
       Install file: /home/labuser/SmartBear/SoapUI-5.8.0/jre/bin/keytool; size: 13016 bytes; exists: false
       File options set to: [fileTime: Mon Oct 14 10:02:40 UTC 2024, mode: 755, overwriteMode: Always ask except for update, shared: false, uninstallMode: If created, but not for update, delayIfNecessary: false]
       Install file: /home/labuser/SmartBear/SoapUI-5.8.0/jre/bin/rmiregistry; size: 13024 bytes; exists: false
       File options set to: [fileTime: Mon Oct 14 10:02:41 UTC 2024, mode: 755, overwriteMode: Always ask except for update, shared: false, uninstallMode: If created, but not for update, delayIfNecessary: false]
       Install file: /home/labuser/SmartBear/SoapUI-5.8.0/jre/conf/logging.properties; size: 2732 bytes; exists: false
       File options set to: [fileTime: Mon Oct 14 10:02:41 UTC 2024, mode: 644, overwriteMode: Always ask except for update, shared: false, uninstallMode: If created, but not for update, delayIfNecessary: false]
       Install file: /home/labuser/SmartBear/SoapUI-5.8.0/jre/conf/management/jmxremote.access; size: 3997 bytes; exists: false
       Install file: /home/labuser/SmartBear/SoapUI-5.8.0/jre/conf/management/jmxremote.password.template; size: 5690 bytes; exists: false
       Install file: /home/labuser/SmartBear/SoapUI-5.8.0/jre/conf/management/management.properties; size: 14410 bytes; exists: false
       Install file: /home/labuser/SmartBear/SoapUI-5.8.0/jre/conf/net.properties; size: 6608 bytes; exists: false
       File options set to: [fileTime: Mon Oct 14 10:02:40 UTC 2024, mode: 644, overwriteMode: Always ask except for update, shared: false, uninstallMode: If created, but not for update, delayIfNecessary: false]
       Install file: /home/labuser/SmartBear/SoapUI-5.8.0/jre/conf/sdp/sdp.conf.template; size: 1455 bytes; exists: false
       Install file: /home/labuser/SmartBear/SoapUI-5.8.0/jre/conf/security/java.policy; size: 2180 bytes; exists: false
       Install file: /home/labuser/SmartBear/SoapUI-5.8.0/jre/conf/security/java.security; size: 57930 bytes; exists: false
       Install file: /home/labuser/SmartBear/SoapUI-5.8.0/jre/conf/security/policy/README.txt; size: 2390 bytes; exists: false
       Install file: /home/labuser/SmartBear/SoapUI-5.8.0/jre/conf/security/policy/limited/default_US_export.policy; size: 146 bytes; exists: false
       Install file: /home/labuser/SmartBear/SoapUI-5.8.0/jre/conf/security/policy/limited/default_local.policy; size: 647 bytes; exists: false
       Install file: /home/labuser/SmartBear/SoapUI-5.8.0/jre/conf/security/policy/limited/exempt_local.policy; size: 566 bytes; exists: false
       Install file: /home/labuser/SmartBear/SoapUI-5.8.0/jre/conf/security/policy/unlimited/default_US_export.policy; size: 146 bytes; exists: false
       Install file: /home/labuser/SmartBear/SoapUI-5.8.0/jre/conf/security/policy/unlimited/default_local.policy; size: 193 bytes; exists: false
       Install file: /home/labuser/SmartBear/SoapUI-5.8.0/jre/conf/sound.properties; size: 1210 bytes; exists: false
       Install file: /home/labuser/SmartBear/SoapUI-5.8.0/jre/include/classfile_constants.h; size: 22155 bytes; exists: false
       Install file: /home/labuser/SmartBear/SoapUI-5.8.0/jre/include/jawt.h; size: 12458 bytes; exists: false
       Install file: /home/labuser/SmartBear/SoapUI-5.8.0/jre/include/jdwpTransport.h; size: 8151 bytes; exists: false
       File options set to: [fileTime: Mon Oct 14 10:02:41 UTC 2024, mode: 644, overwriteMode: Always ask except for update, shared: false, uninstallMode: If created, but not for update, delayIfNecessary: false]
       Install file: /home/labuser/SmartBear/SoapUI-5.8.0/jre/include/jni.h; size: 75678 bytes; exists: false
       File options set to: [fileTime: Mon Oct 14 10:02:40 UTC 2024, mode: 644, overwriteMode: Always ask except for update, shared: false, uninstallMode: If created, but not for update, delayIfNecessary: false]
       Install file: /home/labuser/SmartBear/SoapUI-5.8.0/jre/include/jvmti.h; size: 81725 bytes; exists: false
       Install file: /home/labuser/SmartBear/SoapUI-5.8.0/jre/include/jvmticmlr.h; size: 4771 bytes; exists: false
       Install file: /home/labuser/SmartBear/SoapUI-5.8.0/jre/include/linux/jawt_md.h; size: 1965 bytes; exists: false
       Install file: /home/labuser/SmartBear/SoapUI-5.8.0/jre/include/linux/jni_md.h; size: 2208 bytes; exists: false
       Install file: /home/labuser/SmartBear/SoapUI-5.8.0/jre/legal/java.base/ADDITIONAL_LICENSE_INFO; size: 2114 bytes; exists: false
       File options set to: [fileTime: Mon Oct 14 10:02:41 UTC 2024, mode: 644, overwriteMode: Always ask except for update, shared: false, uninstallMode: If created, but not for update, delayIfNecessary: false]
       Install file: /home/labuser/SmartBear/SoapUI-5.8.0/jre/legal/java.base/ASSEMBLY_EXCEPTION; size: 1522 bytes; exists: false
       Install file: /home/labuser/SmartBear/SoapUI-5.8.0/jre/legal/java.base/LICENSE; size: 19274 bytes; exists: false
       Install file: /home/labuser/SmartBear/SoapUI-5.8.0/jre/legal/java.base/aes.md; size: 1444 bytes; exists: false
       Install file: /home/labuser/SmartBear/SoapUI-5.8.0/jre/legal/java.base/asm.md; size: 1584 bytes; exists: false
       Install file: /home/labuser/SmartBear/SoapUI-5.8.0/jre/legal/java.base/c-libutl.md; size: 1556 bytes; exists: false
       Install file: /home/labuser/SmartBear/SoapUI-5.8.0/jre/legal/java.base/cldr.md; size: 9130 bytes; exists: false
       Install file: /home/labuser/SmartBear/SoapUI-5.8.0/jre/legal/java.base/icu.md; size: 11086 bytes; exists: false
       Install file: /home/labuser/SmartBear/SoapUI-5.8.0/jre/legal/java.base/public_suffix.md; size: 17785 bytes; exists: false
       Install file: /home/labuser/SmartBear/SoapUI-5.8.0/jre/legal/java.base/siphash.md; size: 8256 bytes; exists: false
       Install file: /home/labuser/SmartBear/SoapUI-5.8.0/jre/legal/java.base/unicode.md; size: 2384 bytes; exists: false
       Install file: /home/labuser/SmartBear/SoapUI-5.8.0/jre/legal/java.compiler/ADDITIONAL_LICENSE_INFO; size: 49 bytes; exists: false
       Install file: /home/labuser/SmartBear/SoapUI-5.8.0/jre/legal/java.compiler/ASSEMBLY_EXCEPTION; size: 44 bytes; exists: false
       Install file: /home/labuser/SmartBear/SoapUI-5.8.0/jre/legal/java.compiler/LICENSE; size: 33 bytes; exists: false
       Install file: /home/labuser/SmartBear/SoapUI-5.8.0/jre/legal/java.datatransfer/ADDITIONAL_LICENSE_INFO; size: 49 bytes; exists: false
       Install file: /home/labuser/SmartBear/SoapUI-5.8.0/jre/legal/java.datatransfer/ASSEMBLY_EXCEPTION; size: 44 bytes; exists: false
       Install file: /home/labuser/SmartBear/SoapUI-5.8.0/jre/legal/java.datatransfer/LICENSE; size: 33 bytes; exists: false
       Install file: /home/labuser/SmartBear/SoapUI-5.8.0/jre/legal/java.desktop/ADDITIONAL_LICENSE_INFO; size: 49 bytes; exists: false
       Install file: /home/labuser/SmartBear/SoapUI-5.8.0/jre/legal/java.desktop/ASSEMBLY_EXCEPTION; size: 44 bytes; exists: false
       Install file: /home/labuser/SmartBear/SoapUI-5.8.0/jre/legal/java.desktop/LICENSE; size: 33 bytes; exists: false
       Install file: /home/labuser/SmartBear/SoapUI-5.8.0/jre/legal/java.desktop/colorimaging.md; size: 167 bytes; exists: false
       Install file: /home/labuser/SmartBear/SoapUI-5.8.0/jre/legal/java.desktop/freetype.md; size: 30422 bytes; exists: false
       Install file: /home/labuser/SmartBear/SoapUI-5.8.0/jre/legal/java.desktop/giflib.md; size: 1288 bytes; exists: false
       Install file: /home/labuser/SmartBear/SoapUI-5.8.0/jre/legal/java.desktop/harfbuzz.md; size: 3627 bytes; exists: false
       Install file: /home/labuser/SmartBear/SoapUI-5.8.0/jre/legal/java.desktop/jpeg.md; size: 3475 bytes; exists: false
       Install file: /home/labuser/SmartBear/SoapUI-5.8.0/jre/legal/java.desktop/lcms.md; size: 2544 bytes; exists: false
       Install file: /home/labuser/SmartBear/SoapUI-5.8.0/jre/legal/java.desktop/libpng.md; size: 6980 bytes; exists: false
       Install file: /home/labuser/SmartBear/SoapUI-5.8.0/jre/legal/java.desktop/mesa3d.md; size: 5732 bytes; exists: false
       Install file: /home/labuser/SmartBear/SoapUI-5.8.0/jre/legal/java.desktop/xwd.md; size: 1348 bytes; exists: false
       Install file: /home/labuser/SmartBear/SoapUI-5.8.0/jre/legal/java.instrument/ADDITIONAL_LICENSE_INFO; size: 49 bytes; exists: false
       Install file: /home/labuser/SmartBear/SoapUI-5.8.0/jre/legal/java.instrument/ASSEMBLY_EXCEPTION; size: 44 bytes; exists: false
       Install file: /home/labuser/SmartBear/SoapUI-5.8.0/jre/legal/java.instrument/LICENSE; size: 33 bytes; exists: false
       Install file: /home/labuser/SmartBear/SoapUI-5.8.0/jre/legal/java.logging/ADDITIONAL_LICENSE_INFO; size: 49 bytes; exists: false
       Install file: /home/labuser/SmartBear/SoapUI-5.8.0/jre/legal/java.logging/ASSEMBLY_EXCEPTION; size: 44 bytes; exists: false
       Install file: /home/labuser/SmartBear/SoapUI-5.8.0/jre/legal/java.logging/LICENSE; size: 33 bytes; exists: false
       Install file: /home/labuser/SmartBear/SoapUI-5.8.0/jre/legal/java.management.rmi/ADDITIONAL_LICENSE_INFO; size: 49 bytes; exists: false
       Install file: /home/labuser/SmartBear/SoapUI-5.8.0/jre/legal/java.management.rmi/ASSEMBLY_EXCEPTION; size: 44 bytes; exists: false
       Install file: /home/labuser/SmartBear/SoapUI-5.8.0/jre/legal/java.management.rmi/LICENSE; size: 33 bytes; exists: false
       Install file: /home/labuser/SmartBear/SoapUI-5.8.0/jre/legal/java.management/ADDITIONAL_LICENSE_INFO; size: 49 bytes; exists: false
       Install file: /home/labuser/SmartBear/SoapUI-5.8.0/jre/legal/java.management/ASSEMBLY_EXCEPTION; size: 44 bytes; exists: false
       Install file: /home/labuser/SmartBear/SoapUI-5.8.0/jre/legal/java.management/LICENSE; size: 33 bytes; exists: false
       Install file: /home/labuser/SmartBear/SoapUI-5.8.0/jre/legal/java.naming/ADDITIONAL_LICENSE_INFO; size: 49 bytes; exists: false
       Install file: /home/labuser/SmartBear/SoapUI-5.8.0/jre/legal/java.naming/ASSEMBLY_EXCEPTION; size: 44 bytes; exists: false
       Install file: /home/labuser/SmartBear/SoapUI-5.8.0/jre/legal/java.naming/LICENSE; size: 33 bytes; exists: false
       Install file: /home/labuser/SmartBear/SoapUI-5.8.0/jre/legal/java.net.http/ADDITIONAL_LICENSE_INFO; size: 49 bytes; exists: false
       Install file: /home/labuser/SmartBear/SoapUI-5.8.0/jre/legal/java.net.http/ASSEMBLY_EXCEPTION; size: 44 bytes; exists: false
       Install file: /home/labuser/SmartBear/SoapUI-5.8.0/jre/legal/java.net.http/LICENSE; size: 33 bytes; exists: false
       Install file: /home/labuser/SmartBear/SoapUI-5.8.0/jre/legal/java.prefs/ADDITIONAL_LICENSE_INFO; size: 49 bytes; exists: false
       Install file: /home/labuser/SmartBear/SoapUI-5.8.0/jre/legal/java.prefs/ASSEMBLY_EXCEPTION; size: 44 bytes; exists: false
       Install file: /home/labuser/SmartBear/SoapUI-5.8.0/jre/legal/java.prefs/LICENSE; size: 33 bytes; exists: false
       Install file: /home/labuser/SmartBear/SoapUI-5.8.0/jre/legal/java.rmi/ADDITIONAL_LICENSE_INFO; size: 49 bytes; exists: false
       Install file: /home/labuser/SmartBear/SoapUI-5.8.0/jre/legal/java.rmi/ASSEMBLY_EXCEPTION; size: 44 bytes; exists: false
       Install file: /home/labuser/SmartBear/SoapUI-5.8.0/jre/legal/java.rmi/LICENSE; size: 33 bytes; exists: false
       Install file: /home/labuser/SmartBear/SoapUI-5.8.0/jre/legal/java.scripting/ADDITIONAL_LICENSE_INFO; size: 49 bytes; exists: false
       Install file: /home/labuser/SmartBear/SoapUI-5.8.0/jre/legal/java.scripting/ASSEMBLY_EXCEPTION; size: 44 bytes; exists: false
       Install file: /home/labuser/SmartBear/SoapUI-5.8.0/jre/legal/java.scripting/LICENSE; size: 33 bytes; exists: false
       Install file: /home/labuser/SmartBear/SoapUI-5.8.0/jre/legal/java.se/ADDITIONAL_LICENSE_INFO; size: 49 bytes; exists: false
       Install file: /home/labuser/SmartBear/SoapUI-5.8.0/jre/legal/java.se/ASSEMBLY_EXCEPTION; size: 44 bytes; exists: false
       Install file: /home/labuser/SmartBear/SoapUI-5.8.0/jre/legal/java.se/LICENSE; size: 33 bytes; exists: false
       Install file: /home/labuser/SmartBear/SoapUI-5.8.0/jre/legal/java.security.jgss/ADDITIONAL_LICENSE_INFO; size: 49 bytes; exists: false
       Install file: /home/labuser/SmartBear/SoapUI-5.8.0/jre/legal/java.security.jgss/ASSEMBLY_EXCEPTION; size: 44 bytes; exists: false
       Install file: /home/labuser/SmartBear/SoapUI-5.8.0/jre/legal/java.security.jgss/LICENSE; size: 33 bytes; exists: false
       Install file: /home/labuser/SmartBear/SoapUI-5.8.0/jre/legal/java.security.sasl/ADDITIONAL_LICENSE_INFO; size: 49 bytes; exists: false
       Install file: /home/labuser/SmartBear/SoapUI-5.8.0/jre/legal/java.security.sasl/ASSEMBLY_EXCEPTION; size: 44 bytes; exists: false
       Install file: /home/labuser/SmartBear/SoapUI-5.8.0/jre/legal/java.security.sasl/LICENSE; size: 33 bytes; exists: false
       Install file: /home/labuser/SmartBear/SoapUI-5.8.0/jre/legal/java.smartcardio/ADDITIONAL_LICENSE_INFO; size: 49 bytes; exists: false
       Install file: /home/labuser/SmartBear/SoapUI-5.8.0/jre/legal/java.smartcardio/ASSEMBLY_EXCEPTION; size: 44 bytes; exists: false
       Install file: /home/labuser/SmartBear/SoapUI-5.8.0/jre/legal/java.smartcardio/LICENSE; size: 33 bytes; exists: false
       Install file: /home/labuser/SmartBear/SoapUI-5.8.0/jre/legal/java.smartcardio/pcsclite.md; size: 2155 bytes; exists: false
       Install file: /home/labuser/SmartBear/SoapUI-5.8.0/jre/legal/java.sql.rowset/ADDITIONAL_LICENSE_INFO; size: 49 bytes; exists: false
       Install file: /home/labuser/SmartBear/SoapUI-5.8.0/jre/legal/java.sql.rowset/ASSEMBLY_EXCEPTION; size: 44 bytes; exists: false
       Install file: /home/labuser/SmartBear/SoapUI-5.8.0/jre/legal/java.sql.rowset/LICENSE; size: 33 bytes; exists: false
       Install file: /home/labuser/SmartBear/SoapUI-5.8.0/jre/legal/java.sql/ADDITIONAL_LICENSE_INFO; size: 49 bytes; exists: false
       Install file: /home/labuser/SmartBear/SoapUI-5.8.0/jre/legal/java.sql/ASSEMBLY_EXCEPTION; size: 44 bytes; exists: false
       Install file: /home/labuser/SmartBear/SoapUI-5.8.0/jre/legal/java.sql/LICENSE; size: 33 bytes; exists: false
       Install file: /home/labuser/SmartBear/SoapUI-5.8.0/jre/legal/java.transaction.xa/ADDITIONAL_LICENSE_INFO; size: 49 bytes; exists: false
       Install file: /home/labuser/SmartBear/SoapUI-5.8.0/jre/legal/java.transaction.xa/ASSEMBLY_EXCEPTION; size: 44 bytes; exists: false
       Install file: /home/labuser/SmartBear/SoapUI-5.8.0/jre/legal/java.transaction.xa/LICENSE; size: 33 bytes; exists: false
       Install file: /home/labuser/SmartBear/SoapUI-5.8.0/jre/legal/java.xml.crypto/ADDITIONAL_LICENSE_INFO; size: 49 bytes; exists: false
       Install file: /home/labuser/SmartBear/SoapUI-5.8.0/jre/legal/java.xml.crypto/ASSEMBLY_EXCEPTION; size: 44 bytes; exists: false
       Install file: /home/labuser/SmartBear/SoapUI-5.8.0/jre/legal/java.xml.crypto/LICENSE; size: 33 bytes; exists: false
       Install file: /home/labuser/SmartBear/SoapUI-5.8.0/jre/legal/java.xml.crypto/santuario.md; size: 11499 bytes; exists: false
       Install file: /home/labuser/SmartBear/SoapUI-5.8.0/jre/legal/java.xml/ADDITIONAL_LICENSE_INFO; size: 49 bytes; exists: false
       Install file: /home/labuser/SmartBear/SoapUI-5.8.0/jre/legal/java.xml/ASSEMBLY_EXCEPTION; size: 44 bytes; exists: false
       Install file: /home/labuser/SmartBear/SoapUI-5.8.0/jre/legal/java.xml/LICENSE; size: 33 bytes; exists: false
       Install file: /home/labuser/SmartBear/SoapUI-5.8.0/jre/legal/java.xml/bcel.md; size: 11195 bytes; exists: false
       Install file: /home/labuser/SmartBear/SoapUI-5.8.0/jre/legal/java.xml/dom.md; size: 3761 bytes; exists: false
       Install file: /home/labuser/SmartBear/SoapUI-5.8.0/jre/legal/java.xml/jcup.md; size: 1448 bytes; exists: false
       Install file: /home/labuser/SmartBear/SoapUI-5.8.0/jre/legal/java.xml/xalan.md; size: 13494 bytes; exists: false
       Install file: /home/labuser/SmartBear/SoapUI-5.8.0/jre/legal/java.xml/xerces.md; size: 11852 bytes; exists: false
       Install file: /home/labuser/SmartBear/SoapUI-5.8.0/jre/legal/jdk.accessibility/ADDITIONAL_LICENSE_INFO; size: 49 bytes; exists: false
       Install file: /home/labuser/SmartBear/SoapUI-5.8.0/jre/legal/jdk.accessibility/ASSEMBLY_EXCEPTION; size: 44 bytes; exists: false
       Install file: /home/labuser/SmartBear/SoapUI-5.8.0/jre/legal/jdk.accessibility/LICENSE; size: 33 bytes; exists: false
       Install file: /home/labuser/SmartBear/SoapUI-5.8.0/jre/legal/jdk.attach/ADDITIONAL_LICENSE_INFO; size: 49 bytes; exists: false
       Install file: /home/labuser/SmartBear/SoapUI-5.8.0/jre/legal/jdk.attach/ASSEMBLY_EXCEPTION; size: 44 bytes; exists: false
       Install file: /home/labuser/SmartBear/SoapUI-5.8.0/jre/legal/jdk.attach/LICENSE; size: 33 bytes; exists: false
       Install file: /home/labuser/SmartBear/SoapUI-5.8.0/jre/legal/jdk.charsets/ADDITIONAL_LICENSE_INFO; size: 49 bytes; exists: false
       Install file: /home/labuser/SmartBear/SoapUI-5.8.0/jre/legal/jdk.charsets/ASSEMBLY_EXCEPTION; size: 44 bytes; exists: false
       Install file: /home/labuser/SmartBear/SoapUI-5.8.0/jre/legal/jdk.charsets/LICENSE; size: 33 bytes; exists: false
       Install file: /home/labuser/SmartBear/SoapUI-5.8.0/jre/legal/jdk.crypto.cryptoki/ADDITIONAL_LICENSE_INFO; size: 49 bytes; exists: false
       Install file: /home/labuser/SmartBear/SoapUI-5.8.0/jre/legal/jdk.crypto.cryptoki/ASSEMBLY_EXCEPTION; size: 44 bytes; exists: false
       Install file: /home/labuser/SmartBear/SoapUI-5.8.0/jre/legal/jdk.crypto.cryptoki/LICENSE; size: 33 bytes; exists: false
       Install file: /home/labuser/SmartBear/SoapUI-5.8.0/jre/legal/jdk.crypto.cryptoki/pkcs11cryptotoken.md; size: 3923 bytes; exists: false
       Install file: /home/labuser/SmartBear/SoapUI-5.8.0/jre/legal/jdk.crypto.cryptoki/pkcs11wrapper.md; size: 2131 bytes; exists: false
       Install file: /home/labuser/SmartBear/SoapUI-5.8.0/jre/legal/jdk.crypto.ec/ADDITIONAL_LICENSE_INFO; size: 49 bytes; exists: false
       Install file: /home/labuser/SmartBear/SoapUI-5.8.0/jre/legal/jdk.crypto.ec/ASSEMBLY_EXCEPTION; size: 44 bytes; exists: false
       Install file: /home/labuser/SmartBear/SoapUI-5.8.0/jre/legal/jdk.crypto.ec/LICENSE; size: 33 bytes; exists: false
       Install file: /home/labuser/SmartBear/SoapUI-5.8.0/jre/legal/jdk.dynalink/ADDITIONAL_LICENSE_INFO; size: 49 bytes; exists: false
       Install file: /home/labuser/SmartBear/SoapUI-5.8.0/jre/legal/jdk.dynalink/ASSEMBLY_EXCEPTION; size: 44 bytes; exists: false
       Install file: /home/labuser/SmartBear/SoapUI-5.8.0/jre/legal/jdk.dynalink/LICENSE; size: 33 bytes; exists: false
       Install file: /home/labuser/SmartBear/SoapUI-5.8.0/jre/legal/jdk.dynalink/dynalink.md; size: 1502 bytes; exists: false
       Install file: /home/labuser/SmartBear/SoapUI-5.8.0/jre/legal/jdk.httpserver/ADDITIONAL_LICENSE_INFO; size: 49 bytes; exists: false
       Install file: /home/labuser/SmartBear/SoapUI-5.8.0/jre/legal/jdk.httpserver/ASSEMBLY_EXCEPTION; size: 44 bytes; exists: false
       Install file: /home/labuser/SmartBear/SoapUI-5.8.0/jre/legal/jdk.httpserver/LICENSE; size: 33 bytes; exists: false
       Install file: /home/labuser/SmartBear/SoapUI-5.8.0/jre/legal/jdk.internal.ed/ADDITIONAL_LICENSE_INFO; size: 49 bytes; exists: false
       Install file: /home/labuser/SmartBear/SoapUI-5.8.0/jre/legal/jdk.internal.ed/ASSEMBLY_EXCEPTION; size: 44 bytes; exists: false
       Install file: /home/labuser/SmartBear/SoapUI-5.8.0/jre/legal/jdk.internal.ed/LICENSE; size: 33 bytes; exists: false
       Install file: /home/labuser/SmartBear/SoapUI-5.8.0/jre/legal/jdk.internal.jvmstat/ADDITIONAL_LICENSE_INFO; size: 49 bytes; exists: false
       Install file: /home/labuser/SmartBear/SoapUI-5.8.0/jre/legal/jdk.internal.jvmstat/ASSEMBLY_EXCEPTION; size: 44 bytes; exists: false
       Install file: /home/labuser/SmartBear/SoapUI-5.8.0/jre/legal/jdk.internal.jvmstat/LICENSE; size: 33 bytes; exists: false
       Install file: /home/labuser/SmartBear/SoapUI-5.8.0/jre/legal/jdk.internal.le/ADDITIONAL_LICENSE_INFO; size: 49 bytes; exists: false
       Install file: /home/labuser/SmartBear/SoapUI-5.8.0/jre/legal/jdk.internal.le/ASSEMBLY_EXCEPTION; size: 44 bytes; exists: false
       Install file: /home/labuser/SmartBear/SoapUI-5.8.0/jre/legal/jdk.internal.le/LICENSE; size: 33 bytes; exists: false
       Install file: /home/labuser/SmartBear/SoapUI-5.8.0/jre/legal/jdk.internal.le/jline.md; size: 1579 bytes; exists: false
       Install file: /home/labuser/SmartBear/SoapUI-5.8.0/jre/legal/jdk.internal.vm.ci/ADDITIONAL_LICENSE_INFO; size: 49 bytes; exists: false
       Install file: /home/labuser/SmartBear/SoapUI-5.8.0/jre/legal/jdk.internal.vm.ci/ASSEMBLY_EXCEPTION; size: 44 bytes; exists: false
       Install file: /home/labuser/SmartBear/SoapUI-5.8.0/jre/legal/jdk.internal.vm.ci/LICENSE; size: 33 bytes; exists: false
       Install file: /home/labuser/SmartBear/SoapUI-5.8.0/jre/legal/jdk.internal.vm.compiler.management/ADDITIONAL_LICENSE_INFO; size: 49 bytes; exists: false
       Install file: /home/labuser/SmartBear/SoapUI-5.8.0/jre/legal/jdk.internal.vm.compiler.management/ASSEMBLY_EXCEPTION; size: 44 bytes; exists: false
       Install file: /home/labuser/SmartBear/SoapUI-5.8.0/jre/legal/jdk.internal.vm.compiler.management/LICENSE; size: 33 bytes; exists: false
       Install file: /home/labuser/SmartBear/SoapUI-5.8.0/jre/legal/jdk.internal.vm.compiler/ADDITIONAL_LICENSE_INFO; size: 49 bytes; exists: false
       Install file: /home/labuser/SmartBear/SoapUI-5.8.0/jre/legal/jdk.internal.vm.compiler/ASSEMBLY_EXCEPTION; size: 44 bytes; exists: false
       Install file: /home/labuser/SmartBear/SoapUI-5.8.0/jre/legal/jdk.internal.vm.compiler/LICENSE; size: 33 bytes; exists: false
       Install file: /home/labuser/SmartBear/SoapUI-5.8.0/jre/legal/jdk.jdwp.agent/ADDITIONAL_LICENSE_INFO; size: 49 bytes; exists: false
       Install file: /home/labuser/SmartBear/SoapUI-5.8.0/jre/legal/jdk.jdwp.agent/ASSEMBLY_EXCEPTION; size: 44 bytes; exists: false
       Install file: /home/labuser/SmartBear/SoapUI-5.8.0/jre/legal/jdk.jdwp.agent/LICENSE; size: 33 bytes; exists: false
       Install file: /home/labuser/SmartBear/SoapUI-5.8.0/jre/legal/jdk.jfr/ADDITIONAL_LICENSE_INFO; size: 49 bytes; exists: false
       Install file: /home/labuser/SmartBear/SoapUI-5.8.0/jre/legal/jdk.jfr/ASSEMBLY_EXCEPTION; size: 44 bytes; exists: false
       Install file: /home/labuser/SmartBear/SoapUI-5.8.0/jre/legal/jdk.jfr/LICENSE; size: 33 bytes; exists: false
       Install file: /home/labuser/SmartBear/SoapUI-5.8.0/jre/legal/jdk.jsobject/ADDITIONAL_LICENSE_INFO; size: 49 bytes; exists: false
       Install file: /home/labuser/SmartBear/SoapUI-5.8.0/jre/legal/jdk.jsobject/ASSEMBLY_EXCEPTION; size: 44 bytes; exists: false
       Install file: /home/labuser/SmartBear/SoapUI-5.8.0/jre/legal/jdk.jsobject/LICENSE; size: 33 bytes; exists: false
       Install file: /home/labuser/SmartBear/SoapUI-5.8.0/jre/legal/jdk.localedata/ADDITIONAL_LICENSE_INFO; size: 49 bytes; exists: false
       Install file: /home/labuser/SmartBear/SoapUI-5.8.0/jre/legal/jdk.localedata/ASSEMBLY_EXCEPTION; size: 44 bytes; exists: false
       Install file: /home/labuser/SmartBear/SoapUI-5.8.0/jre/legal/jdk.localedata/LICENSE; size: 33 bytes; exists: false
       Install file: /home/labuser/SmartBear/SoapUI-5.8.0/jre/legal/jdk.localedata/cldr.md; size: 33 bytes; exists: false
       Install file: /home/labuser/SmartBear/SoapUI-5.8.0/jre/legal/jdk.localedata/thaidict.md; size: 1346 bytes; exists: false
       Install file: /home/labuser/SmartBear/SoapUI-5.8.0/jre/legal/jdk.management.agent/ADDITIONAL_LICENSE_INFO; size: 49 bytes; exists: false
       Install file: /home/labuser/SmartBear/SoapUI-5.8.0/jre/legal/jdk.management.agent/ASSEMBLY_EXCEPTION; size: 44 bytes; exists: false
       Install file: /home/labuser/SmartBear/SoapUI-5.8.0/jre/legal/jdk.management.agent/LICENSE; size: 33 bytes; exists: false
       Install file: /home/labuser/SmartBear/SoapUI-5.8.0/jre/legal/jdk.management.jfr/ADDITIONAL_LICENSE_INFO; size: 49 bytes; exists: false
       Install file: /home/labuser/SmartBear/SoapUI-5.8.0/jre/legal/jdk.management.jfr/ASSEMBLY_EXCEPTION; size: 44 bytes; exists: false
       Install file: /home/labuser/SmartBear/SoapUI-5.8.0/jre/legal/jdk.management.jfr/LICENSE; size: 33 bytes; exists: false
       Install file: /home/labuser/SmartBear/SoapUI-5.8.0/jre/legal/jdk.management/ADDITIONAL_LICENSE_INFO; size: 49 bytes; exists: false
       Install file: /home/labuser/SmartBear/SoapUI-5.8.0/jre/legal/jdk.management/ASSEMBLY_EXCEPTION; size: 44 bytes; exists: false
       Install file: /home/labuser/SmartBear/SoapUI-5.8.0/jre/legal/jdk.management/LICENSE; size: 33 bytes; exists: false
       Install file: /home/labuser/SmartBear/SoapUI-5.8.0/jre/legal/jdk.naming.dns/ADDITIONAL_LICENSE_INFO; size: 49 bytes; exists: false
       Install file: /home/labuser/SmartBear/SoapUI-5.8.0/jre/legal/jdk.naming.dns/ASSEMBLY_EXCEPTION; size: 44 bytes; exists: false
       Install file: /home/labuser/SmartBear/SoapUI-5.8.0/jre/legal/jdk.naming.dns/LICENSE; size: 33 bytes; exists: false
       Install file: /home/labuser/SmartBear/SoapUI-5.8.0/jre/legal/jdk.naming.rmi/ADDITIONAL_LICENSE_INFO; size: 49 bytes; exists: false
       Install file: /home/labuser/SmartBear/SoapUI-5.8.0/jre/legal/jdk.naming.rmi/ASSEMBLY_EXCEPTION; size: 44 bytes; exists: false
       Install file: /home/labuser/SmartBear/SoapUI-5.8.0/jre/legal/jdk.naming.rmi/LICENSE; size: 33 bytes; exists: false
       Install file: /home/labuser/SmartBear/SoapUI-5.8.0/jre/legal/jdk.net/ADDITIONAL_LICENSE_INFO; size: 49 bytes; exists: false
       Install file: /home/labuser/SmartBear/SoapUI-5.8.0/jre/legal/jdk.net/ASSEMBLY_EXCEPTION; size: 44 bytes; exists: false
       Install file: /home/labuser/SmartBear/SoapUI-5.8.0/jre/legal/jdk.net/LICENSE; size: 33 bytes; exists: false
       Install file: /home/labuser/SmartBear/SoapUI-5.8.0/jre/legal/jdk.sctp/ADDITIONAL_LICENSE_INFO; size: 49 bytes; exists: false
       Install file: /home/labuser/SmartBear/SoapUI-5.8.0/jre/legal/jdk.sctp/ASSEMBLY_EXCEPTION; size: 44 bytes; exists: false
       Install file: /home/labuser/SmartBear/SoapUI-5.8.0/jre/legal/jdk.sctp/LICENSE; size: 33 bytes; exists: false
       Install file: /home/labuser/SmartBear/SoapUI-5.8.0/jre/legal/jdk.security.auth/ADDITIONAL_LICENSE_INFO; size: 49 bytes; exists: false
       Install file: /home/labuser/SmartBear/SoapUI-5.8.0/jre/legal/jdk.security.auth/ASSEMBLY_EXCEPTION; size: 44 bytes; exists: false
       Install file: /home/labuser/SmartBear/SoapUI-5.8.0/jre/legal/jdk.security.auth/LICENSE; size: 33 bytes; exists: false
       Install file: /home/labuser/SmartBear/SoapUI-5.8.0/jre/legal/jdk.security.jgss/ADDITIONAL_LICENSE_INFO; size: 49 bytes; exists: false
       Install file: /home/labuser/SmartBear/SoapUI-5.8.0/jre/legal/jdk.security.jgss/ASSEMBLY_EXCEPTION; size: 44 bytes; exists: false
       Install file: /home/labuser/SmartBear/SoapUI-5.8.0/jre/legal/jdk.security.jgss/LICENSE; size: 33 bytes; exists: false
       Install file: /home/labuser/SmartBear/SoapUI-5.8.0/jre/legal/jdk.unsupported.desktop/ADDITIONAL_LICENSE_INFO; size: 49 bytes; exists: false
       Install file: /home/labuser/SmartBear/SoapUI-5.8.0/jre/legal/jdk.unsupported.desktop/ASSEMBLY_EXCEPTION; size: 44 bytes; exists: false
       Install file: /home/labuser/SmartBear/SoapUI-5.8.0/jre/legal/jdk.unsupported.desktop/LICENSE; size: 33 bytes; exists: false
       Install file: /home/labuser/SmartBear/SoapUI-5.8.0/jre/legal/jdk.unsupported/ADDITIONAL_LICENSE_INFO; size: 49 bytes; exists: false
       Install file: /home/labuser/SmartBear/SoapUI-5.8.0/jre/legal/jdk.unsupported/ASSEMBLY_EXCEPTION; size: 44 bytes; exists: false
       Install file: /home/labuser/SmartBear/SoapUI-5.8.0/jre/legal/jdk.unsupported/LICENSE; size: 33 bytes; exists: false
       Install file: /home/labuser/SmartBear/SoapUI-5.8.0/jre/legal/jdk.xml.dom/ADDITIONAL_LICENSE_INFO; size: 49 bytes; exists: false
       Install file: /home/labuser/SmartBear/SoapUI-5.8.0/jre/legal/jdk.xml.dom/ASSEMBLY_EXCEPTION; size: 44 bytes; exists: false
       Install file: /home/labuser/SmartBear/SoapUI-5.8.0/jre/legal/jdk.xml.dom/LICENSE; size: 33 bytes; exists: false
       Install file: /home/labuser/SmartBear/SoapUI-5.8.0/jre/legal/jdk.zipfs/ADDITIONAL_LICENSE_INFO; size: 49 bytes; exists: false
       Install file: /home/labuser/SmartBear/SoapUI-5.8.0/jre/legal/jdk.zipfs/ASSEMBLY_EXCEPTION; size: 44 bytes; exists: false
       Install file: /home/labuser/SmartBear/SoapUI-5.8.0/jre/legal/jdk.zipfs/LICENSE; size: 33 bytes; exists: false
       Install file: /home/labuser/SmartBear/SoapUI-5.8.0/jre/lib/classlist; size: 71443 bytes; exists: false
       File options set to: [fileTime: Mon Oct 14 10:02:40 UTC 2024, mode: 644, overwriteMode: Always ask except for update, shared: false, uninstallMode: If created, but not for update, delayIfNecessary: false]
       Install file: /home/labuser/SmartBear/SoapUI-5.8.0/jre/lib/client/libjsig.so; size: 13352 bytes; exists: false
       Install file: /home/labuser/SmartBear/SoapUI-5.8.0/jre/lib/client/libjvm.so; size: 15059416 bytes; exists: false
       Install file: /home/labuser/SmartBear/SoapUI-5.8.0/jre/lib/jexec; size: 13224 bytes; exists: false
       File options set to: [fileTime: Mon Oct 14 10:02:40 UTC 2024, mode: 755, overwriteMode: Always ask except for update, shared: false, uninstallMode: If created, but not for update, delayIfNecessary: false]
       Install file: /home/labuser/SmartBear/SoapUI-5.8.0/jre/lib/jfr/default.jfc; size: 35864 bytes; exists: false
       File options set to: [fileTime: Mon Oct 14 10:02:41 UTC 2024, mode: 644, overwriteMode: Always ask except for update, shared: false, uninstallMode: If created, but not for update, delayIfNecessary: false]
       Install file: /home/labuser/SmartBear/SoapUI-5.8.0/jre/lib/jfr/profile.jfc; size: 35823 bytes; exists: false
       Install file: /home/labuser/SmartBear/SoapUI-5.8.0/jre/lib/jrt-fs.jar; size: 110507 bytes; exists: false
       File options set to: [fileTime: Mon Oct 14 10:02:40 UTC 2024, mode: 644, overwriteMode: Always ask except for update, shared: false, uninstallMode: If created, but not for update, delayIfNecessary: false]
       Install file: /home/labuser/SmartBear/SoapUI-5.8.0/jre/lib/jspawnhelper; size: 18544 bytes; exists: false
       File options set to: [fileTime: Mon Oct 14 10:02:40 UTC 2024, mode: 755, overwriteMode: Always ask except for update, shared: false, uninstallMode: If created, but not for update, delayIfNecessary: false]
       Install file: /home/labuser/SmartBear/SoapUI-5.8.0/jre/lib/jvm.cfg; size: 43 bytes; exists: false
       File options set to: [fileTime: Mon Oct 14 10:02:40 UTC 2024, mode: 644, overwriteMode: Always ask except for update, shared: false, uninstallMode: If created, but not for update, delayIfNecessary: false]
       Install file: /home/labuser/SmartBear/SoapUI-5.8.0/jre/lib/libattach.so; size: 13424 bytes; exists: false
       File options set to: [fileTime: Mon Oct 14 10:02:41 UTC 2024, mode: 644, overwriteMode: Always ask except for update, shared: false, uninstallMode: If created, but not for update, delayIfNecessary: false]
       Install file: /home/labuser/SmartBear/SoapUI-5.8.0/jre/lib/libawt.so; size: 876176 bytes; exists: false
       File options set to: [fileTime: Mon Oct 14 10:02:40 UTC 2024, mode: 644, overwriteMode: Always ask except for update, shared: false, uninstallMode: If created, but not for update, delayIfNecessary: false]
       Install file: /home/labuser/SmartBear/SoapUI-5.8.0/jre/lib/libawt_headless.so; size: 43256 bytes; exists: false
       Install file: /home/labuser/SmartBear/SoapUI-5.8.0/jre/lib/libawt_xawt.so; size: 467136 bytes; exists: false
       Install file: /home/labuser/SmartBear/SoapUI-5.8.0/jre/lib/libdt_socket.so; size: 28696 bytes; exists: false
       File options set to: [fileTime: Mon Oct 14 10:02:41 UTC 2024, mode: 644, overwriteMode: Always ask except for update, shared: false, uninstallMode: If created, but not for update, delayIfNecessary: false]
       Install file: /home/labuser/SmartBear/SoapUI-5.8.0/jre/lib/libextnet.so; size: 13296 bytes; exists: false
       Install file: /home/labuser/SmartBear/SoapUI-5.8.0/jre/lib/libfontmanager.so; size: 2864184 bytes; exists: false
       File options set to: [fileTime: Mon Oct 14 10:02:40 UTC 2024, mode: 644, overwriteMode: Always ask except for update, shared: false, uninstallMode: If created, but not for update, delayIfNecessary: false]
       Install file: /home/labuser/SmartBear/SoapUI-5.8.0/jre/lib/libfreetype.so; size: 811568 bytes; exists: false
       Install file: /home/labuser/SmartBear/SoapUI-5.8.0/jre/lib/libinstrument.so; size: 51120 bytes; exists: false
       File options set to: [fileTime: Mon Oct 14 10:02:41 UTC 2024, mode: 644, overwriteMode: Always ask except for update, shared: false, uninstallMode: If created, but not for update, delayIfNecessary: false]
       Install file: /home/labuser/SmartBear/SoapUI-5.8.0/jre/lib/libj2gss.so; size: 47544 bytes; exists: false
       Install file: /home/labuser/SmartBear/SoapUI-5.8.0/jre/lib/libj2pcsc.so; size: 18080 bytes; exists: false
       Install file: /home/labuser/SmartBear/SoapUI-5.8.0/jre/lib/libj2pkcs11.so; size: 92832 bytes; exists: false
       Install file: /home/labuser/SmartBear/SoapUI-5.8.0/jre/lib/libjaas.so; size: 8152 bytes; exists: false
       Install file: /home/labuser/SmartBear/SoapUI-5.8.0/jre/lib/libjava.so; size: 194280 bytes; exists: false
       File options set to: [fileTime: Mon Oct 14 10:02:40 UTC 2024, mode: 644, overwriteMode: Always ask except for update, shared: false, uninstallMode: If created, but not for update, delayIfNecessary: false]
       Install file: /home/labuser/SmartBear/SoapUI-5.8.0/jre/lib/libjavajpeg.so; size: 261152 bytes; exists: false
       Install file: /home/labuser/SmartBear/SoapUI-5.8.0/jre/lib/libjawt.so; size: 7984 bytes; exists: false
       Install file: /home/labuser/SmartBear/SoapUI-5.8.0/jre/lib/libjdwp.so; size: 295480 bytes; exists: false
       File options set to: [fileTime: Mon Oct 14 10:02:41 UTC 2024, mode: 644, overwriteMode: Always ask except for update, shared: false, uninstallMode: If created, but not for update, delayIfNecessary: false]
       Install file: /home/labuser/SmartBear/SoapUI-5.8.0/jre/lib/libjimage.so; size: 139968 bytes; exists: false
       File options set to: [fileTime: Mon Oct 14 10:02:40 UTC 2024, mode: 644, overwriteMode: Always ask except for update, shared: false, uninstallMode: If created, but not for update, delayIfNecessary: false]
       Install file: /home/labuser/SmartBear/SoapUI-5.8.0/jre/lib/libjli.so; size: 74264 bytes; exists: false
       Install file: /home/labuser/SmartBear/SoapUI-5.8.0/jre/lib/libjsig.so; size: 13352 bytes; exists: false
       Install file: /home/labuser/SmartBear/SoapUI-5.8.0/jre/lib/libjsound.so; size: 82176 bytes; exists: false
       Install file: /home/labuser/SmartBear/SoapUI-5.8.0/jre/lib/liblcms.so; size: 664096 bytes; exists: false
       File options set to: [fileTime: Mon Oct 14 10:02:41 UTC 2024, mode: 644, overwriteMode: Always ask except for update, shared: false, uninstallMode: If created, but not for update, delayIfNecessary: false]
       Install file: /home/labuser/SmartBear/SoapUI-5.8.0/jre/lib/libmanagement.so; size: 26024 bytes; exists: false
       Install file: /home/labuser/SmartBear/SoapUI-5.8.0/jre/lib/libmanagement_agent.so; size: 8136 bytes; exists: false
       Install file: /home/labuser/SmartBear/SoapUI-5.8.0/jre/lib/libmanagement_ext.so; size: 33784 bytes; exists: false
       Install file: /home/labuser/SmartBear/SoapUI-5.8.0/jre/lib/libmlib_image.so; size: 590904 bytes; exists: false
       Install file: /home/labuser/SmartBear/SoapUI-5.8.0/jre/lib/libnet.so; size: 105832 bytes; exists: false
       File options set to: [fileTime: Mon Oct 14 10:02:40 UTC 2024, mode: 644, overwriteMode: Always ask except for update, shared: false, uninstallMode: If created, but not for update, delayIfNecessary: false]
       Install file: /home/labuser/SmartBear/SoapUI-5.8.0/jre/lib/libnio.so; size: 102048 bytes; exists: false
       Install file: /home/labuser/SmartBear/SoapUI-5.8.0/jre/lib/libprefs.so; size: 8304 bytes; exists: false
       File options set to: [fileTime: Mon Oct 14 10:02:41 UTC 2024, mode: 644, overwriteMode: Always ask except for update, shared: false, uninstallMode: If created, but not for update, delayIfNecessary: false]
       Install file: /home/labuser/SmartBear/SoapUI-5.8.0/jre/lib/librmi.so; size: 7840 bytes; exists: false
       Install file: /home/labuser/SmartBear/SoapUI-5.8.0/jre/lib/libsctp.so; size: 28688 bytes; exists: false
       Install file: /home/labuser/SmartBear/SoapUI-5.8.0/jre/lib/libsplashscreen.so; size: 366600 bytes; exists: false
       Install file: /home/labuser/SmartBear/SoapUI-5.8.0/jre/lib/libverify.so; size: 65080 bytes; exists: false
       File options set to: [fileTime: Mon Oct 14 10:02:40 UTC 2024, mode: 644, overwriteMode: Always ask except for update, shared: false, uninstallMode: If created, but not for update, delayIfNecessary: false]
       Install file: /home/labuser/SmartBear/SoapUI-5.8.0/jre/lib/libzip.so; size: 42064 bytes; exists: false
       Install file: /home/labuser/SmartBear/SoapUI-5.8.0/jre/lib/minimal/libjsig.so; size: 13352 bytes; exists: false
       Install file: /home/labuser/SmartBear/SoapUI-5.8.0/jre/lib/minimal/libjvm.so; size: 5318760 bytes; exists: false
       Install file: /home/labuser/SmartBear/SoapUI-5.8.0/jre/lib/modules; size: 101218364 bytes; exists: false
       Install file: /home/labuser/SmartBear/SoapUI-5.8.0/jre/lib/psfont.properties.ja; size: 3793 bytes; exists: false
       File options set to: [fileTime: Mon Oct 14 10:02:41 UTC 2024, mode: 644, overwriteMode: Always ask except for update, shared: false, uninstallMode: If created, but not for update, delayIfNecessary: false]
       Install file: /home/labuser/SmartBear/SoapUI-5.8.0/jre/lib/psfontj2d.properties; size: 11390 bytes; exists: false
       Install file: /home/labuser/SmartBear/SoapUI-5.8.0/jre/lib/security/blocked.certs; size: 2488 bytes; exists: false
       File options set to: [fileTime: Mon Oct 14 10:02:40 UTC 2024, mode: 644, overwriteMode: Always ask except for update, shared: false, uninstallMode: If created, but not for update, delayIfNecessary: false]
       Install file: /home/labuser/SmartBear/SoapUI-5.8.0/jre/lib/security/cacerts; size: 178674 bytes; exists: false
       Install file: /home/labuser/SmartBear/SoapUI-5.8.0/jre/lib/security/default.policy; size: 10726 bytes; exists: false
       Install file: /home/labuser/SmartBear/SoapUI-5.8.0/jre/lib/security/public_suffix_list.dat; size: 228598 bytes; exists: false
       Install file: /home/labuser/SmartBear/SoapUI-5.8.0/jre/lib/server/libjsig.so; size: 13352 bytes; exists: false
       Install file: /home/labuser/SmartBear/SoapUI-5.8.0/jre/lib/server/libjvm.so; size: 24817608 bytes; exists: false
       Install file: /home/labuser/SmartBear/SoapUI-5.8.0/jre/lib/tzdb.dat; size: 104163 bytes; exists: false
       Install file: /home/labuser/SmartBear/SoapUI-5.8.0/jre/man/man1/java.1; size: 189086 bytes; exists: false
       Install file: /home/labuser/SmartBear/SoapUI-5.8.0/jre/man/man1/jfr.1; size: 9032 bytes; exists: false
       File options set to: [fileTime: Mon Oct 14 10:02:41 UTC 2024, mode: 644, overwriteMode: Always ask except for update, shared: false, uninstallMode: If created, but not for update, delayIfNecessary: false]
       Install file: /home/labuser/SmartBear/SoapUI-5.8.0/jre/man/man1/jrunscript.1; size: 5281 bytes; exists: false
       Install file: /home/labuser/SmartBear/SoapUI-5.8.0/jre/man/man1/keytool.1; size: 111869 bytes; exists: false
       File options set to: [fileTime: Mon Oct 14 10:02:40 UTC 2024, mode: 644, overwriteMode: Always ask except for update, shared: false, uninstallMode: If created, but not for update, delayIfNecessary: false]
       Install file: /home/labuser/SmartBear/SoapUI-5.8.0/jre/man/man1/rmiregistry.1; size: 3258 bytes; exists: false
       File options set to: [fileTime: Mon Oct 14 10:02:41 UTC 2024, mode: 644, overwriteMode: Always ask except for update, shared: false, uninstallMode: If created, but not for update, delayIfNecessary: false]
       Install file: /home/labuser/SmartBear/SoapUI-5.8.0/jre/release; size: 837 bytes; exists: false
       Install file: /home/labuser/SmartBear/SoapUI-5.8.0/.install4j/SoapUI-5.8.0.png; size: 21046 bytes; exists: false
       File options set to: [fileTime: Fri Dec 13 10:26:52 UTC 2024, mode: 644, overwriteMode: Always, shared: false, uninstallMode: Always, delayIfNecessary: false]
       Install file: /home/labuser/SmartBear/SoapUI-5.8.0/.install4j/SoapUIUpdater; size: 16654 bytes; exists: false
       File options set to: [fileTime: Fri Dec 13 10:26:52 UTC 2024, mode: 755, overwriteMode: If newer otherwise ask, shared: false, uninstallMode: If created, delayIfNecessary: false]
       Install file: /home/labuser/SmartBear/SoapUI-5.8.0/.install4j/SoapUIUpdater.png; size: 1884 bytes; exists: false
       File options set to: [fileTime: Fri Dec 13 10:26:52 UTC 2024, mode: 644, overwriteMode: Always, shared: false, uninstallMode: Always, delayIfNecessary: false]
       Install file: /home/labuser/SmartBear/SoapUI-5.8.0/.install4j/s_1o46r56.png; size: 24765 bytes; exists: false
       Install file: /home/labuser/SmartBear/SoapUI-5.8.0/.install4j/s_1o46r56@2x.png; size: 54105 bytes; exists: false
       Install file: /home/labuser/SmartBear/SoapUI-5.8.0/.install4j/uninstall.png; size: 2283 bytes; exists: false
       Install file: /home/labuser/SmartBear/SoapUI-5.8.0/uninstall; size: 16841 bytes; exists: false
       File options set to: [fileTime: Fri Dec 13 10:26:52 UTC 2024, mode: 700, overwriteMode: If newer otherwise ask, shared: false, uninstallMode: If created, delayIfNecessary: false]
       Install file: /home/labuser/SmartBear/SoapUI-5.8.0/bin/installationcomplete.sh; size: 104 bytes; exists: false
       File options set to: [fileTime: Fri Dec 13 10:26:52 UTC 2024, mode: 644, overwriteMode: Always ask except for update, shared: false, uninstallMode: If created, delayIfNecessary: false]
       Install file: /home/labuser/SmartBear/SoapUI-5.8.0/bin/loadtestrunner.sh; size: 3071 bytes; exists: false
       File options set to: [fileTime: Fri Dec 13 10:26:52 UTC 2024, mode: 755, overwriteMode: Always ask except for update, shared: false, uninstallMode: If created, delayIfNecessary: false]
       Install file: /home/labuser/SmartBear/SoapUI-5.8.0/bin/mockservicerunner.sh; size: 3074 bytes; exists: false
       Install file: /home/labuser/SmartBear/SoapUI-5.8.0/bin/securitytestrunner.sh; size: 3056 bytes; exists: false
       Install file: /home/labuser/SmartBear/SoapUI-5.8.0/bin/soapui.sh; size: 3909 bytes; exists: false
       Install file: /home/labuser/SmartBear/SoapUI-5.8.0/bin/testrunner.sh; size: 3072 bytes; exists: false
       Install file: /home/labuser/SmartBear/SoapUI-5.8.0/bin/toolrunner.sh; size: 3068 bytes; exists: false
       Install file: /home/labuser/SmartBear/SoapUI-5.8.0/bin/uninstallactiontrack.sh; size: 107 bytes; exists: false
       File options set to: [fileTime: Fri Dec 13 10:26:52 UTC 2024, mode: 644, overwriteMode: Always ask except for update, shared: false, uninstallMode: If created, delayIfNecessary: false]
       Install file: /home/labuser/SmartBear/SoapUI-5.8.0/bin/updateinstallation.sh; size: 104 bytes; exists: false
       Install file: /home/labuser/SmartBear/SoapUI-5.8.0/bin/wargenerator.sh; size: 3081 bytes; exists: false
       File options set to: [fileTime: Fri Dec 13 10:26:52 UTC 2024, mode: 755, overwriteMode: Always ask except for update, shared: false, uninstallMode: If created, delayIfNecessary: false]
       Install file: /home/labuser/.soapuios/plugins/ready-mqtt-plugin-dist.jar; size: 397191 bytes; exists: false
       File options set to: [fileTime: Fri Dec 13 10:26:52 UTC 2024, mode: 644, overwriteMode: Always, shared: false, uninstallMode: If created, delayIfNecessary: false]
       Install file: /home/labuser/.soapuios/plugins/ready-uxm-plugin-os-1.0.3.jar; size: 390600 bytes; exists: false
       Install file: /home/labuser/.soapuios/plugins/readyapi-postman-1.0.1.jar; size: 46086 bytes; exists: false
       Install file: /home/labuser/SmartBear/SoapUI-5.8.0/lib/javafx-base-17.0.12-linux.jar; size: 746011 bytes; exists: false
       File options set to: [fileTime: Fri Dec 13 10:26:52 UTC 2024, mode: 644, overwriteMode: Always ask except for update, shared: false, uninstallMode: If created, delayIfNecessary: false]
       Install file: /home/labuser/SmartBear/SoapUI-5.8.0/lib/javafx-controls-17.0.12-linux.jar; size: 2551641 bytes; exists: false
       Install file: /home/labuser/SmartBear/SoapUI-5.8.0/lib/javafx-graphics-17.0.12-linux.jar; size: 4779545 bytes; exists: false
       Install file: /home/labuser/SmartBear/SoapUI-5.8.0/lib/javafx-media-17.0.12-linux.jar; size: 1470674 bytes; exists: false
       Install file: /home/labuser/SmartBear/SoapUI-5.8.0/lib/javafx-swing-17.0.12-linux.jar; size: 89632 bytes; exists: false
       Install file: /home/labuser/SmartBear/SoapUI-5.8.0/lib/javafx-web-17.0.12-linux.jar; size: 40982678 bytes; exists: false
       Install file: /home/labuser/SmartBear/SoapUI-5.8.0/JavaDoc.url; size: 105 bytes; exists: false
       Install file: /home/labuser/SmartBear/SoapUI-5.8.0/LICENSE.md; size: 13680 bytes; exists: false
       Install file: /home/labuser/SmartBear/SoapUI-5.8.0/LICENSE.txt; size: 13661 bytes; exists: false
       Install file: /home/labuser/SmartBear/SoapUI-5.8.0/README.md; size: 5952 bytes; exists: false
       Install file: /home/labuser/SmartBear/SoapUI-5.8.0/RELEASENOTES.txt; size: 91804 bytes; exists: false
       Install file: /home/labuser/SmartBear/SoapUI-5.8.0/SECURITY.md; size: 761 bytes; exists: false
       Install file: /home/labuser/SmartBear/SoapUI-5.8.0/bin/SoapUI-5.8.0; size: 14850 bytes; exists: false
       File options set to: [fileTime: Fri Dec 13 10:26:52 UTC 2024, mode: 755, overwriteMode: If newer otherwise ask, shared: false, uninstallMode: If created, delayIfNecessary: false]
       Install file: /home/labuser/SmartBear/SoapUI-5.8.0/bin/SoapUI-Spashscreen.png; size: 24765 bytes; exists: false
       File options set to: [fileTime: Fri Dec 13 10:26:52 UTC 2024, mode: 644, overwriteMode: Always ask except for update, shared: false, uninstallMode: If created, delayIfNecessary: false]
       Install file: /home/labuser/SmartBear/SoapUI-5.8.0/bin/SoapUI-Spashscreen@2x.png; size: 54105 bytes; exists: false
       Install file: /home/labuser/SmartBear/SoapUI-5.8.0/bin/ext/readme.txt; size: 150 bytes; exists: false
       Install file: /home/labuser/SmartBear/SoapUI-5.8.0/bin/soapui-5.8.0.jar; size: 12586241 bytes; exists: false
       Install file: /home/labuser/SmartBear/SoapUI-5.8.0/bin/soapui-errors.log; size: 0 bytes; exists: false
       Install file: /home/labuser/SmartBear/SoapUI-5.8.0/bin/soapui-log4j.xml; size: 2681 bytes; exists: false
       Install file: /home/labuser/SmartBear/SoapUI-5.8.0/bin/soapui.log; size: 0 bytes; exists: false
       Install file: /home/labuser/SmartBear/SoapUI-5.8.0/bin/starter-page.html; size: 1349 bytes; exists: false
       Install file: /home/labuser/SmartBear/SoapUI-5.8.0/lib/FastInfoset-1.2.16.jar; size: 317195 bytes; exists: false
       Install file: /home/labuser/SmartBear/SoapUI-5.8.0/lib/accessors-smart-1.2.jar; size: 30035 bytes; exists: false
       Install file: /home/labuser/SmartBear/SoapUI-5.8.0/lib/activation-1.1.jar; size: 62983 bytes; exists: false
       Install file: /home/labuser/SmartBear/SoapUI-5.8.0/lib/analytics-3.5.1.jar; size: 33370 bytes; exists: false
       Install file: /home/labuser/SmartBear/SoapUI-5.8.0/lib/analytics-core-3.5.1.jar; size: 46611 bytes; exists: false
       Install file: /home/labuser/SmartBear/SoapUI-5.8.0/lib/analytics-core-5.5.4.jar; size: 35020 bytes; exists: false
       Install file: /home/labuser/SmartBear/SoapUI-5.8.0/lib/animal-sniffer-annotations-1.11.jar; size: 3413 bytes; exists: false
       Install file: /home/labuser/SmartBear/SoapUI-5.8.0/lib/annotations-13.0.jar; size: 17536 bytes; exists: false
       Install file: /home/labuser/SmartBear/SoapUI-5.8.0/lib/ant-1.10.12.jar; size: 2254148 bytes; exists: false
       Install file: /home/labuser/SmartBear/SoapUI-5.8.0/lib/ant-antlr-1.10.12.jar; size: 12157 bytes; exists: false
       Install file: /home/labuser/SmartBear/SoapUI-5.8.0/lib/ant-junit-1.10.12.jar; size: 139915 bytes; exists: false
       Install file: /home/labuser/SmartBear/SoapUI-5.8.0/lib/ant-launcher-1.10.12.jar; size: 18705 bytes; exists: false
       Install file: /home/labuser/SmartBear/SoapUI-5.8.0/lib/aopalliance-repackaged-2.6.1.jar; size: 27006 bytes; exists: false
       Install file: /home/labuser/SmartBear/SoapUI-5.8.0/lib/auto-value-annotations-1.10.1.jar; size: 7495 bytes; exists: false
       Install file: /home/labuser/SmartBear/SoapUI-5.8.0/lib/backo-1.0.0.jar; size: 4226 bytes; exists: false
       Install file: /home/labuser/SmartBear/SoapUI-5.8.0/lib/bcprov-jdk15on-1.64.jar; size: 4771726 bytes; exists: false
       Install file: /home/labuser/SmartBear/SoapUI-5.8.0/lib/binding-2.0.1.jar; size: 165033 bytes; exists: false
       Install file: /home/labuser/SmartBear/SoapUI-5.8.0/lib/btf-1.2.jar; size: 8929 bytes; exists: false
       Install file: /home/labuser/SmartBear/SoapUI-5.8.0/lib/cal10n-api-0.8.1.jar; size: 38185 bytes; exists: false
       Install file: /home/labuser/SmartBear/SoapUI-5.8.0/lib/commons-beanutils-1.9.4.jar; size: 246918 bytes; exists: false
       Install file: /home/labuser/SmartBear/SoapUI-5.8.0/lib/commons-cli-1.2.jar; size: 41123 bytes; exists: false
       Install file: /home/labuser/SmartBear/SoapUI-5.8.0/lib/commons-codec-1.10.jar; size: 284184 bytes; exists: false
       Install file: /home/labuser/SmartBear/SoapUI-5.8.0/lib/commons-collections-3.2.2.jar; size: 588337 bytes; exists: false
       Install file: /home/labuser/SmartBear/SoapUI-5.8.0/lib/commons-csv-1.1.jar; size: 36888 bytes; exists: false
       Install file: /home/labuser/SmartBear/SoapUI-5.8.0/lib/commons-fileupload-1.4.jar; size: 72446 bytes; exists: false
       Install file: /home/labuser/SmartBear/SoapUI-5.8.0/lib/commons-httpclient-3.1.jar; size: 305001 bytes; exists: false
       Install file: /home/labuser/SmartBear/SoapUI-5.8.0/lib/commons-io-2.4.jar; size: 185140 bytes; exists: false
       Install file: /home/labuser/SmartBear/SoapUI-5.8.0/lib/commons-lang-2.4.jar; size: 261809 bytes; exists: false
       Install file: /home/labuser/SmartBear/SoapUI-5.8.0/lib/commons-lang3-3.4.jar; size: 434678 bytes; exists: false
       Install file: /home/labuser/SmartBear/SoapUI-5.8.0/lib/commons-logging-1.1.1.jar; size: 60686 bytes; exists: false
       Install file: /home/labuser/SmartBear/SoapUI-5.8.0/lib/converter-gson-2.9.0.jar; size: 4618 bytes; exists: false
       Install file: /home/labuser/SmartBear/SoapUI-5.8.0/lib/cssparser-0.9.5.jar; size: 253950 bytes; exists: false
       Install file: /home/labuser/SmartBear/SoapUI-5.8.0/lib/dom4j-1.6.1.jar; size: 313898 bytes; exists: false
       Install file: /home/labuser/SmartBear/SoapUI-5.8.0/lib/ezmorph-1.0.5.jar; size: 86463 bytes; exists: false
       Install file: /home/labuser/SmartBear/SoapUI-5.8.0/lib/flex-messaging-common-1.0.jar; size: 89768 bytes; exists: false
       Install file: /home/labuser/SmartBear/SoapUI-5.8.0/lib/flex-messaging-core-1.0.jar; size: 644264 bytes; exists: false
       Install file: /home/labuser/SmartBear/SoapUI-5.8.0/lib/flex-messaging-opt-1.0.jar; size: 20969 bytes; exists: false
       Install file: /home/labuser/SmartBear/SoapUI-5.8.0/lib/flex-messaging-proxy-1.0.jar; size: 66076 bytes; exists: false
       Install file: /home/labuser/SmartBear/SoapUI-5.8.0/lib/flex-messaging-remoting-1.0.jar; size: 18822 bytes; exists: false
       Install file: /home/labuser/SmartBear/SoapUI-5.8.0/lib/forms-1.0.7.jar; size: 86828 bytes; exists: false
       Install file: /home/labuser/SmartBear/SoapUI-5.8.0/lib/google-http-client-1.21.0.jar; size: 285337 bytes; exists: false
       Install file: /home/labuser/SmartBear/SoapUI-5.8.0/lib/google-oauth-client-1.21.0.jar; size: 61344 bytes; exists: false
       Install file: /home/labuser/SmartBear/SoapUI-5.8.0/lib/graphql-java-22.3.jar; size: 3694436 bytes; exists: false
       Install file: /home/labuser/SmartBear/SoapUI-5.8.0/lib/groovy-3.0.19.jar; size: 8044626 bytes; exists: false
       Install file: /home/labuser/SmartBear/SoapUI-5.8.0/lib/groovy-all-3.0.19.pom; size: 25300 bytes; exists: false
       Install file: /home/labuser/SmartBear/SoapUI-5.8.0/lib/groovy-ant-3.0.19.jar; size: 82802 bytes; exists: false
       Install file: /home/labuser/SmartBear/SoapUI-5.8.0/lib/groovy-astbuilder-3.0.19.jar; size: 6178 bytes; exists: false
       Install file: /home/labuser/SmartBear/SoapUI-5.8.0/lib/groovy-cli-picocli-3.0.19.jar; size: 60628 bytes; exists: false
       Install file: /home/labuser/SmartBear/SoapUI-5.8.0/lib/groovy-console-3.0.19.jar; size: 1578999 bytes; exists: false
       Install file: /home/labuser/SmartBear/SoapUI-5.8.0/lib/groovy-datetime-3.0.19.jar; size: 15175 bytes; exists: false
       Install file: /home/labuser/SmartBear/SoapUI-5.8.0/lib/groovy-dateutil-3.0.19.jar; size: 7402 bytes; exists: false
       Install file: /home/labuser/SmartBear/SoapUI-5.8.0/lib/groovy-docgenerator-3.0.19.jar; size: 122821 bytes; exists: false
       Install file: /home/labuser/SmartBear/SoapUI-5.8.0/lib/groovy-groovydoc-3.0.19.jar; size: 161395 bytes; exists: false
       Install file: /home/labuser/SmartBear/SoapUI-5.8.0/lib/groovy-groovysh-3.0.19.jar; size: 993880 bytes; exists: false
       Install file: /home/labuser/SmartBear/SoapUI-5.8.0/lib/groovy-jmx-3.0.19.jar; size: 132984 bytes; exists: false
       Install file: /home/labuser/SmartBear/SoapUI-5.8.0/lib/groovy-json-3.0.19.jar; size: 128875 bytes; exists: false
       Install file: /home/labuser/SmartBear/SoapUI-5.8.0/lib/groovy-jsr223-3.0.19.jar; size: 16835 bytes; exists: false
       Install file: /home/labuser/SmartBear/SoapUI-5.8.0/lib/groovy-macro-3.0.19.jar; size: 261281 bytes; exists: false
       Install file: /home/labuser/SmartBear/SoapUI-5.8.0/lib/groovy-nio-3.0.19.jar; size: 29427 bytes; exists: false
       Install file: /home/labuser/SmartBear/SoapUI-5.8.0/lib/groovy-servlet-3.0.19.jar; size: 22729 bytes; exists: false
       Install file: /home/labuser/SmartBear/SoapUI-5.8.0/lib/groovy-sql-3.0.19.jar; size: 78912 bytes; exists: false
       Install file: /home/labuser/SmartBear/SoapUI-5.8.0/lib/groovy-swing-3.0.19.jar; size: 429090 bytes; exists: false
       Install file: /home/labuser/SmartBear/SoapUI-5.8.0/lib/groovy-templates-3.0.19.jar; size: 94159 bytes; exists: false
       Install file: /home/labuser/SmartBear/SoapUI-5.8.0/lib/groovy-test-3.0.19.jar; size: 118009 bytes; exists: false
       Install file: /home/labuser/SmartBear/SoapUI-5.8.0/lib/groovy-test-junit5-3.0.19.jar; size: 9114 bytes; exists: false
       Install file: /home/labuser/SmartBear/SoapUI-5.8.0/lib/groovy-testng-3.0.19.jar; size: 5481 bytes; exists: false
       Install file: /home/labuser/SmartBear/SoapUI-5.8.0/lib/groovy-xml-3.0.19.jar; size: 291713 bytes; exists: false
       Install file: /home/labuser/SmartBear/SoapUI-5.8.0/lib/gson-2.9.1.jar; size: 265030 bytes; exists: false
       Install file: /home/labuser/SmartBear/SoapUI-5.8.0/lib/guava-14.0.jar; size: 2189111 bytes; exists: false
       Install file: /home/labuser/SmartBear/SoapUI-5.8.0/lib/hamcrest-core-1.3.jar; size: 45024 bytes; exists: false
       Install file: /home/labuser/SmartBear/SoapUI-5.8.0/lib/hermes-1.14.jar; size: 1350400 bytes; exists: false
       Install file: /home/labuser/SmartBear/SoapUI-5.8.0/lib/hk2-api-2.6.1.jar; size: 200223 bytes; exists: false
       Install file: /home/labuser/SmartBear/SoapUI-5.8.0/lib/hk2-locator-2.6.1.jar; size: 203358 bytes; exists: false
       Install file: /home/labuser/SmartBear/SoapUI-5.8.0/lib/hk2-utils-2.6.1.jar; size: 131590 bytes; exists: false
       Install file: /home/labuser/SmartBear/SoapUI-5.8.0/lib/htmlunit-2.7.jar; size: 899411 bytes; exists: false
       Install file: /home/labuser/SmartBear/SoapUI-5.8.0/lib/htmlunit-core-js-2.7.jar; size: 910727 bytes; exists: false
       Install file: /home/labuser/SmartBear/SoapUI-5.8.0/lib/httpclient-4.5.5.jar; size: 766123 bytes; exists: false
       Install file: /home/labuser/SmartBear/SoapUI-5.8.0/lib/httpclient-cache-4.5.5.jar; size: 161550 bytes; exists: false
       Install file: /home/labuser/SmartBear/SoapUI-5.8.0/lib/httpcore-4.4.9.jar; size: 325500 bytes; exists: false
       Install file: /home/labuser/SmartBear/SoapUI-5.8.0/lib/httpcore-nio-4.4.9.jar; size: 364991 bytes; exists: false
       Install file: /home/labuser/SmartBear/SoapUI-5.8.0/lib/httpmime-4.5.5.jar; size: 41753 bytes; exists: false
       Install file: /home/labuser/SmartBear/SoapUI-5.8.0/lib/i4jruntime-5.1.14.jar; size: 1080370 bytes; exists: false
       Install file: /home/labuser/SmartBear/SoapUI-5.8.0/lib/istack-commons-runtime-3.0.8.jar; size: 27156 bytes; exists: false
       Install file: /home/labuser/SmartBear/SoapUI-5.8.0/lib/jackson-annotations-2.13.0.jar; size: 75718 bytes; exists: false
       Install file: /home/labuser/SmartBear/SoapUI-5.8.0/lib/jackson-core-2.13.0.jar; size: 374571 bytes; exists: false
       Install file: /home/labuser/SmartBear/SoapUI-5.8.0/lib/jackson-coreutils-1.8.jar; size: 31304 bytes; exists: false
       Install file: /home/labuser/SmartBear/SoapUI-5.8.0/lib/jackson-databind-2.13.0.jar; size: 1533051 bytes; exists: false
       Install file: /home/labuser/SmartBear/SoapUI-5.8.0/lib/jackson-dataformat-xml-2.10.1.jar; size: 108362 bytes; exists: false
       Install file: /home/labuser/SmartBear/SoapUI-5.8.0/lib/jackson-dataformat-yaml-2.11.1.jar; size: 46983 bytes; exists: false
       Install file: /home/labuser/SmartBear/SoapUI-5.8.0/lib/jackson-datatype-joda-2.10.1.jar; size: 71948 bytes; exists: false
       Install file: /home/labuser/SmartBear/SoapUI-5.8.0/lib/jackson-jaxrs-base-2.10.1.jar; size: 33178 bytes; exists: false
       Install file: /home/labuser/SmartBear/SoapUI-5.8.0/lib/jackson-jaxrs-json-provider-2.10.1.jar; size: 15555 bytes; exists: false
       Install file: /home/labuser/SmartBear/SoapUI-5.8.0/lib/jackson-jaxrs-xml-provider-2.10.1.jar; size: 13832 bytes; exists: false
       Install file: /home/labuser/SmartBear/SoapUI-5.8.0/lib/jackson-module-jaxb-annotations-2.10.1.jar; size: 34995 bytes; exists: false
       Install file: /home/labuser/SmartBear/SoapUI-5.8.0/lib/jakarta.activation-1.2.1.jar; size: 65690 bytes; exists: false
       Install file: /home/labuser/SmartBear/SoapUI-5.8.0/lib/jakarta.activation-api-1.2.1.jar; size: 44399 bytes; exists: false
       Install file: /home/labuser/SmartBear/SoapUI-5.8.0/lib/jakarta.annotation-api-1.3.5.jar; size: 25058 bytes; exists: false
       Install file: /home/labuser/SmartBear/SoapUI-5.8.0/lib/jakarta.inject-2.6.1.jar; size: 18140 bytes; exists: false
       Install file: /home/labuser/SmartBear/SoapUI-5.8.0/lib/jakarta.validation-api-2.0.2.jar; size: 91930 bytes; exists: false
       Install file: /home/labuser/SmartBear/SoapUI-5.8.0/lib/jakarta.ws.rs-api-2.1.6.jar; size: 140376 bytes; exists: false
       Install file: /home/labuser/SmartBear/SoapUI-5.8.0/lib/jakarta.xml.bind-api-2.3.2.jar; size: 115498 bytes; exists: false
       Install file: /home/labuser/SmartBear/SoapUI-5.8.0/lib/java-dataloader-3.3.0.jar; size: 72880 bytes; exists: false
       Install file: /home/labuser/SmartBear/SoapUI-5.8.0/lib/javafx-base-17.0.12.jar; size: 302 bytes; exists: false
       Install file: /home/labuser/SmartBear/SoapUI-5.8.0/lib/javafx-controls-17.0.12.jar; size: 306 bytes; exists: false
       Install file: /home/labuser/SmartBear/SoapUI-5.8.0/lib/javafx-graphics-17.0.12.jar; size: 306 bytes; exists: false
       Install file: /home/labuser/SmartBear/SoapUI-5.8.0/lib/javafx-media-17.0.12.jar; size: 303 bytes; exists: false
       Install file: /home/labuser/SmartBear/SoapUI-5.8.0/lib/javaparser-core-3.25.4.jar; size: 1387470 bytes; exists: false
       Install file: /home/labuser/SmartBear/SoapUI-5.8.0/lib/javassist-3.16.1-GA.jar; size: 659343 bytes; exists: false
       Install file: /home/labuser/SmartBear/SoapUI-5.8.0/lib/jaxb-runtime-2.3.2.jar; size: 1013367 bytes; exists: false
       Install file: /home/labuser/SmartBear/SoapUI-5.8.0/lib/jaxen-1.1-beta-8.jar; size: 231706 bytes; exists: false
       Install file: /home/labuser/SmartBear/SoapUI-5.8.0/lib/jcifs-1.2.9.jar; size: 267848 bytes; exists: false
       Install file: /home/labuser/SmartBear/SoapUI-5.8.0/lib/jcommander-1.78.jar; size: 83782 bytes; exists: false
       Install file: /home/labuser/SmartBear/SoapUI-5.8.0/lib/jdom-1.0.jar; size: 153253 bytes; exists: false
       Install file: /home/labuser/SmartBear/SoapUI-5.8.0/lib/jersey-client-2.29.1.jar; size: 218906 bytes; exists: false
       Install file: /home/labuser/SmartBear/SoapUI-5.8.0/lib/jersey-common-2.29.1.jar; size: 1157956 bytes; exists: false
       Install file: /home/labuser/SmartBear/SoapUI-5.8.0/lib/jersey-container-servlet-core-2.29.1.jar; size: 73346 bytes; exists: false
       Install file: /home/labuser/SmartBear/SoapUI-5.8.0/lib/jersey-hk2-2.29.1.jar; size: 81794 bytes; exists: false
       Install file: /home/labuser/SmartBear/SoapUI-5.8.0/lib/jersey-media-jaxb-2.29.1.jar; size: 86017 bytes; exists: false
       Install file: /home/labuser/SmartBear/SoapUI-5.8.0/lib/jersey-media-multipart-2.29.1.jar; size: 80370 bytes; exists: false
       Install file: /home/labuser/SmartBear/SoapUI-5.8.0/lib/jersey-server-2.29.1.jar; size: 926663 bytes; exists: false
       Install file: /home/labuser/SmartBear/SoapUI-5.8.0/lib/jettison-1.2.jar; size: 72478 bytes; exists: false
       Install file: /home/labuser/SmartBear/SoapUI-5.8.0/lib/jetty-6.1.26.jar; size: 539912 bytes; exists: false
       Install file: /home/labuser/SmartBear/SoapUI-5.8.0/lib/jetty-util-6.1.26.jar; size: 177131 bytes; exists: false
       Install file: /home/labuser/SmartBear/SoapUI-5.8.0/lib/jline-2.14.6.jar; size: 268780 bytes; exists: false
       Install file: /home/labuser/SmartBear/SoapUI-5.8.0/lib/jms-1.1.jar; size: 26257 bytes; exists: false
       Install file: /home/labuser/SmartBear/SoapUI-5.8.0/lib/joda-time-2.9.9.jar; size: 634048 bytes; exists: false
       Install file: /home/labuser/SmartBear/SoapUI-5.8.0/lib/jopt-simple-5.0.3.jar; size: 78175 bytes; exists: false
       Install file: /home/labuser/SmartBear/SoapUI-5.8.0/lib/jquery-3.5.1.jar; size: 313070 bytes; exists: false
       Install file: /home/labuser/SmartBear/SoapUI-5.8.0/lib/js-1.7R2.jar; size: 871260 bytes; exists: false
       Install file: /home/labuser/SmartBear/SoapUI-5.8.0/lib/json-20090211.jar; size: 45944 bytes; exists: false
       Install file: /home/labuser/SmartBear/SoapUI-5.8.0/lib/json-lib-2.2.2-jdk15.jar; size: 143977 bytes; exists: false
       Install file: /home/labuser/SmartBear/SoapUI-5.8.0/lib/json-path-2.4.0-fixed.jar; size: 225031 bytes; exists: false
       Install file: /home/labuser/SmartBear/SoapUI-5.8.0/lib/json-schema-core-1.2.8.jar; size: 172545 bytes; exists: false
       Install file: /home/labuser/SmartBear/SoapUI-5.8.0/lib/json-schema-validator-2.2.8.jar; size: 234231 bytes; exists: false
       Install file: /home/labuser/SmartBear/SoapUI-5.8.0/lib/json-smart-2.3.jar; size: 120316 bytes; exists: false
       Install file: /home/labuser/SmartBear/SoapUI-5.8.0/lib/jsr173_api-1.0.jar; size: 49672 bytes; exists: false
       Install file: /home/labuser/SmartBear/SoapUI-5.8.0/lib/jsr305-1.3.9.jar; size: 33015 bytes; exists: false
       Install file: /home/labuser/SmartBear/SoapUI-5.8.0/lib/jtidy-r872-jdk15.jar; size: 279220 bytes; exists: false
       Install file: /home/labuser/SmartBear/SoapUI-5.8.0/lib/junit-4.13.1.jar; size: 382708 bytes; exists: false
       Install file: /home/labuser/SmartBear/SoapUI-5.8.0/lib/junit-jupiter-api-5.9.2.jar; size: 207759 bytes; exists: false
       Install file: /home/labuser/SmartBear/SoapUI-5.8.0/lib/junit-jupiter-engine-5.9.2.jar; size: 246608 bytes; exists: false
       Install file: /home/labuser/SmartBear/SoapUI-5.8.0/lib/junit-platform-commons-1.9.2.jar; size: 103049 bytes; exists: false
       Install file: /home/labuser/SmartBear/SoapUI-5.8.0/lib/junit-platform-engine-1.9.2.jar; size: 189223 bytes; exists: false
       Install file: /home/labuser/SmartBear/SoapUI-5.8.0/lib/junit-platform-launcher-1.9.2.jar; size: 169236 bytes; exists: false
       Install file: /home/labuser/SmartBear/SoapUI-5.8.0/lib/kotlin-stdlib-1.6.20.jar; size: 1509405 bytes; exists: false
       Install file: /home/labuser/SmartBear/SoapUI-5.8.0/lib/kotlin-stdlib-common-1.5.31.jar; size: 198322 bytes; exists: false
       Install file: /home/labuser/SmartBear/SoapUI-5.8.0/lib/kotlin-stdlib-jdk7-1.6.10.jar; size: 22358 bytes; exists: false
       Install file: /home/labuser/SmartBear/SoapUI-5.8.0/lib/kotlin-stdlib-jdk8-1.6.10.jar; size: 16202 bytes; exists: false
       Install file: /home/labuser/SmartBear/SoapUI-5.8.0/lib/l2fprod-common-directorychooser-7.3.jar; size: 77545 bytes; exists: false
       Install file: /home/labuser/SmartBear/SoapUI-5.8.0/lib/l2fprod-common-fontchooser-7.3.jar; size: 124191 bytes; exists: false
       Install file: /home/labuser/SmartBear/SoapUI-5.8.0/lib/libphonenumber-8.0.0.jar; size: 326861 bytes; exists: false
       Install file: /home/labuser/SmartBear/SoapUI-5.8.0/lib/log4j-api-2.17.1.jar; size: 301872 bytes; exists: false
       Install file: /home/labuser/SmartBear/SoapUI-5.8.0/lib/log4j-core-2.17.1.jar; size: 1790452 bytes; exists: false
       Install file: /home/labuser/SmartBear/SoapUI-5.8.0/lib/log4j-slf4j-impl-2.17.1.jar; size: 24279 bytes; exists: false
       Install file: /home/labuser/SmartBear/SoapUI-5.8.0/lib/logging-interceptor-4.10.0.jar; size: 15768 bytes; exists: false
       Install file: /home/labuser/SmartBear/SoapUI-5.8.0/lib/looks-2.2.0.jar; size: 425237 bytes; exists: false
       Install file: /home/labuser/SmartBear/SoapUI-5.8.0/lib/mail-1.4.jar; size: 388864 bytes; exists: false
       Install file: /home/labuser/SmartBear/SoapUI-5.8.0/lib/mailapi-1.4.3.jar; size: 250233 bytes; exists: false
       Install file: /home/labuser/SmartBear/SoapUI-5.8.0/lib/maven-plugin-api-2.0.jar; size: 10133 bytes; exists: false
       Install file: /home/labuser/SmartBear/SoapUI-5.8.0/lib/miglayout-core-11.0.jar; size: 105405 bytes; exists: false
       Install file: /home/labuser/SmartBear/SoapUI-5.8.0/lib/miglayout-swing-11.0.jar; size: 22899 bytes; exists: false
       Install file: /home/labuser/SmartBear/SoapUI-5.8.0/lib/mimepull-1.9.11.jar; size: 67125 bytes; exists: false
       Install file: /home/labuser/SmartBear/SoapUI-5.8.0/lib/mixpanel-java-1.4.4.jar; size: 13620 bytes; exists: false
       Install file: /home/labuser/SmartBear/SoapUI-5.8.0/lib/msg-simple-1.1.jar; size: 36868 bytes; exists: false
       Install file: /home/labuser/SmartBear/SoapUI-5.8.0/lib/nekohtml-1.9.14.jar; size: 124361 bytes; exists: false
       Install file: /home/labuser/SmartBear/SoapUI-5.8.0/lib/not-going-to-be-commons-ssl-0.3.20.jar; size: 190116 bytes; exists: false
       Install file: /home/labuser/SmartBear/SoapUI-5.8.0/lib/okhttp-4.10.0.jar; size: 782603 bytes; exists: false
       Install file: /home/labuser/SmartBear/SoapUI-5.8.0/lib/okio-jvm-3.0.0.jar; size: 350780 bytes; exists: false
       Install file: /home/labuser/SmartBear/SoapUI-5.8.0/lib/opensaml-2.5.1-1.jar; size: 1352924 bytes; exists: false
       Install file: /home/labuser/SmartBear/SoapUI-5.8.0/lib/opentest4j-1.2.0.jar; size: 7653 bytes; exists: false
       Install file: /home/labuser/SmartBear/SoapUI-5.8.0/lib/openws-1.4.2-1.jar; size: 565330 bytes; exists: false
       Install file: /home/labuser/SmartBear/SoapUI-5.8.0/lib/org.apache.oltu.oauth2.client-0.31.jar; size: 31167 bytes; exists: false
       Install file: /home/labuser/SmartBear/SoapUI-5.8.0/lib/org.apache.oltu.oauth2.common-0.31.jar; size: 51643 bytes; exists: false
       Install file: /home/labuser/SmartBear/SoapUI-5.8.0/lib/org.apache.oltu.oauth2.httpclient4-0.31.jar; size: 10896 bytes; exists: false
       Install file: /home/labuser/SmartBear/SoapUI-5.8.0/lib/osgi-resource-locator-1.0.3.jar; size: 19479 bytes; exists: false
       Install file: /home/labuser/SmartBear/SoapUI-5.8.0/lib/out-app-analytics-provider-5.5.4.jar; size: 8795 bytes; exists: false
       Install file: /home/labuser/SmartBear/SoapUI-5.8.0/lib/picocli-4.6.3.jar; size: 405953 bytes; exists: false
       Install file: /home/labuser/SmartBear/SoapUI-5.8.0/lib/proxy-vole-20131209.jar; size: 195181 bytes; exists: false
       Install file: /home/labuser/SmartBear/SoapUI-5.8.0/lib/qdox-1.12.1.jar; size: 179818 bytes; exists: false
       Install file: /home/labuser/SmartBear/SoapUI-5.8.0/lib/reactive-streams-1.0.3.jar; size: 11369 bytes; exists: false
       Install file: /home/labuser/SmartBear/SoapUI-5.8.0/lib/reflections-0.9.9-RC1.jar; size: 121013 bytes; exists: false
       Install file: /home/labuser/SmartBear/SoapUI-5.8.0/lib/retrofit-2.9.0.jar; size: 125435 bytes; exists: false
       Install file: /home/labuser/SmartBear/SoapUI-5.8.0/lib/retrofit-mock-2.9.0.jar; size: 20182 bytes; exists: false
       Install file: /home/labuser/SmartBear/SoapUI-5.8.0/lib/rhino-1.7R4.jar; size: 1134765 bytes; exists: false
       Install file: /home/labuser/SmartBear/SoapUI-5.8.0/lib/rsyntaxtextarea-2.5.0.jar; size: 968909 bytes; exists: false
       Install file: /home/labuser/SmartBear/SoapUI-5.8.0/lib/sac-1.3.jar; size: 15808 bytes; exists: false
       Install file: /home/labuser/SmartBear/SoapUI-5.8.0/lib/saxon-9.1.0.8j.jar; size: 5046534 bytes; exists: false
       Install file: /home/labuser/SmartBear/SoapUI-5.8.0/lib/saxon-9.jar; size: 5024396 bytes; exists: false
       Install file: /home/labuser/SmartBear/SoapUI-5.8.0/lib/saxon-dom-9.1.0.8j.jar; size: 129236 bytes; exists: false
       Install file: /home/labuser/SmartBear/SoapUI-5.8.0/lib/serializer-2.7.2.jar; size: 276420 bytes; exists: false
       Install file: /home/labuser/SmartBear/SoapUI-5.8.0/lib/servlet-api-2.5-20081211.jar; size: 134133 bytes; exists: false
       Install file: /home/labuser/SmartBear/SoapUI-5.8.0/lib/slf4j-api-1.7.25.jar; size: 41203 bytes; exists: false
       Install file: /home/labuser/SmartBear/SoapUI-5.8.0/lib/slf4j-ext-1.7.22.jar; size: 42372 bytes; exists: false
       Install file: /home/labuser/SmartBear/SoapUI-5.8.0/lib/snakeyaml-1.26.jar; size: 309001 bytes; exists: false
       Install file: /home/labuser/SmartBear/SoapUI-5.8.0/lib/stax-ex-1.8.1.jar; size: 38099 bytes; exists: false
       Install file: /home/labuser/SmartBear/SoapUI-5.8.0/lib/stax2-api-3.1.4.jar; size: 161867 bytes; exists: false
       Install file: /home/labuser/SmartBear/SoapUI-5.8.0/lib/swagger-annotations-1.6.2.jar; size: 21782 bytes; exists: false
       Install file: /home/labuser/SmartBear/SoapUI-5.8.0/lib/swagger-core-1.6.2.jar; size: 117211 bytes; exists: false
       Install file: /home/labuser/SmartBear/SoapUI-5.8.0/lib/swagger-inflector-1.0.19.jar; size: 131937 bytes; exists: false
       Install file: /home/labuser/SmartBear/SoapUI-5.8.0/lib/swagger-jaxrs-1.6.0.jar; size: 70333 bytes; exists: false
       Install file: /home/labuser/SmartBear/SoapUI-5.8.0/lib/swagger-jersey2-jaxrs-1.6.0.jar; size: 6725 bytes; exists: false
       Install file: /home/labuser/SmartBear/SoapUI-5.8.0/lib/swagger-models-1.6.2.jar; size: 155203 bytes; exists: false
       Install file: /home/labuser/SmartBear/SoapUI-5.8.0/lib/swagger-parser-1.0.54.jar; size: 94914 bytes; exists: false
       Install file: /home/labuser/SmartBear/SoapUI-5.8.0/lib/swingx-soapui.jar; size: 1156443 bytes; exists: false
       Install file: /home/labuser/SmartBear/SoapUI-5.8.0/lib/testng-7.5.jar; size: 941401 bytes; exists: false
       Install file: /home/labuser/SmartBear/SoapUI-5.8.0/lib/txw2-2.3.2.jar; size: 72080 bytes; exists: false
       Install file: /home/labuser/SmartBear/SoapUI-5.8.0/lib/uri-template-0.9.jar; size: 57399 bytes; exists: false
       Install file: /home/labuser/SmartBear/SoapUI-5.8.0/lib/woodstox-core-5.0.3.jar; size: 512742 bytes; exists: false
       Install file: /home/labuser/SmartBear/SoapUI-5.8.0/lib/ws-commons-util-1.0.2.jar; size: 34407 bytes; exists: false
       Install file: /home/labuser/SmartBear/SoapUI-5.8.0/lib/wsdl4j-1.6.2-fixed.jar; size: 145963 bytes; exists: false
       Install file: /home/labuser/SmartBear/SoapUI-5.8.0/lib/wss4j-1.6.17.jar; size: 460351 bytes; exists: false
       Install file: /home/labuser/SmartBear/SoapUI-5.8.0/lib/xalan-2.7.2.jar; size: 3154938 bytes; exists: false
       Install file: /home/labuser/SmartBear/SoapUI-5.8.0/lib/xercesImpl-2.12.0.jar; size: 1386397 bytes; exists: false
       Install file: /home/labuser/SmartBear/SoapUI-5.8.0/lib/xml-apis-1.4.01.jar; size: 220536 bytes; exists: false
       Install file: /home/labuser/SmartBear/SoapUI-5.8.0/lib/xml-apis-2.9.1.jar; size: 194354 bytes; exists: false
       Install file: /home/labuser/SmartBear/SoapUI-5.8.0/lib/xmlParserAPIs-2.6.2.jar; size: 124724 bytes; exists: false
       Install file: /home/labuser/SmartBear/SoapUI-5.8.0/lib/xmlbeans-3.1.1-sb-fixed.jar; size: 2591034 bytes; exists: false
       Install file: /home/labuser/SmartBear/SoapUI-5.8.0/lib/xmlbeans-xpath-2.6.0.jar; size: 6502 bytes; exists: false
       Install file: /home/labuser/SmartBear/SoapUI-5.8.0/lib/xmlpull-1.1.3.1.jar; size: 7188 bytes; exists: false
       Install file: /home/labuser/SmartBear/SoapUI-5.8.0/lib/xmlsec-2.1.7.jar; size: 1131935 bytes; exists: false
       Install file: /home/labuser/SmartBear/SoapUI-5.8.0/lib/xmltooling-1.3.2-1.jar; size: 610865 bytes; exists: false
       Install file: /home/labuser/SmartBear/SoapUI-5.8.0/lib/xmlunit-1.2.jar; size: 96507 bytes; exists: false
       Install file: /home/labuser/SmartBear/SoapUI-5.8.0/lib/xom-1.1.jar; size: 431568 bytes; exists: false
       Install file: /home/labuser/SmartBear/SoapUI-5.8.0/lib/xpp3_min-1.1.4c.jar; size: 24956 bytes; exists: false
       Install file: /home/labuser/SmartBear/SoapUI-5.8.0/lib/xstream-1.4.13.jar; size: 627439 bytes; exists: false
       Install file: /home/labuser/SmartBear/SoapUI-5.8.0/licences/RSyntaxTextArea-LICENSE.txt; size: 7804 bytes; exists: false
       Install file: /home/labuser/SmartBear/SoapUI-5.8.0/licences/activation-LICENSE.txt; size: 14482 bytes; exists: false
       Install file: /home/labuser/SmartBear/SoapUI-5.8.0/licences/bcprov-LICENSE.txt; size: 1145 bytes; exists: false
       Install file: /home/labuser/SmartBear/SoapUI-5.8.0/licences/binding-LICENSE.txt; size: 1692 bytes; exists: false
       Install file: /home/labuser/SmartBear/SoapUI-5.8.0/licences/blazeds-LICENSE.txt; size: 7352 bytes; exists: false
       Install file: /home/labuser/SmartBear/SoapUI-5.8.0/licences/commons-beanutils-LICENSE.txt; size: 11560 bytes; exists: false
       Install file: /home/labuser/SmartBear/SoapUI-5.8.0/licences/commons-cli-LICENSE.txt; size: 2756 bytes; exists: false
       Install file: /home/labuser/SmartBear/SoapUI-5.8.0/licences/commons-codec-LICENSE.txt; size: 11560 bytes; exists: false
       Install file: /home/labuser/SmartBear/SoapUI-5.8.0/licences/commons-collections-LICENSE.txt; size: 11560 bytes; exists: false
       Install file: /home/labuser/SmartBear/SoapUI-5.8.0/licences/commons-httpclient-LICENSE.txt; size: 10349 bytes; exists: false
       Install file: /home/labuser/SmartBear/SoapUI-5.8.0/licences/commons-io-LICENSE.txt; size: 11562 bytes; exists: false
       Install file: /home/labuser/SmartBear/SoapUI-5.8.0/licences/commons-lang-LICENSE.txt; size: 11560 bytes; exists: false
       Install file: /home/labuser/SmartBear/SoapUI-5.8.0/licences/commons-logging-LICENSE.txt; size: 11560 bytes; exists: false
       Install file: /home/labuser/SmartBear/SoapUI-5.8.0/licences/ezmorph-LICENSE.txt; size: 11560 bytes; exists: false
       Install file: /home/labuser/SmartBear/SoapUI-5.8.0/licences/forms-LICENSE.txt; size: 1690 bytes; exists: false
       Install file: /home/labuser/SmartBear/SoapUI-5.8.0/licences/graphql-java-LICENSE.txt; size: 1116 bytes; exists: false
       Install file: /home/labuser/SmartBear/SoapUI-5.8.0/licences/groovy-LICENSE.txt; size: 580 bytes; exists: false
       Install file: /home/labuser/SmartBear/SoapUI-5.8.0/licences/hermesJMS-LICENCE.TXT; size: 9308 bytes; exists: false
       Install file: /home/labuser/SmartBear/SoapUI-5.8.0/licences/jackson-LICENSE.txt; size: 11560 bytes; exists: false
       Install file: /home/labuser/SmartBear/SoapUI-5.8.0/licences/javamail-LICENSE.txt; size: 14463 bytes; exists: false
       Install file: /home/labuser/SmartBear/SoapUI-5.8.0/licences/jetty-LICENSE.txt; size: 11560 bytes; exists: false
       Install file: /home/labuser/SmartBear/SoapUI-5.8.0/licences/json-lib-LICENSE.txt; size: 580 bytes; exists: false
       Install file: /home/labuser/SmartBear/SoapUI-5.8.0/licences/jtidy-LICENSE.txt; size: 2222 bytes; exists: false
       Install file: /home/labuser/SmartBear/SoapUI-5.8.0/licences/junit-LICENSE.txt; size: 12002 bytes; exists: false
       Install file: /home/labuser/SmartBear/SoapUI-5.8.0/licences/l2fprod-LICENSE.txt; size: 666 bytes; exists: false
       Install file: /home/labuser/SmartBear/SoapUI-5.8.0/licences/log4j-LICENSE.txt; size: 2756 bytes; exists: false
       Install file: /home/labuser/SmartBear/SoapUI-5.8.0/licences/looks-LICENSE.txt; size: 1690 bytes; exists: false
       Install file: /home/labuser/SmartBear/SoapUI-5.8.0/licences/miglayout-LICENSE.txt; size: 1524 bytes; exists: false
       Install file: /home/labuser/SmartBear/SoapUI-5.8.0/licences/mydoggy-LICENSE.txt; size: 26934 bytes; exists: false
       Install file: /home/labuser/SmartBear/SoapUI-5.8.0/licences/myswing-LICENSE.txt; size: 569 bytes; exists: false
       Install file: /home/labuser/SmartBear/SoapUI-5.8.0/licences/not-going-to-be-common-ssl-LICENSE.txt; size: 11560 bytes; exists: false
       Install file: /home/labuser/SmartBear/SoapUI-5.8.0/licences/not-yet-commons-ssl-LICENSE.txt; size: 10347 bytes; exists: false
       Install file: /home/labuser/SmartBear/SoapUI-5.8.0/licences/opensaml-LICENSE.txt; size: 11558 bytes; exists: false
       Install file: /home/labuser/SmartBear/SoapUI-5.8.0/licences/piccolo-LICENSE.txt; size: 11560 bytes; exists: false
       Install file: /home/labuser/SmartBear/SoapUI-5.8.0/licences/proxy-vole-LICENSE.txt; size: 1557 bytes; exists: false
       Install file: /home/labuser/SmartBear/SoapUI-5.8.0/licences/rhino-LICENSE.txt; size: 45646 bytes; exists: false
       Install file: /home/labuser/SmartBear/SoapUI-5.8.0/licences/saxon-LICENSE.txt; size: 20115 bytes; exists: false
       Install file: /home/labuser/SmartBear/SoapUI-5.8.0/licences/swingx-LICENSE.txt; size: 24837 bytes; exists: false
       Install file: /home/labuser/SmartBear/SoapUI-5.8.0/licences/wsdl4j-LICENSE.html; size: 15504 bytes; exists: false
       Install file: /home/labuser/SmartBear/SoapUI-5.8.0/licences/wss4j-LICENSE.txt; size: 11560 bytes; exists: false
       Install file: /home/labuser/SmartBear/SoapUI-5.8.0/licences/xalan-LICENSE.txt; size: 2744 bytes; exists: false
       Install file: /home/labuser/SmartBear/SoapUI-5.8.0/licences/xerces-LICENSE.txt; size: 11560 bytes; exists: false
       Install file: /home/labuser/SmartBear/SoapUI-5.8.0/licences/xmlbeans-LICENSE.txt; size: 11560 bytes; exists: false
       Install file: /home/labuser/SmartBear/SoapUI-5.8.0/licences/xmlbeans-NOTICE.txt; size: 1301 bytes; exists: false
       Install file: /home/labuser/SmartBear/SoapUI-5.8.0/licences/xmlsec-LICENSE.txt; size: 11560 bytes; exists: false
       Install file: /home/labuser/SmartBear/SoapUI-5.8.0/licences/xmlunit-LICENSE.txt; size: 1726 bytes; exists: false
       Install file: /home/labuser/SmartBear/SoapUI-5.8.0/licences/xom-LICENSE.txt; size: 26930 bytes; exists: false
       Install file: /home/labuser/SmartBear/SoapUI-5.8.0/licences/xstream-LICENSE.txt; size: 1555 bytes; exists: false
       Install file: /home/labuser/SmartBear/SoapUI-5.8.0/soapUI.url; size: 86 bytes; exists: false
       Install file: /home/labuser/SmartBear/SoapUI-5.8.0/SoapUI-Tutorials/Sample-Authentication-Project-soapui-project.xml; size: 7268 bytes; exists: false
       Install file: /home/labuser/SmartBear/SoapUI-5.8.0/SoapUI-Tutorials/Sample-REST-Project-soapui-project.xml; size: 9456 bytes; exists: false
       Install file: /home/labuser/SmartBear/SoapUI-5.8.0/SoapUI-Tutorials/Sample-SOAP-Project-soapui-project.xml; size: 142945 bytes; exists: false
       Install file: /home/labuser/SmartBear/SoapUI-5.8.0/SoapUI-Tutorials/WSDL-WADL/sample-service.wadl; size: 1413 bytes; exists: false
       Install file: /home/labuser/SmartBear/SoapUI-5.8.0/SoapUI-Tutorials/WSDL-WADL/sample-service.wsdl; size: 7130 bytes; exists: false
       Install file: /home/labuser/SmartBear/SoapUI-5.8.0/SoapUI-Tutorials/popular-apis/Amazon-soapui-project.xml; size: 106242 bytes; exists: false
       Install file: /home/labuser/SmartBear/SoapUI-5.8.0/SoapUI-Tutorials/popular-apis/Facebook-soapui-project.xml; size: 21296 bytes; exists: false
       Install file: /home/labuser/SmartBear/SoapUI-5.8.0/SoapUI-Tutorials/popular-apis/Flickr-soapui-project.xml; size: 27775 bytes; exists: false
       Install file: /home/labuser/SmartBear/SoapUI-5.8.0/SoapUI-Tutorials/popular-apis/Google-Maps-soapui-project.xml; size: 123949 bytes; exists: false
       Install file: /home/labuser/SmartBear/SoapUI-5.8.0/SoapUI-Tutorials/popular-apis/Twitter-soapui-project.xml; size: 34023 bytes; exists: false
       Install file: /home/labuser/SmartBear/SoapUI-5.8.0/SoapUI-Tutorials/popular-apis/YouTube-soapui-project.xml; size: 29458 bytes; exists: false
       Install file: /home/labuser/SmartBear/SoapUI-5.8.0/source/demo/soapui/demo/DemoAction.java; size: 1223 bytes; exists: false
       Install file: /home/labuser/SmartBear/SoapUI-5.8.0/source/demo/soapui/demo/DemoListener.java; size: 1395 bytes; exists: false
       Install file: /home/labuser/SmartBear/SoapUI-5.8.0/source/html/index.html; size: 723 bytes; exists: false
       Install file: /home/labuser/SmartBear/SoapUI-5.8.0/source/html/subsection-popup.html; size: 964 bytes; exists: false
       Install file: /home/labuser/SmartBear/SoapUI-5.8.0/source/iistest/response.asp; size: 450 bytes; exists: false
       Install file: /home/labuser/SmartBear/SoapUI-5.8.0/source/jsl/changelog2txt.jsl; size: 1627 bytes; exists: false
       Install file: /home/labuser/SmartBear/SoapUI-5.8.0/source/jsl/soapui-site.jsl; size: 26259 bytes; exists: false
       Install file: /home/labuser/SmartBear/SoapUI-5.8.0/source/main/java/com/eviware/soapui/DefaultSoapUICore.java; size: 27717 bytes; exists: false
       Install file: /home/labuser/SmartBear/SoapUI-5.8.0/source/main/java/com/eviware/soapui/RecentItemsListener.java; size: 23038 bytes; exists: false
       Install file: /home/labuser/SmartBear/SoapUI-5.8.0/source/main/java/com/eviware/soapui/SoapUI.java; size: 79459 bytes; exists: false
       Install file: /home/labuser/SmartBear/SoapUI-5.8.0/source/main/java/com/eviware/soapui/SoapUICore.java; size: 1668 bytes; exists: false
       Install file: /home/labuser/SmartBear/SoapUI-5.8.0/source/main/java/com/eviware/soapui/SoapUIExtensionClassLoader.java; size: 6483 bytes; exists: false
       Install file: /home/labuser/SmartBear/SoapUI-5.8.0/source/main/java/com/eviware/soapui/SoapUIPlugin.java; size: 925 bytes; exists: false
       Install file: /home/labuser/SmartBear/SoapUI-5.8.0/source/main/java/com/eviware/soapui/SoapUISystemProperties.java; size: 1739 bytes; exists: false
       Install file: /home/labuser/SmartBear/SoapUI-5.8.0/source/main/java/com/eviware/soapui/SoapUIThreadCreator.java; size: 1192 bytes; exists: false
       Install file: /home/labuser/SmartBear/SoapUI-5.8.0/source/main/java/com/eviware/soapui/StandaloneSoapUICore.java; size: 4084 bytes; exists: false
       Install file: /home/labuser/SmartBear/SoapUI-5.8.0/source/main/java/com/eviware/soapui/SwingPluginSoapUICore.java; size: 1370 bytes; exists: false
       Install file: /home/labuser/SmartBear/SoapUI-5.8.0/source/main/java/com/eviware/soapui/SwingSoapUICore.java; size: 7186 bytes; exists: false
       Install file: /home/labuser/SmartBear/SoapUI-5.8.0/source/main/java/com/eviware/soapui/Util/SoapUITools.java; size: 2904 bytes; exists: false
       Install file: /home/labuser/SmartBear/SoapUI-5.8.0/source/main/java/com/eviware/soapui/Version.java; size: 1205 bytes; exists: false
       Install file: /home/labuser/SmartBear/SoapUI-5.8.0/source/main/java/com/eviware/soapui/actions/AnnotatedSettingsPrefs.java; size: 5726 bytes; exists: false
       Install file: /home/labuser/SmartBear/SoapUI-5.8.0/source/main/java/com/eviware/soapui/actions/CloseOpenProjectsAction.java; size: 2441 bytes; exists: false
       Install file: /home/labuser/SmartBear/SoapUI-5.8.0/source/main/java/com/eviware/soapui/actions/EditorPrefs.java; size: 7325 bytes; exists: false
       Install file: /home/labuser/SmartBear/SoapUI-5.8.0/source/main/java/com/eviware/soapui/actions/ExportProjectAction.java; size: 2380 bytes; exists: false
       Install file: /home/labuser/SmartBear/SoapUI-5.8.0/source/main/java/com/eviware/soapui/actions/GlobalPropertiesPrefs.java; size: 2911 bytes; exists: false
       Install file: /home/labuser/SmartBear/SoapUI-5.8.0/source/main/java/com/eviware/soapui/actions/HttpPrefs.java; size: 11333 bytes; exists: false
       Install file: /home/labuser/SmartBear/SoapUI-5.8.0/source/main/java/com/eviware/soapui/actions/ImportPackedProject.java; size: 2833 bytes; exists: false
       Install file: /home/labuser/SmartBear/SoapUI-5.8.0/source/main/java/com/eviware/soapui/actions/MockAsWarAction.java; size: 7359 bytes; exists: false
       Install file: /home/labuser/SmartBear/SoapUI-5.8.0/source/main/java/com/eviware/soapui/actions/OpenClosedProjectsAction.java; size: 2213 bytes; exists: false
       Install file: /home/labuser/SmartBear/SoapUI-5.8.0/source/main/java/com/eviware/soapui/actions/Prefs.java; size: 1350 bytes; exists: false
       Install file: /home/labuser/SmartBear/SoapUI-5.8.0/source/main/java/com/eviware/soapui/actions/PrefsFactory.java; size: 829 bytes; exists: false
       Install file: /home/labuser/SmartBear/SoapUI-5.8.0/source/main/java/com/eviware/soapui/actions/ProxyPrefs.java; size: 7382 bytes; exists: false
       Install file: /home/labuser/SmartBear/SoapUI-5.8.0/source/main/java/com/eviware/soapui/actions/SaveAllProjectsAction.java; size: 2986 bytes; exists: false
       Install file: /home/labuser/SmartBear/SoapUI-5.8.0/source/main/java/com/eviware/soapui/actions/SecurityScansPrefs.java; size: 5234 bytes; exists: false
       Install file: /home/labuser/SmartBear/SoapUI-5.8.0/source/main/java/com/eviware/soapui/actions/ShowSystemPropertiesAction.java; size: 2308 bytes; exists: false
       Install file: /home/labuser/SmartBear/SoapUI-5.8.0/source/main/java/com/eviware/soapui/actions/SoapUIPreferencesAction.java; size: 8741 bytes; exists: false
       Install file: /home/labuser/SmartBear/SoapUI-5.8.0/source/main/java/com/eviware/soapui/actions/StartHermesJMSButtonAction.java; size: 3331 bytes; exists: false
       Install file: /home/labuser/SmartBear/SoapUI-5.8.0/source/main/java/com/eviware/soapui/actions/SumbitUserInfoAction.java; size: 13227 bytes; exists: false
       Install file: /home/labuser/SmartBear/SoapUI-5.8.0/source/main/java/com/eviware/soapui/actions/SwitchDesktopPanelAction.java; size: 5018 bytes; exists: false
       Install file: /home/labuser/SmartBear/SoapUI-5.8.0/source/main/java/com/eviware/soapui/actions/ToolsPrefs.java; size: 6958 bytes; exists: false
       Install file: /home/labuser/SmartBear/SoapUI-5.8.0/source/main/java/com/eviware/soapui/actions/UIPrefs.java; size: 12086 bytes; exists: false
       Install file: /home/labuser/SmartBear/SoapUI-5.8.0/source/main/java/com/eviware/soapui/actions/UpdateableAction.java; size: 854 bytes; exists: false
       Install file: /home/labuser/SmartBear/SoapUI-5.8.0/source/main/java/com/eviware/soapui/actions/VersionUpdateAction.java; size: 1418 bytes; exists: false
       Install file: /home/labuser/SmartBear/SoapUI-5.8.0/source/main/java/com/eviware/soapui/actions/XQueryXPathTesterAction.java; size: 8116 bytes; exists: false
       Install file: /home/labuser/SmartBear/SoapUI-5.8.0/source/main/java/com/eviware/soapui/actions/package.html; size: 161 bytes; exists: false
       Install file: /home/labuser/SmartBear/SoapUI-5.8.0/source/main/java/com/eviware/soapui/analytics/Analytics.java; size: 2373 bytes; exists: false
       Install file: /home/labuser/SmartBear/SoapUI-5.8.0/source/main/java/com/eviware/soapui/analytics/AnalyticsHelper.java; size: 2179 bytes; exists: false
       Install file: /home/labuser/SmartBear/SoapUI-5.8.0/source/main/java/com/eviware/soapui/analytics/ModuleType.java; size: 1645 bytes; exists: false
       Install file: /home/labuser/SmartBear/SoapUI-5.8.0/source/main/java/com/eviware/soapui/analytics/ProductArea.java; size: 835 bytes; exists: false
       Install file: /home/labuser/SmartBear/SoapUI-5.8.0/source/main/java/com/eviware/soapui/analytics/SoapUIActions.java; size: 12837 bytes; exists: false
       Install file: /home/labuser/SmartBear/SoapUI-5.8.0/source/main/java/com/eviware/soapui/analytics/SoapUIFeatures.java; size: 1394 bytes; exists: false
       Install file: /home/labuser/SmartBear/SoapUI-5.8.0/source/main/java/com/eviware/soapui/analytics/SoapUIProductInfo.java; size: 1078 bytes; exists: false
       Install file: /home/labuser/SmartBear/SoapUI-5.8.0/source/main/java/com/eviware/soapui/analytics/UniqueUserIdentifier.java; size: 1797 bytes; exists: false
       Install file: /home/labuser/SmartBear/SoapUI-5.8.0/source/main/java/com/eviware/soapui/analytics/providers/BaseAnalyticsProvider.java; size: 0 bytes; exists: false
       Install file: /home/labuser/SmartBear/SoapUI-5.8.0/source/main/java/com/eviware/soapui/analytics/providers/OSUserProvider.java; size: 1693 bytes; exists: false
       Install file: /home/labuser/SmartBear/SoapUI-5.8.0/source/main/java/com/eviware/soapui/analytics/providers/OSUserProviderFactory.java; size: 600 bytes; exists: false
       Install file: /home/labuser/SmartBear/SoapUI-5.8.0/source/main/java/com/eviware/soapui/autoupdate/Install4jSoapUIUpdateProvider.java; size: 12425 bytes; exists: false
       Install file: /home/labuser/SmartBear/SoapUI-5.8.0/source/main/java/com/eviware/soapui/autoupdate/NewSoapUIVersionAvailableDialog.java; size: 8032 bytes; exists: false
       Install file: /home/labuser/SmartBear/SoapUI-5.8.0/source/main/java/com/eviware/soapui/autoupdate/SoapUIAutoUpdaterUtils.java; size: 1257 bytes; exists: false
       Install file: /home/labuser/SmartBear/SoapUI-5.8.0/source/main/java/com/eviware/soapui/autoupdate/SoapUISystemProperties.java; size: 1404 bytes; exists: false
       Install file: /home/labuser/SmartBear/SoapUI-5.8.0/source/main/java/com/eviware/soapui/autoupdate/SoapUIUpdateProvider.java; size: 856 bytes; exists: false
       Install file: /home/labuser/SmartBear/SoapUI-5.8.0/source/main/java/com/eviware/soapui/autoupdate/SoapUIUpdateProviderStub.java; size: 1153 bytes; exists: false
       Install file: /home/labuser/SmartBear/SoapUI-5.8.0/source/main/java/com/eviware/soapui/autoupdate/SoapUIVersionInfo.java; size: 4126 bytes; exists: false
       Install file: /home/labuser/SmartBear/SoapUI-5.8.0/source/main/java/com/eviware/soapui/autoupdate/VersionUpdateAction.java; size: 1258 bytes; exists: false
       Install file: /home/labuser/SmartBear/SoapUI-5.8.0/source/main/java/com/eviware/soapui/impl/EmptyPanelBuilder.java; size: 2527 bytes; exists: false
       Install file: /home/labuser/SmartBear/SoapUI-5.8.0/source/main/java/com/eviware/soapui/impl/InterfaceFactory.java; size: 1118 bytes; exists: false
       Install file: /home/labuser/SmartBear/SoapUI-5.8.0/source/main/java/com/eviware/soapui/impl/RoundButton.java; size: 1060 bytes; exists: false
       Install file: /home/labuser/SmartBear/SoapUI-5.8.0/source/main/java/com/eviware/soapui/impl/URIParser.java; size: 1945 bytes; exists: false
       Install file: /home/labuser/SmartBear/SoapUI-5.8.0/source/main/java/com/eviware/soapui/impl/WorkspaceFactoryImpl.java; size: 1431 bytes; exists: false
       Install file: /home/labuser/SmartBear/SoapUI-5.8.0/source/main/java/com/eviware/soapui/impl/WorkspaceImpl.java; size: 25620 bytes; exists: false
       Install file: /home/labuser/SmartBear/SoapUI-5.8.0/source/main/java/com/eviware/soapui/impl/WorkspaceImplPanelBuilder.java; size: 1858 bytes; exists: false
       Install file: /home/labuser/SmartBear/SoapUI-5.8.0/source/main/java/com/eviware/soapui/impl/WsdlInterfaceFactory.java; size: 5347 bytes; exists: false
       Install file: /home/labuser/SmartBear/SoapUI-5.8.0/source/main/java/com/eviware/soapui/impl/actions/ClearWorkspaceAction.java; size: 2175 bytes; exists: false
       Install file: /home/labuser/SmartBear/SoapUI-5.8.0/source/main/java/com/eviware/soapui/impl/actions/ImportMethod.java; size: 363 bytes; exists: false
       Install file: /home/labuser/SmartBear/SoapUI-5.8.0/source/main/java/com/eviware/soapui/impl/actions/ImportMethodFactory.java; size: 130 bytes; exists: false
       Install file: /home/labuser/SmartBear/SoapUI-5.8.0/source/main/java/com/eviware/soapui/impl/actions/ImportRemoteWsdlProjectAction.java; size: 2551 bytes; exists: false
       Install file: /home/labuser/SmartBear/SoapUI-5.8.0/source/main/java/com/eviware/soapui/impl/actions/ImportWsdlProjectAction.java; size: 2981 bytes; exists: false
       Install file: /home/labuser/SmartBear/SoapUI-5.8.0/source/main/java/com/eviware/soapui/impl/actions/Labeled.java; size: 946 bytes; exists: false
       Install file: /home/labuser/SmartBear/SoapUI-5.8.0/source/main/java/com/eviware/soapui/impl/actions/LabeledItem.java; size: 1075 bytes; exists: false
       Install file: /home/labuser/SmartBear/SoapUI-5.8.0/source/main/java/com/eviware/soapui/impl/actions/NewEmptyProjectAction.java; size: 2137 bytes; exists: false
       Install file: /home/labuser/SmartBear/SoapUI-5.8.0/source/main/java/com/eviware/soapui/impl/actions/NewRestProjectAction.java; size: 3476 bytes; exists: false
       Install file: /home/labuser/SmartBear/SoapUI-5.8.0/source/main/java/com/eviware/soapui/impl/actions/NewWadlProjectAction.java; size: 6246 bytes; exists: false
       Install file: /home/labuser/SmartBear/SoapUI-5.8.0/source/main/java/com/eviware/soapui/impl/actions/NewWorkspaceAction.java; size: 3602 bytes; exists: false
       Install file: /home/labuser/SmartBear/SoapUI-5.8.0/source/main/java/com/eviware/soapui/impl/actions/NewWsdlProjectAction.java; size: 8442 bytes; exists: false
       Install file: /home/labuser/SmartBear/SoapUI-5.8.0/source/main/java/com/eviware/soapui/impl/actions/RenameWorkspaceAction.java; size: 1921 bytes; exists: false
       Install file: /home/labuser/SmartBear/SoapUI-5.8.0/source/main/java/com/eviware/soapui/impl/actions/RestServiceBuilder.java; size: 10943 bytes; exists: false
       Install file: /home/labuser/SmartBear/SoapUI-5.8.0/source/main/java/com/eviware/soapui/impl/actions/RestUriDialogHandler.java; size: 5344 bytes; exists: false
       Install file: /home/labuser/SmartBear/SoapUI-5.8.0/source/main/java/com/eviware/soapui/impl/actions/SwitchWorkspaceAction.java; size: 3734 bytes; exists: false
       Install file: /home/labuser/SmartBear/SoapUI-5.8.0/source/main/java/com/eviware/soapui/impl/actions/WorkspaceImplSoapUIActionGroup.java; size: 2574 bytes; exists: false
       Install file: /home/labuser/SmartBear/SoapUI-5.8.0/source/main/java/com/eviware/soapui/impl/actions/multi/MultiAssertionDeleteAction.java; size: 2422 bytes; exists: false
       Install file: /home/labuser/SmartBear/SoapUI-5.8.0/source/main/java/com/eviware/soapui/impl/actions/multi/MultiTestStepDeleteAction.java; size: 1732 bytes; exists: false
       Install file: /home/labuser/SmartBear/SoapUI-5.8.0/source/main/java/com/eviware/soapui/impl/actions/multi/MultiTestStepDisableAction.java; size: 2201 bytes; exists: false
       Install file: /home/labuser/SmartBear/SoapUI-5.8.0/source/main/java/com/eviware/soapui/impl/actions/multi/MultiTestStepEnableAction.java; size: 2196 bytes; exists: false
       Install file: /home/labuser/SmartBear/SoapUI-5.8.0/source/main/java/com/eviware/soapui/impl/actions/package.html; size: 167 bytes; exists: false
       Install file: /home/labuser/SmartBear/SoapUI-5.8.0/source/main/java/com/eviware/soapui/impl/package.html; size: 184 bytes; exists: false
       Install file: /home/labuser/SmartBear/SoapUI-5.8.0/source/main/java/com/eviware/soapui/impl/rest/DefaultOAuth2ProfileContainer.java; size: 7914 bytes; exists: false
       Install file: /home/labuser/SmartBear/SoapUI-5.8.0/source/main/java/com/eviware/soapui/impl/rest/OAuth1Profile.java; size: 21316 bytes; exists: false
       Install file: /home/labuser/SmartBear/SoapUI-5.8.0/source/main/java/com/eviware/soapui/impl/rest/OAuth1ProfileContainer.java; size: 6847 bytes; exists: false
       Install file: /home/labuser/SmartBear/SoapUI-5.8.0/source/main/java/com/eviware/soapui/impl/rest/OAuth1ProfileListener.java; size: 248 bytes; exists: false
       Install file: /home/labuser/SmartBear/SoapUI-5.8.0/source/main/java/com/eviware/soapui/impl/rest/OAuth2Profile.java; size: 24831 bytes; exists: false
       Install file: /home/labuser/SmartBear/SoapUI-5.8.0/source/main/java/com/eviware/soapui/impl/rest/OAuth2ProfileContainer.java; size: 1721 bytes; exists: false
       Install file: /home/labuser/SmartBear/SoapUI-5.8.0/source/main/java/com/eviware/soapui/impl/rest/OAuth2ProfileListener.java; size: 1004 bytes; exists: false
       Install file: /home/labuser/SmartBear/SoapUI-5.8.0/source/main/java/com/eviware/soapui/impl/rest/RestMethod.java; size: 15298 bytes; exists: false
       Install file: /home/labuser/SmartBear/SoapUI-5.8.0/source/main/java/com/eviware/soapui/impl/rest/RestMockResultMessageExchange.java; size: 3664 bytes; exists: false
       Install file: /home/labuser/SmartBear/SoapUI-5.8.0/source/main/java/com/eviware/soapui/impl/rest/RestRepresentation.java; size: 7991 bytes; exists: false
       Install file: /home/labuser/SmartBear/SoapUI-5.8.0/source/main/java/com/eviware/soapui/impl/rest/RestRequest.java; size: 20879 bytes; exists: false
       Install file: /home/labuser/SmartBear/SoapUI-5.8.0/source/main/java/com/eviware/soapui/impl/rest/RestRequestInterface.java; size: 2706 bytes; exists: false
       Install file: /home/labuser/SmartBear/SoapUI-5.8.0/source/main/java/com/eviware/soapui/impl/rest/RestResource.java; size: 19207 bytes; exists: false
       Install file: /home/labuser/SmartBear/SoapUI-5.8.0/source/main/java/com/eviware/soapui/impl/rest/RestResourceContainer.java; size: 973 bytes; exists: false
       Install file: /home/labuser/SmartBear/SoapUI-5.8.0/source/main/java/com/eviware/soapui/impl/rest/RestService.java; size: 8443 bytes; exists: false
       Install file: /home/labuser/SmartBear/SoapUI-5.8.0/source/main/java/com/eviware/soapui/impl/rest/RestServiceFactory.java; size: 1635 bytes; exists: false
       Install file: /home/labuser/SmartBear/SoapUI-5.8.0/source/main/java/com/eviware/soapui/impl/rest/RestURIParser.java; size: 1717 bytes; exists: false
       Install file: /home/labuser/SmartBear/SoapUI-5.8.0/source/main/java/com/eviware/soapui/impl/rest/WadlGenerator.java; size: 11777 bytes; exists: false
       Install file: /home/labuser/SmartBear/SoapUI-5.8.0/source/main/java/com/eviware/soapui/impl/rest/actions/explorer/EndpointExplorerAction.java; size: 3250 bytes; exists: false
       Install file: /home/labuser/SmartBear/SoapUI-5.8.0/source/main/java/com/eviware/soapui/impl/rest/actions/explorer/RequestInspectionData.java; size: 820 bytes; exists: false
       Install file: /home/labuser/SmartBear/SoapUI-5.8.0/source/main/java/com/eviware/soapui/impl/rest/actions/explorer/callback/EndpointExplorerCallback.java; size: 13719 bytes; exists: false
       Install file: /home/labuser/SmartBear/SoapUI-5.8.0/source/main/java/com/eviware/soapui/impl/rest/actions/method/CloneRestMethodAction.java; size: 1660 bytes; exists: false
       Install file: /home/labuser/SmartBear/SoapUI-5.8.0/source/main/java/com/eviware/soapui/impl/rest/actions/method/DeleteRestMethodAction.java; size: 1515 bytes; exists: false
       Install file: /home/labuser/SmartBear/SoapUI-5.8.0/source/main/java/com/eviware/soapui/impl/rest/actions/method/NewRestRequestAction.java; size: 3152 bytes; exists: false
       Install file: /home/labuser/SmartBear/SoapUI-5.8.0/source/main/java/com/eviware/soapui/impl/rest/actions/method/RenameRestMethodAction.java; size: 1495 bytes; exists: false
       Install file: /home/labuser/SmartBear/SoapUI-5.8.0/source/main/java/com/eviware/soapui/impl/rest/actions/method/SaveRequestAction.java; size: 6987 bytes; exists: false
       Install file: /home/labuser/SmartBear/SoapUI-5.8.0/source/main/java/com/eviware/soapui/impl/rest/actions/mock/AddEmptyRestMockResourceAction.java; size: 3192 bytes; exists: false
       Install file: /home/labuser/SmartBear/SoapUI-5.8.0/source/main/java/com/eviware/soapui/impl/rest/actions/mock/AddRestRequestToMockServiceAction.java; size: 6209 bytes; exists: false
       Install file: /home/labuser/SmartBear/SoapUI-5.8.0/source/main/java/com/eviware/soapui/impl/rest/actions/mock/RestMockServiceOptionsAction.java; size: 3528 bytes; exists: false
       Install file: /home/labuser/SmartBear/SoapUI-5.8.0/source/main/java/com/eviware/soapui/impl/rest/actions/oauth/BrowserListener.java; size: 1091 bytes; exists: false
       Install file: /home/labuser/SmartBear/SoapUI-5.8.0/source/main/java/com/eviware/soapui/impl/rest/actions/oauth/BrowserListenerAdapter.java; size: 1247 bytes; exists: false
       Install file: /home/labuser/SmartBear/SoapUI-5.8.0/source/main/java/com/eviware/soapui/impl/rest/actions/oauth/GetOAuth1TokenAction.java; size: 1462 bytes; exists: false
       Install file: /home/labuser/SmartBear/SoapUI-5.8.0/source/main/java/com/eviware/soapui/impl/rest/actions/oauth/GetOAuthAccessTokenAction.java; size: 2372 bytes; exists: false
       Install file: /home/labuser/SmartBear/SoapUI-5.8.0/source/main/java/com/eviware/soapui/impl/rest/actions/oauth/GoogleOAuth1ClientFacade.java; size: 9756 bytes; exists: false
       Install file: /home/labuser/SmartBear/SoapUI-5.8.0/source/main/java/com/eviware/soapui/impl/rest/actions/oauth/InvalidOAuthParametersException.java; size: 1018 bytes; exists: false
       Install file: /home/labuser/SmartBear/SoapUI-5.8.0/source/main/java/com/eviware/soapui/impl/rest/actions/oauth/JavaScriptValidationError.java; size: 1375 bytes; exists: false
       Install file: /home/labuser/SmartBear/SoapUI-5.8.0/source/main/java/com/eviware/soapui/impl/rest/actions/oauth/JavaScriptValidator.java; size: 1359 bytes; exists: false
       Install file: /home/labuser/SmartBear/SoapUI-5.8.0/source/main/java/com/eviware/soapui/impl/rest/actions/oauth/OAuth1ClientFacade.java; size: 452 bytes; exists: false
       Install file: /home/labuser/SmartBear/SoapUI-5.8.0/source/main/java/com/eviware/soapui/impl/rest/actions/oauth/OAuth1Exception.java; size: 177 bytes; exists: false
       Install file: /home/labuser/SmartBear/SoapUI-5.8.0/source/main/java/com/eviware/soapui/impl/rest/actions/oauth/OAuth1Parameters.java; size: 2395 bytes; exists: false
       Install file: /home/labuser/SmartBear/SoapUI-5.8.0/source/main/java/com/eviware/soapui/impl/rest/actions/oauth/OAuth2AccessTokenResponse.java; size: 3084 bytes; exists: false
       Install file: /home/labuser/SmartBear/SoapUI-5.8.0/source/main/java/com/eviware/soapui/impl/rest/actions/oauth/OAuth2ClientFacade.java; size: 1177 bytes; exists: false
       Install file: /home/labuser/SmartBear/SoapUI-5.8.0/source/main/java/com/eviware/soapui/impl/rest/actions/oauth/OAuth2Exception.java; size: 908 bytes; exists: false
       Install file: /home/labuser/SmartBear/SoapUI-5.8.0/source/main/java/com/eviware/soapui/impl/rest/actions/oauth/OAuth2Parameters.java; size: 4402 bytes; exists: false
       Install file: /home/labuser/SmartBear/SoapUI-5.8.0/source/main/java/com/eviware/soapui/impl/rest/actions/oauth/OAuth2TokenExtractor.java; size: 15169 bytes; exists: false
       Install file: /home/labuser/SmartBear/SoapUI-5.8.0/source/main/java/com/eviware/soapui/impl/rest/actions/oauth/OAuthParameterValidator.java; size: 4446 bytes; exists: false
       Install file: /home/labuser/SmartBear/SoapUI-5.8.0/source/main/java/com/eviware/soapui/impl/rest/actions/oauth/OltuOAuth2ClientFacade.java; size: 6641 bytes; exists: false
       Install file: /home/labuser/SmartBear/SoapUI-5.8.0/source/main/java/com/eviware/soapui/impl/rest/actions/oauth/PropertyExpansionFunction.java; size: 1715 bytes; exists: false
       Install file: /home/labuser/SmartBear/SoapUI-5.8.0/source/main/java/com/eviware/soapui/impl/rest/actions/oauth/RefreshOAuthAccessTokenAction.java; size: 2393 bytes; exists: false
       Install file: /home/labuser/SmartBear/SoapUI-5.8.0/source/main/java/com/eviware/soapui/impl/rest/actions/oauth/UserBrowserFacade.java; size: 1141 bytes; exists: false
       Install file: /home/labuser/SmartBear/SoapUI-5.8.0/source/main/java/com/eviware/soapui/impl/rest/actions/oauth/WebViewUserBrowserFacade.java; size: 3175 bytes; exists: false
       Install file: /home/labuser/SmartBear/SoapUI-5.8.0/source/main/java/com/eviware/soapui/impl/rest/actions/project/NewRestServiceAction.java; size: 2654 bytes; exists: false
       Install file: /home/labuser/SmartBear/SoapUI-5.8.0/source/main/java/com/eviware/soapui/impl/rest/actions/request/AddRestRequestToTestCaseAction.java; size: 4986 bytes; exists: false
       Install file: /home/labuser/SmartBear/SoapUI-5.8.0/source/main/java/com/eviware/soapui/impl/rest/actions/request/CloneRestRequestAction.java; size: 1700 bytes; exists: false
       Install file: /home/labuser/SmartBear/SoapUI-5.8.0/source/main/java/com/eviware/soapui/impl/rest/actions/request/DeleteRestRequestAction.java; size: 1624 bytes; exists: false
       Install file: /home/labuser/SmartBear/SoapUI-5.8.0/source/main/java/com/eviware/soapui/impl/rest/actions/request/RenameRestRequestAction.java; size: 1501 bytes; exists: false
       Install file: /home/labuser/SmartBear/SoapUI-5.8.0/source/main/java/com/eviware/soapui/impl/rest/actions/resource/CloneRestResourceAction.java; size: 1723 bytes; exists: false
       Install file: /home/labuser/SmartBear/SoapUI-5.8.0/source/main/java/com/eviware/soapui/impl/rest/actions/resource/DeleteRestResourceAction.java; size: 1636 bytes; exists: false
       Install file: /home/labuser/SmartBear/SoapUI-5.8.0/source/main/java/com/eviware/soapui/impl/rest/actions/resource/NewRestChildResourceAction.java; size: 2036 bytes; exists: false
       Install file: /home/labuser/SmartBear/SoapUI-5.8.0/source/main/java/com/eviware/soapui/impl/rest/actions/resource/NewRestMethodAction.java; size: 5589 bytes; exists: false
       Install file: /home/labuser/SmartBear/SoapUI-5.8.0/source/main/java/com/eviware/soapui/impl/rest/actions/resource/RenameRestResourceAction.java; size: 1515 bytes; exists: false
       Install file: /home/labuser/SmartBear/SoapUI-5.8.0/source/main/java/com/eviware/soapui/impl/rest/actions/service/CreateWadlDocumentationAction.java; size: 6417 bytes; exists: false
       Install file: /home/labuser/SmartBear/SoapUI-5.8.0/source/main/java/com/eviware/soapui/impl/rest/actions/service/DeleteRestServiceAction.java; size: 2048 bytes; exists: false
       Install file: /home/labuser/SmartBear/SoapUI-5.8.0/source/main/java/com/eviware/soapui/impl/rest/actions/service/ExportWadlAction.java; size: 2614 bytes; exists: false
       Install file: /home/labuser/SmartBear/SoapUI-5.8.0/source/main/java/com/eviware/soapui/impl/rest/actions/service/GenerateRestMockServiceAction.java; size: 5414 bytes; exists: false
       Install file: /home/labuser/SmartBear/SoapUI-5.8.0/source/main/java/com/eviware/soapui/impl/rest/actions/service/GenerateRestTestSuiteAction.java; size: 8120 bytes; exists: false
       Install file: /home/labuser/SmartBear/SoapUI-5.8.0/source/main/java/com/eviware/soapui/impl/rest/actions/service/NewRestResourceAction.java; size: 1825 bytes; exists: false
       Install file: /home/labuser/SmartBear/SoapUI-5.8.0/source/main/java/com/eviware/soapui/impl/rest/actions/service/Wadl2JavaAction.java; size: 5591 bytes; exists: false
       Install file: /home/labuser/SmartBear/SoapUI-5.8.0/source/main/java/com/eviware/soapui/impl/rest/actions/support/NewRestResourceActionBase.java; size: 7168 bytes; exists: false
       Install file: /home/labuser/SmartBear/SoapUI-5.8.0/source/main/java/com/eviware/soapui/impl/rest/actions/support/ParamLocation.java; size: 993 bytes; exists: false
       Install file: /home/labuser/SmartBear/SoapUI-5.8.0/source/main/java/com/eviware/soapui/impl/rest/mock/RestMockAction.java; size: 7106 bytes; exists: false
       Install file: /home/labuser/SmartBear/SoapUI-5.8.0/source/main/java/com/eviware/soapui/impl/rest/mock/RestMockDispatcher.java; size: 3753 bytes; exists: false
       Install file: /home/labuser/SmartBear/SoapUI-5.8.0/source/main/java/com/eviware/soapui/impl/rest/mock/RestMockRequest.java; size: 1427 bytes; exists: false
       Install file: /home/labuser/SmartBear/SoapUI-5.8.0/source/main/java/com/eviware/soapui/impl/rest/mock/RestMockResponse.java; size: 6000 bytes; exists: false
       Install file: /home/labuser/SmartBear/SoapUI-5.8.0/source/main/java/com/eviware/soapui/impl/rest/mock/RestMockResult.java; size: 1855 bytes; exists: false
       Install file: /home/labuser/SmartBear/SoapUI-5.8.0/source/main/java/com/eviware/soapui/impl/rest/mock/RestMockService.java; size: 7696 bytes; exists: false
       Install file: /home/labuser/SmartBear/SoapUI-5.8.0/source/main/java/com/eviware/soapui/impl/rest/panels/component/RestResourceEditor.java; size: 7100 bytes; exists: false
       Install file: /home/labuser/SmartBear/SoapUI-5.8.0/source/main/java/com/eviware/soapui/impl/rest/panels/component/RestResourceEditorPopupWindow.java; size: 10210 bytes; exists: false
       Install file: /home/labuser/SmartBear/SoapUI-5.8.0/source/main/java/com/eviware/soapui/impl/rest/panels/component/RestResourceFinder.java; size: 1959 bytes; exists: false
       Install file: /home/labuser/SmartBear/SoapUI-5.8.0/source/main/java/com/eviware/soapui/impl/rest/panels/method/RestMethodDesktopPanel.java; size: 5451 bytes; exists: false
       Install file: /home/labuser/SmartBear/SoapUI-5.8.0/source/main/java/com/eviware/soapui/impl/rest/panels/method/RestMethodPanelBuilder.java; size: 1964 bytes; exists: false
       Install file: /home/labuser/SmartBear/SoapUI-5.8.0/source/main/java/com/eviware/soapui/impl/rest/panels/method/RestRepresentationsTable.java; size: 9596 bytes; exists: false
       Install file: /home/labuser/SmartBear/SoapUI-5.8.0/source/main/java/com/eviware/soapui/impl/rest/panels/mock/RestMockActionDesktopPanel.java; size: 4099 bytes; exists: false
       Install file: /home/labuser/SmartBear/SoapUI-5.8.0/source/main/java/com/eviware/soapui/impl/rest/panels/mock/RestMockActionPanelBuilder.java; size: 2076 bytes; exists: false
       Install file: /home/labuser/SmartBear/SoapUI-5.8.0/source/main/java/com/eviware/soapui/impl/rest/panels/mock/RestMockResponseDesktopPanel.java; size: 7507 bytes; exists: false
       Install file: /home/labuser/SmartBear/SoapUI-5.8.0/source/main/java/com/eviware/soapui/impl/rest/panels/mock/RestMockResponsePanelBuilder.java; size: 4039 bytes; exists: false
       Install file: /home/labuser/SmartBear/SoapUI-5.8.0/source/main/java/com/eviware/soapui/impl/rest/panels/mock/RestMockServicePanelBuilder.java; size: 2097 bytes; exists: false
       Install file: /home/labuser/SmartBear/SoapUI-5.8.0/source/main/java/com/eviware/soapui/impl/rest/panels/request/AbstractRestRequestDesktopPanel.java; size: 11191 bytes; exists: false
       Install file: /home/labuser/SmartBear/SoapUI-5.8.0/source/main/java/com/eviware/soapui/impl/rest/panels/request/ParameterFinder.java; size: 2600 bytes; exists: false
       Install file: /home/labuser/SmartBear/SoapUI-5.8.0/source/main/java/com/eviware/soapui/impl/rest/panels/request/ParametersField.java; size: 7877 bytes; exists: false
       Install file: /home/labuser/SmartBear/SoapUI-5.8.0/source/main/java/com/eviware/soapui/impl/rest/panels/request/RestRequestDesktopPanel.java; size: 4777 bytes; exists: false
       Install file: /home/labuser/SmartBear/SoapUI-5.8.0/source/main/java/com/eviware/soapui/impl/rest/panels/request/RestRequestMethodModel.java; size: 2436 bytes; exists: false
       Install file: /home/labuser/SmartBear/SoapUI-5.8.0/source/main/java/com/eviware/soapui/impl/rest/panels/request/RestRequestPanelBuilder.java; size: 4012 bytes; exists: false
       Install file: /home/labuser/SmartBear/SoapUI-5.8.0/source/main/java/com/eviware/soapui/impl/rest/panels/request/TextPanelWithTopLabel.java; size: 1775 bytes; exists: false
       Install file: /home/labuser/SmartBear/SoapUI-5.8.0/source/main/java/com/eviware/soapui/impl/rest/panels/request/inspectors/representations/AbstractRestRepresentationsInspector.java; size: 3909 bytes; exists: false
       Install file: /home/labuser/SmartBear/SoapUI-5.8.0/source/main/java/com/eviware/soapui/impl/rest/panels/request/inspectors/representations/RestRepresentationsInspectorFactory.java; size: 2036 bytes; exists: false
       Install file: /home/labuser/SmartBear/SoapUI-5.8.0/source/main/java/com/eviware/soapui/impl/rest/panels/request/inspectors/representations/RestRequestRepresentationsInspector.java; size: 5259 bytes; exists: false
       Install file: /home/labuser/SmartBear/SoapUI-5.8.0/source/main/java/com/eviware/soapui/impl/rest/panels/request/inspectors/representations/RestResponseRepresentationsInspector.java; size: 6189 bytes; exists: false
       Install file: /home/labuser/SmartBear/SoapUI-5.8.0/source/main/java/com/eviware/soapui/impl/rest/panels/request/inspectors/schema/InferredSchemaInspector.java; size: 15181 bytes; exists: false
       Install file: /home/labuser/SmartBear/SoapUI-5.8.0/source/main/java/com/eviware/soapui/impl/rest/panels/request/inspectors/schema/InferredSchemaInspectorFactory.java; size: 1673 bytes; exists: false
       Install file: /home/labuser/SmartBear/SoapUI-5.8.0/source/main/java/com/eviware/soapui/impl/rest/panels/request/inspectors/schema/InferredSchemaManager.java; size: 5096 bytes; exists: false
       Install file: /home/labuser/SmartBear/SoapUI-5.8.0/source/main/java/com/eviware/soapui/impl/rest/panels/request/views/content/GraphQLRequestContentView.java; size: 5864 bytes; exists: false
       Install file: /home/labuser/SmartBear/SoapUI-5.8.0/source/main/java/com/eviware/soapui/impl/rest/panels/request/views/content/RestRequestContentView.java; size: 8061 bytes; exists: false
       Install file: /home/labuser/SmartBear/SoapUI-5.8.0/source/main/java/com/eviware/soapui/impl/rest/panels/request/views/content/RestTestRequestContentView.java; size: 2785 bytes; exists: false
       Install file: /home/labuser/SmartBear/SoapUI-5.8.0/source/main/java/com/eviware/soapui/impl/rest/panels/request/views/html/HttpHtmlMessageExchangeResponseView.java; size: 9482 bytes; exists: false
       Install file: /home/labuser/SmartBear/SoapUI-5.8.0/source/main/java/com/eviware/soapui/impl/rest/panels/request/views/html/HttpHtmlResponseView.java; size: 6156 bytes; exists: false
       Install file: /home/labuser/SmartBear/SoapUI-5.8.0/source/main/java/com/eviware/soapui/impl/rest/panels/request/views/html/HttpHtmlResponseViewFactory.java; size: 2353 bytes; exists: false
       Install file: /home/labuser/SmartBear/SoapUI-5.8.0/source/main/java/com/eviware/soapui/impl/rest/panels/request/views/json/JsonResponseMessageExchangeView.java; size: 5360 bytes; exists: false
       Install file: /home/labuser/SmartBear/SoapUI-5.8.0/source/main/java/com/eviware/soapui/impl/rest/panels/request/views/json/JsonResponseView.java; size: 9345 bytes; exists: false
       Install file: /home/labuser/SmartBear/SoapUI-5.8.0/source/main/java/com/eviware/soapui/impl/rest/panels/request/views/json/JsonResponseViewFactory.java; size: 2181 bytes; exists: false
       Install file: /home/labuser/SmartBear/SoapUI-5.8.0/source/main/java/com/eviware/soapui/impl/rest/panels/request/views/json/actions/FormatJsonAction.java; size: 2489 bytes; exists: false
       Install file: /home/labuser/SmartBear/SoapUI-5.8.0/source/main/java/com/eviware/soapui/impl/rest/panels/resource/RestParamsTable.java; size: 18283 bytes; exists: false
       Install file: /home/labuser/SmartBear/SoapUI-5.8.0/source/main/java/com/eviware/soapui/impl/rest/panels/resource/RestParamsTableModel.java; size: 6433 bytes; exists: false
       Install file: /home/labuser/SmartBear/SoapUI-5.8.0/source/main/java/com/eviware/soapui/impl/rest/panels/resource/RestResourceDesktopPanel.java; size: 4663 bytes; exists: false
       Install file: /home/labuser/SmartBear/SoapUI-5.8.0/source/main/java/com/eviware/soapui/impl/rest/panels/resource/RestResourcePanelBuilder.java; size: 1886 bytes; exists: false
       Install file: /home/labuser/SmartBear/SoapUI-5.8.0/source/main/java/com/eviware/soapui/impl/rest/panels/service/RestServiceDesktopPanel.java; size: 31593 bytes; exists: false
       Install file: /home/labuser/SmartBear/SoapUI-5.8.0/source/main/java/com/eviware/soapui/impl/rest/panels/service/RestServicePanelBuilder.java; size: 2013 bytes; exists: false
       Install file: /home/labuser/SmartBear/SoapUI-5.8.0/source/main/java/com/eviware/soapui/impl/rest/support/MediaTypeHandler.java; size: 1132 bytes; exists: false
       Install file: /home/labuser/SmartBear/SoapUI-5.8.0/source/main/java/com/eviware/soapui/impl/rest/support/MediaTypeHandlerRegistry.java; size: 2040 bytes; exists: false
       Install file: /home/labuser/SmartBear/SoapUI-5.8.0/source/main/java/com/eviware/soapui/impl/rest/support/OverlayRestParamsPropertyHolder.java; size: 12427 bytes; exists: false
       Install file: /home/labuser/SmartBear/SoapUI-5.8.0/source/main/java/com/eviware/soapui/impl/rest/support/RestParamProperty.java; size: 1491 bytes; exists: false
       Install file: /home/labuser/SmartBear/SoapUI-5.8.0/source/main/java/com/eviware/soapui/impl/rest/support/RestParameter.java; size: 1791 bytes; exists: false
       Install file: /home/labuser/SmartBear/SoapUI-5.8.0/source/main/java/com/eviware/soapui/impl/rest/support/RestParamsPropertyHolder.java; size: 2095 bytes; exists: false
       Install file: /home/labuser/SmartBear/SoapUI-5.8.0/source/main/java/com/eviware/soapui/impl/rest/support/RestRequestConverter.java; size: 15410 bytes; exists: false
       Install file: /home/labuser/SmartBear/SoapUI-5.8.0/source/main/java/com/eviware/soapui/impl/rest/support/RestRequestParamsPropertyHolder.java; size: 22604 bytes; exists: false
       Install file: /home/labuser/SmartBear/SoapUI-5.8.0/source/main/java/com/eviware/soapui/impl/rest/support/RestURIParserImpl.java; size: 6563 bytes; exists: false
       Install file: /home/labuser/SmartBear/SoapUI-5.8.0/source/main/java/com/eviware/soapui/impl/rest/support/RestUtils.java; size: 14151 bytes; exists: false
       Install file: /home/labuser/SmartBear/SoapUI-5.8.0/source/main/java/com/eviware/soapui/impl/rest/support/WadlImporter.java; size: 24821 bytes; exists: false
       Install file: /home/labuser/SmartBear/SoapUI-5.8.0/source/main/java/com/eviware/soapui/impl/rest/support/XmlBeansRestParamsTestPropertyHolder.java; size: 28366 bytes; exists: false
       Install file: /home/labuser/SmartBear/SoapUI-5.8.0/source/main/java/com/eviware/soapui/impl/rest/support/handlers/DefaultMediaTypeHandler.java; size: 2357 bytes; exists: false
       Install file: /home/labuser/SmartBear/SoapUI-5.8.0/source/main/java/com/eviware/soapui/impl/rest/support/handlers/HtmlMediaTypeHandler.java; size: 2921 bytes; exists: false
       Install file: /home/labuser/SmartBear/SoapUI-5.8.0/source/main/java/com/eviware/soapui/impl/rest/support/handlers/JsonMediaTypeHandler.java; size: 4836 bytes; exists: false
       Install file: /home/labuser/SmartBear/SoapUI-5.8.0/source/main/java/com/eviware/soapui/impl/rest/support/handlers/JsonXmlSerializer.java; size: 54946 bytes; exists: false
       Install file: /home/labuser/SmartBear/SoapUI-5.8.0/source/main/java/com/eviware/soapui/impl/settings/SettingsImpl.java; size: 3575 bytes; exists: false
       Install file: /home/labuser/SmartBear/SoapUI-5.8.0/source/main/java/com/eviware/soapui/impl/settings/WeakSettingsListener.java; size: 1642 bytes; exists: false
       Install file: /home/labuser/SmartBear/SoapUI-5.8.0/source/main/java/com/eviware/soapui/impl/settings/XmlBeansSettingsImpl.java; size: 7562 bytes; exists: false
       Install file: /home/labuser/SmartBear/SoapUI-5.8.0/source/main/java/com/eviware/soapui/impl/settings/package.html; size: 188 bytes; exists: false
       Install file: /home/labuser/SmartBear/SoapUI-5.8.0/source/main/java/com/eviware/soapui/impl/support/AbstractHttpOperation.java; size: 1073 bytes; exists: false
       Install file: /home/labuser/SmartBear/SoapUI-5.8.0/source/main/java/com/eviware/soapui/impl/support/AbstractHttpRequest.java; size: 30868 bytes; exists: false
       Install file: /home/labuser/SmartBear/SoapUI-5.8.0/source/main/java/com/eviware/soapui/impl/support/AbstractHttpRequestInterface.java; size: 5573 bytes; exists: false
       Install file: /home/labuser/SmartBear/SoapUI-5.8.0/source/main/java/com/eviware/soapui/impl/support/AbstractInterface.java; size: 6672 bytes; exists: false
       Install file: /home/labuser/SmartBear/SoapUI-5.8.0/source/main/java/com/eviware/soapui/impl/support/AbstractMockOperation.java; size: 6409 bytes; exists: false
       Install file: /home/labuser/SmartBear/SoapUI-5.8.0/source/main/java/com/eviware/soapui/impl/support/AbstractMockRequest.java; size: 11841 bytes; exists: false
       Install file: /home/labuser/SmartBear/SoapUI-5.8.0/source/main/java/com/eviware/soapui/impl/support/AbstractMockResponse.java; size: 20461 bytes; exists: false
       Install file: /home/labuser/SmartBear/SoapUI-5.8.0/source/main/java/com/eviware/soapui/impl/support/AbstractMockService.java; size: 20251 bytes; exists: false
       Install file: /home/labuser/SmartBear/SoapUI-5.8.0/source/main/java/com/eviware/soapui/impl/support/BaseMockResult.java; size: 6004 bytes; exists: false
       Install file: /home/labuser/SmartBear/SoapUI-5.8.0/source/main/java/com/eviware/soapui/impl/support/DefinitionContext.java; size: 1252 bytes; exists: false
       Install file: /home/labuser/SmartBear/SoapUI-5.8.0/source/main/java/com/eviware/soapui/impl/support/EndpointSupport.java; size: 1426 bytes; exists: false
       Install file: /home/labuser/SmartBear/SoapUI-5.8.0/source/main/java/com/eviware/soapui/impl/support/EndpointsComboBoxModel.java; size: 7852 bytes; exists: false
       Install file: /home/labuser/SmartBear/SoapUI-5.8.0/source/main/java/com/eviware/soapui/impl/support/HasHelpUrl.java; size: 860 bytes; exists: false
       Install file: /home/labuser/SmartBear/SoapUI-5.8.0/source/main/java/com/eviware/soapui/impl/support/HttpUtils.java; size: 4207 bytes; exists: false
       Install file: /home/labuser/SmartBear/SoapUI-5.8.0/source/main/java/com/eviware/soapui/impl/support/MediaTypeUtils.java; size: 527 bytes; exists: false
       Install file: /home/labuser/SmartBear/SoapUI-5.8.0/source/main/java/com/eviware/soapui/impl/support/SSLUtils.java; size: 4726 bytes; exists: false
       Install file: /home/labuser/SmartBear/SoapUI-5.8.0/source/main/java/com/eviware/soapui/impl/support/actions/ShowOnlineHelpAction.java; size: 3332 bytes; exists: false
       Install file: /home/labuser/SmartBear/SoapUI-5.8.0/source/main/java/com/eviware/soapui/impl/support/components/ModelItemXmlEditor.java; size: 1696 bytes; exists: false
       Install file: /home/labuser/SmartBear/SoapUI-5.8.0/source/main/java/com/eviware/soapui/impl/support/components/RequestMessageXmlEditor.java; size: 2957 bytes; exists: false
       Install file: /home/labuser/SmartBear/SoapUI-5.8.0/source/main/java/com/eviware/soapui/impl/support/components/RequestXmlDocument.java; size: 3045 bytes; exists: false
       Install file: /home/labuser/SmartBear/SoapUI-5.8.0/source/main/java/com/eviware/soapui/impl/support/components/ResponseMessageXmlEditor.java; size: 3445 bytes; exists: false
       Install file: /home/labuser/SmartBear/SoapUI-5.8.0/source/main/java/com/eviware/soapui/impl/support/components/ResponseXmlDocument.java; size: 3638 bytes; exists: false
       Install file: /home/labuser/SmartBear/SoapUI-5.8.0/source/main/java/com/eviware/soapui/impl/support/components/package.html; size: 168 bytes; exists: false
       Install file: /home/labuser/SmartBear/SoapUI-5.8.0/source/main/java/com/eviware/soapui/impl/support/definition/DefinitionCache.java; size: 1113 bytes; exists: false
       Install file: /home/labuser/SmartBear/SoapUI-5.8.0/source/main/java/com/eviware/soapui/impl/support/definition/DefinitionLoader.java; size: 1178 bytes; exists: false
       Install file: /home/labuser/SmartBear/SoapUI-5.8.0/source/main/java/com/eviware/soapui/impl/support/definition/InterfaceDefinition.java; size: 1485 bytes; exists: false
       Install file: /home/labuser/SmartBear/SoapUI-5.8.0/source/main/java/com/eviware/soapui/impl/support/definition/InterfaceDefinitionPart.java; size: 950 bytes; exists: false
       Install file: /home/labuser/SmartBear/SoapUI-5.8.0/source/main/java/com/eviware/soapui/impl/support/definition/export/AbstractDefinitionExporter.java; size: 8526 bytes; exists: false
       Install file: /home/labuser/SmartBear/SoapUI-5.8.0/source/main/java/com/eviware/soapui/impl/support/definition/export/DefinitionExporter.java; size: 1025 bytes; exists: false
       Install file: /home/labuser/SmartBear/SoapUI-5.8.0/source/main/java/com/eviware/soapui/impl/support/definition/export/WadlDefinitionExporter.java; size: 4071 bytes; exists: false
       Install file: /home/labuser/SmartBear/SoapUI-5.8.0/source/main/java/com/eviware/soapui/impl/support/definition/export/WsdlDefinitionExporter.java; size: 1634 bytes; exists: false
       Install file: /home/labuser/SmartBear/SoapUI-5.8.0/source/main/java/com/eviware/soapui/impl/support/definition/support/AbstractDefinitionCache.java; size: 6373 bytes; exists: false
       Install file: /home/labuser/SmartBear/SoapUI-5.8.0/source/main/java/com/eviware/soapui/impl/support/definition/support/AbstractDefinitionContext.java; size: 12234 bytes; exists: false
       Install file: /home/labuser/SmartBear/SoapUI-5.8.0/source/main/java/com/eviware/soapui/impl/support/definition/support/AbstractDefinitionLoader.java; size: 1500 bytes; exists: false
       Install file: /home/labuser/SmartBear/SoapUI-5.8.0/source/main/java/com/eviware/soapui/impl/support/definition/support/AbstractInterfaceDefinition.java; size: 2048 bytes; exists: false
       Install file: /home/labuser/SmartBear/SoapUI-5.8.0/source/main/java/com/eviware/soapui/impl/support/definition/support/ConfigInterfaceDefinitionPart.java; size: 1987 bytes; exists: false
       Install file: /home/labuser/SmartBear/SoapUI-5.8.0/source/main/java/com/eviware/soapui/impl/support/definition/support/InterfaceCacheDefinitionLoader.java; size: 3865 bytes; exists: false
       Install file: /home/labuser/SmartBear/SoapUI-5.8.0/source/main/java/com/eviware/soapui/impl/support/definition/support/InterfaceConfigDefinitionCache.java; size: 1462 bytes; exists: false
       Install file: /home/labuser/SmartBear/SoapUI-5.8.0/source/main/java/com/eviware/soapui/impl/support/definition/support/InvalidDefinitionException.java; size: 4965 bytes; exists: false
       Install file: /home/labuser/SmartBear/SoapUI-5.8.0/source/main/java/com/eviware/soapui/impl/support/definition/support/StandaloneDefinitionCache.java; size: 1255 bytes; exists: false
       Install file: /home/labuser/SmartBear/SoapUI-5.8.0/source/main/java/com/eviware/soapui/impl/support/definition/support/XmlSchemaBasedInterfaceDefinition.java; size: 2776 bytes; exists: false
       Install file: /home/labuser/SmartBear/SoapUI-5.8.0/source/main/java/com/eviware/soapui/impl/support/http/HttpRequest.java; size: 13303 bytes; exists: false
       Install file: /home/labuser/SmartBear/SoapUI-5.8.0/source/main/java/com/eviware/soapui/impl/support/http/HttpRequestContentView.java; size: 11621 bytes; exists: false
       Install file: /home/labuser/SmartBear/SoapUI-5.8.0/source/main/java/com/eviware/soapui/impl/support/http/HttpRequestContentViewFactory.java; size: 2533 bytes; exists: false
       Install file: /home/labuser/SmartBear/SoapUI-5.8.0/source/main/java/com/eviware/soapui/impl/support/http/HttpRequestInterface.java; size: 1942 bytes; exists: false
       Install file: /home/labuser/SmartBear/SoapUI-5.8.0/source/main/java/com/eviware/soapui/impl/support/http/HttpRequestTestStep.java; size: 1013 bytes; exists: false
       Install file: /home/labuser/SmartBear/SoapUI-5.8.0/source/main/java/com/eviware/soapui/impl/support/http/MediaType.java; size: 1440 bytes; exists: false
       Install file: /home/labuser/SmartBear/SoapUI-5.8.0/source/main/java/com/eviware/soapui/impl/support/panels/AbstractHttpRequestDesktopPanel.java; size: 31432 bytes; exists: false
       Install file: /home/labuser/SmartBear/SoapUI-5.8.0/source/main/java/com/eviware/soapui/impl/support/panels/AbstractHttpXmlRequestDesktopPanel.java; size: 9310 bytes; exists: false
       Install file: /home/labuser/SmartBear/SoapUI-5.8.0/source/main/java/com/eviware/soapui/impl/support/wsa/WsaRequest.java; size: 2774 bytes; exists: false
       Install file: /home/labuser/SmartBear/SoapUI-5.8.0/source/main/java/com/eviware/soapui/impl/wadl/WadlDefinitionContext.java; size: 3976 bytes; exists: false
       Install file: /home/labuser/SmartBear/SoapUI-5.8.0/source/main/java/com/eviware/soapui/impl/wadl/inference/ConflictHandler.java; size: 2087 bytes; exists: false
       Install file: /home/labuser/SmartBear/SoapUI-5.8.0/source/main/java/com/eviware/soapui/impl/wadl/inference/InferredSchema.java; size: 4043 bytes; exists: false
       Install file: /home/labuser/SmartBear/SoapUI-5.8.0/source/main/java/com/eviware/soapui/impl/wadl/inference/schema/Content.java; size: 3496 bytes; exists: false
       Install file: /home/labuser/SmartBear/SoapUI-5.8.0/source/main/java/com/eviware/soapui/impl/wadl/inference/schema/Context.java; size: 5649 bytes; exists: false
       Install file: /home/labuser/SmartBear/SoapUI-5.8.0/source/main/java/com/eviware/soapui/impl/wadl/inference/schema/Particle.java; size: 6199 bytes; exists: false
       Install file: /home/labuser/SmartBear/SoapUI-5.8.0/source/main/java/com/eviware/soapui/impl/wadl/inference/schema/Schema.java; size: 9081 bytes; exists: false
       Install file: /home/labuser/SmartBear/SoapUI-5.8.0/source/main/java/com/eviware/soapui/impl/wadl/inference/schema/SchemaSystem.java; size: 4901 bytes; exists: false
       Install file: /home/labuser/SmartBear/SoapUI-5.8.0/source/main/java/com/eviware/soapui/impl/wadl/inference/schema/Settings.java; size: 1322 bytes; exists: false
       Install file: /home/labuser/SmartBear/SoapUI-5.8.0/source/main/java/com/eviware/soapui/impl/wadl/inference/schema/Type.java; size: 3982 bytes; exists: false
       Install file: /home/labuser/SmartBear/SoapUI-5.8.0/source/main/java/com/eviware/soapui/impl/wadl/inference/schema/content/EmptyContent.java; size: 2673 bytes; exists: false
       Install file: /home/labuser/SmartBear/SoapUI-5.8.0/source/main/java/com/eviware/soapui/impl/wadl/inference/schema/content/SequenceContent.java; size: 12518 bytes; exists: false
       Install file: /home/labuser/SmartBear/SoapUI-5.8.0/source/main/java/com/eviware/soapui/impl/wadl/inference/schema/content/SimpleContent.java; size: 3798 bytes; exists: false
       Install file: /home/labuser/SmartBear/SoapUI-5.8.0/source/main/java/com/eviware/soapui/impl/wadl/inference/schema/particles/AttributeParticle.java; size: 4809 bytes; exists: false
       Install file: /home/labuser/SmartBear/SoapUI-5.8.0/source/main/java/com/eviware/soapui/impl/wadl/inference/schema/particles/ElementParticle.java; size: 5892 bytes; exists: false
       Install file: /home/labuser/SmartBear/SoapUI-5.8.0/source/main/java/com/eviware/soapui/impl/wadl/inference/schema/particles/ReferenceParticle.java; size: 4418 bytes; exists: false
       Install file: /home/labuser/SmartBear/SoapUI-5.8.0/source/main/java/com/eviware/soapui/impl/wadl/inference/schema/types/ComplexType.java; size: 10560 bytes; exists: false
       Install file: /home/labuser/SmartBear/SoapUI-5.8.0/source/main/java/com/eviware/soapui/impl/wadl/inference/schema/types/CustomType.java; size: 3028 bytes; exists: false
       Install file: /home/labuser/SmartBear/SoapUI-5.8.0/source/main/java/com/eviware/soapui/impl/wadl/inference/schema/types/EmptyType.java; size: 3750 bytes; exists: false
       Install file: /home/labuser/SmartBear/SoapUI-5.8.0/source/main/java/com/eviware/soapui/impl/wadl/inference/schema/types/SimpleType.java; size: 4195 bytes; exists: false
       Install file: /home/labuser/SmartBear/SoapUI-5.8.0/source/main/java/com/eviware/soapui/impl/wadl/inference/schema/types/TypeReferenceType.java; size: 2426 bytes; exists: false
       Install file: /home/labuser/SmartBear/SoapUI-5.8.0/source/main/java/com/eviware/soapui/impl/wadl/inference/support/AllowAll.java; size: 2024 bytes; exists: false
       Install file: /home/labuser/SmartBear/SoapUI-5.8.0/source/main/java/com/eviware/soapui/impl/wadl/inference/support/DenyAll.java; size: 1277 bytes; exists: false
       Install file: /home/labuser/SmartBear/SoapUI-5.8.0/source/main/java/com/eviware/soapui/impl/wadl/inference/support/InferredSchemaImpl.java; size: 3529 bytes; exists: false
       Install file: /home/labuser/SmartBear/SoapUI-5.8.0/source/main/java/com/eviware/soapui/impl/wadl/inference/support/TypeInferrer.java; size: 8309 bytes; exists: false
       Install file: /home/labuser/SmartBear/SoapUI-5.8.0/source/main/java/com/eviware/soapui/impl/wadl/support/GeneratedWadlDefinitionLoader.java; size: 2316 bytes; exists: false
       Install file: /home/labuser/SmartBear/SoapUI-5.8.0/source/main/java/com/eviware/soapui/impl/wadl/support/WadlInterfaceDefinition.java; size: 2392 bytes; exists: false
       Install file: /home/labuser/SmartBear/SoapUI-5.8.0/source/main/java/com/eviware/soapui/impl/wadl/support/WadlValidator.java; size: 5177 bytes; exists: false
       Install file: /home/labuser/SmartBear/SoapUI-5.8.0/source/main/java/com/eviware/soapui/impl/wsdl/AbstractTestPropertyHolderWsdlModelItem.java; size: 5818 bytes; exists: false
       Install file: /home/labuser/SmartBear/SoapUI-5.8.0/source/main/java/com/eviware/soapui/impl/wsdl/AbstractWsdlModelItem.java; size: 7300 bytes; exists: false
       Install file: /home/labuser/SmartBear/SoapUI-5.8.0/source/main/java/com/eviware/soapui/impl/wsdl/AttachmentContainer.java; size: 1900 bytes; exists: false
       Install file: /home/labuser/SmartBear/SoapUI-5.8.0/source/main/java/com/eviware/soapui/impl/wsdl/HttpAttachmentPart.java; size: 2794 bytes; exists: false
       Install file: /home/labuser/SmartBear/SoapUI-5.8.0/source/main/java/com/eviware/soapui/impl/wsdl/InterfaceFactoryRegistry.java; size: 2101 bytes; exists: false
       Install file: /home/labuser/SmartBear/SoapUI-5.8.0/source/main/java/com/eviware/soapui/impl/wsdl/MutableAttachmentContainer.java; size: 1213 bytes; exists: false
       Install file: /home/labuser/SmartBear/SoapUI-5.8.0/source/main/java/com/eviware/soapui/impl/wsdl/MutableTestPropertyHolder.java; size: 1203 bytes; exists: false
       Install file: /home/labuser/SmartBear/SoapUI-5.8.0/source/main/java/com/eviware/soapui/impl/wsdl/MutableWsdlAttachmentContainer.java; size: 876 bytes; exists: false
       Install file: /home/labuser/SmartBear/SoapUI-5.8.0/source/main/java/com/eviware/soapui/impl/wsdl/WsdlAttachmentContainer.java; size: 1194 bytes; exists: false
       Install file: /home/labuser/SmartBear/SoapUI-5.8.0/source/main/java/com/eviware/soapui/impl/wsdl/WsdlContentPart.java; size: 1977 bytes; exists: false
       Install file: /home/labuser/SmartBear/SoapUI-5.8.0/source/main/java/com/eviware/soapui/impl/wsdl/WsdlHeaderPart.java; size: 1984 bytes; exists: false
       Install file: /home/labuser/SmartBear/SoapUI-5.8.0/source/main/java/com/eviware/soapui/impl/wsdl/WsdlInterface.java; size: 34372 bytes; exists: false
       Install file: /home/labuser/SmartBear/SoapUI-5.8.0/source/main/java/com/eviware/soapui/impl/wsdl/WsdlOperation.java; size: 31664 bytes; exists: false
       Install file: /home/labuser/SmartBear/SoapUI-5.8.0/source/main/java/com/eviware/soapui/impl/wsdl/WsdlProject.java; size: 76767 bytes; exists: false
       Install file: /home/labuser/SmartBear/SoapUI-5.8.0/source/main/java/com/eviware/soapui/impl/wsdl/WsdlProjectFactory.java; size: 2573 bytes; exists: false
       Install file: /home/labuser/SmartBear/SoapUI-5.8.0/source/main/java/com/eviware/soapui/impl/wsdl/WsdlRequest.java; size: 24386 bytes; exists: false
       Install file: /home/labuser/SmartBear/SoapUI-5.8.0/source/main/java/com/eviware/soapui/impl/wsdl/WsdlSubmit.java; size: 6429 bytes; exists: false
       Install file: /home/labuser/SmartBear/SoapUI-5.8.0/source/main/java/com/eviware/soapui/impl/wsdl/WsdlSubmitContext.java; size: 2147 bytes; exists: false
       Install file: /home/labuser/SmartBear/SoapUI-5.8.0/source/main/java/com/eviware/soapui/impl/wsdl/WsdlTestSuite.java; size: 25183 bytes; exists: false
       Install file: /home/labuser/SmartBear/SoapUI-5.8.0/source/main/java/com/eviware/soapui/impl/wsdl/actions/iface/AbstractSwingAction.java; size: 2568 bytes; exists: false
       Install file: /home/labuser/SmartBear/SoapUI-5.8.0/source/main/java/com/eviware/soapui/impl/wsdl/actions/iface/AddJMSEndpointAction.java; size: 12684 bytes; exists: false
       Install file: /home/labuser/SmartBear/SoapUI-5.8.0/source/main/java/com/eviware/soapui/impl/wsdl/actions/iface/CloneInterfaceAction.java; size: 3238 bytes; exists: false
       Install file: /home/labuser/SmartBear/SoapUI-5.8.0/source/main/java/com/eviware/soapui/impl/wsdl/actions/iface/CreateWsdlDocumentationAction.java; size: 5340 bytes; exists: false
       Install file: /home/labuser/SmartBear/SoapUI-5.8.0/source/main/java/com/eviware/soapui/impl/wsdl/actions/iface/ExportDefinitionAction.java; size: 2345 bytes; exists: false
       Install file: /home/labuser/SmartBear/SoapUI-5.8.0/source/main/java/com/eviware/soapui/impl/wsdl/actions/iface/GenerateMockServiceAction.java; size: 7375 bytes; exists: false
       Install file: /home/labuser/SmartBear/SoapUI-5.8.0/source/main/java/com/eviware/soapui/impl/wsdl/actions/iface/GenerateWsdlTestSuiteAction.java; size: 8452 bytes; exists: false
       Install file: /home/labuser/SmartBear/SoapUI-5.8.0/source/main/java/com/eviware/soapui/impl/wsdl/actions/iface/RemoveInterfaceAction.java; size: 5025 bytes; exists: false
       Install file: /home/labuser/SmartBear/SoapUI-5.8.0/source/main/java/com/eviware/soapui/impl/wsdl/actions/iface/UpdateInterfaceAction.java; size: 13389 bytes; exists: false
       Install file: /home/labuser/SmartBear/SoapUI-5.8.0/source/main/java/com/eviware/soapui/impl/wsdl/actions/iface/WsdlInterfaceSoapUIActionGroup.java; size: 2118 bytes; exists: false
       Install file: /home/labuser/SmartBear/SoapUI-5.8.0/source/main/java/com/eviware/soapui/impl/wsdl/actions/iface/package.html; size: 171 bytes; exists: false
       Install file: /home/labuser/SmartBear/SoapUI-5.8.0/source/main/java/com/eviware/soapui/impl/wsdl/actions/iface/tools/axis1/Axis1XWSDL2JavaAction.java; size: 9031 bytes; exists: false
       Install file: /home/labuser/SmartBear/SoapUI-5.8.0/source/main/java/com/eviware/soapui/impl/wsdl/actions/iface/tools/axis1/package.html; size: 166 bytes; exists: false
       Install file: /home/labuser/SmartBear/SoapUI-5.8.0/source/main/java/com/eviware/soapui/impl/wsdl/actions/iface/tools/axis2/Axis2WSDL2CodeAction.java; size: 10686 bytes; exists: false
       Install file: /home/labuser/SmartBear/SoapUI-5.8.0/source/main/java/com/eviware/soapui/impl/wsdl/actions/iface/tools/axis2/package.html; size: 166 bytes; exists: false
       Install file: /home/labuser/SmartBear/SoapUI-5.8.0/source/main/java/com/eviware/soapui/impl/wsdl/actions/iface/tools/cxf/CXFAction.java; size: 8568 bytes; exists: false
       Install file: /home/labuser/SmartBear/SoapUI-5.8.0/source/main/java/com/eviware/soapui/impl/wsdl/actions/iface/tools/dotnet/DotNetWsdlAction.java; size: 8267 bytes; exists: false
       Install file: /home/labuser/SmartBear/SoapUI-5.8.0/source/main/java/com/eviware/soapui/impl/wsdl/actions/iface/tools/dotnet/package.html; size: 162 bytes; exists: false
       Install file: /home/labuser/SmartBear/SoapUI-5.8.0/source/main/java/com/eviware/soapui/impl/wsdl/actions/iface/tools/gsoap/GSoapAction.java; size: 15727 bytes; exists: false
       Install file: /home/labuser/SmartBear/SoapUI-5.8.0/source/main/java/com/eviware/soapui/impl/wsdl/actions/iface/tools/gsoap/package.html; size: 163 bytes; exists: false
       Install file: /home/labuser/SmartBear/SoapUI-5.8.0/source/main/java/com/eviware/soapui/impl/wsdl/actions/iface/tools/jaxb/JaxbXjcAction.java; size: 7094 bytes; exists: false
       Install file: /home/labuser/SmartBear/SoapUI-5.8.0/source/main/java/com/eviware/soapui/impl/wsdl/actions/iface/tools/jaxb/package.html; size: 162 bytes; exists: false
       Install file: /home/labuser/SmartBear/SoapUI-5.8.0/source/main/java/com/eviware/soapui/impl/wsdl/actions/iface/tools/jbossws/JBossWSConsumeAction.java; size: 6464 bytes; exists: false
       Install file: /home/labuser/SmartBear/SoapUI-5.8.0/source/main/java/com/eviware/soapui/impl/wsdl/actions/iface/tools/jbossws/WSToolsJava2WsdlAction.java; size: 10437 bytes; exists: false
       Install file: /home/labuser/SmartBear/SoapUI-5.8.0/source/main/java/com/eviware/soapui/impl/wsdl/actions/iface/tools/jbossws/WSToolsRegenerateJava2WsdlAction.java; size: 10349 bytes; exists: false
       Install file: /home/labuser/SmartBear/SoapUI-5.8.0/source/main/java/com/eviware/soapui/impl/wsdl/actions/iface/tools/jbossws/WSToolsWsdl2JavaAction.java; size: 11603 bytes; exists: false
       Install file: /home/labuser/SmartBear/SoapUI-5.8.0/source/main/java/com/eviware/soapui/impl/wsdl/actions/iface/tools/jbossws/package.html; size: 165 bytes; exists: false
       Install file: /home/labuser/SmartBear/SoapUI-5.8.0/source/main/java/com/eviware/soapui/impl/wsdl/actions/iface/tools/oracle/OracleWsaGenProxyAction.java; size: 4737 bytes; exists: false
       Install file: /home/labuser/SmartBear/SoapUI-5.8.0/source/main/java/com/eviware/soapui/impl/wsdl/actions/iface/tools/oracle/package.html; size: 168 bytes; exists: false
       Install file: /home/labuser/SmartBear/SoapUI-5.8.0/source/main/java/com/eviware/soapui/impl/wsdl/actions/iface/tools/package.html; size: 175 bytes; exists: false
       Install file: /home/labuser/SmartBear/SoapUI-5.8.0/source/main/java/com/eviware/soapui/impl/wsdl/actions/iface/tools/soapui/LoadTestLoadTestRunnerAction.java; size: 1622 bytes; exists: false
       Install file: /home/labuser/SmartBear/SoapUI-5.8.0/source/main/java/com/eviware/soapui/impl/wsdl/actions/iface/tools/soapui/LoadTestRunnerAction.java; size: 17919 bytes; exists: false
       Install file: /home/labuser/SmartBear/SoapUI-5.8.0/source/main/java/com/eviware/soapui/impl/wsdl/actions/iface/tools/soapui/SecurityTestRunnerAction.java; size: 12791 bytes; exists: false
       Install file: /home/labuser/SmartBear/SoapUI-5.8.0/source/main/java/com/eviware/soapui/impl/wsdl/actions/iface/tools/soapui/SecurityTestSecurityTestRunnerAction.java; size: 1748 bytes; exists: false
       Install file: /home/labuser/SmartBear/SoapUI-5.8.0/source/main/java/com/eviware/soapui/impl/wsdl/actions/iface/tools/soapui/TestCaseTestRunnerAction.java; size: 1592 bytes; exists: false
       Install file: /home/labuser/SmartBear/SoapUI-5.8.0/source/main/java/com/eviware/soapui/impl/wsdl/actions/iface/tools/soapui/TestRunnerAction.java; size: 18272 bytes; exists: false
       Install file: /home/labuser/SmartBear/SoapUI-5.8.0/source/main/java/com/eviware/soapui/impl/wsdl/actions/iface/tools/soapui/TestSuiteTestRunnerAction.java; size: 1574 bytes; exists: false
       Install file: /home/labuser/SmartBear/SoapUI-5.8.0/source/main/java/com/eviware/soapui/impl/wsdl/actions/iface/tools/support/AbstractToolsAction.java; size: 13497 bytes; exists: false
       Install file: /home/labuser/SmartBear/SoapUI-5.8.0/source/main/java/com/eviware/soapui/impl/wsdl/actions/iface/tools/support/ArgumentBuilder.java; size: 8689 bytes; exists: false
       Install file: /home/labuser/SmartBear/SoapUI-5.8.0/source/main/java/com/eviware/soapui/impl/wsdl/actions/iface/tools/support/NamespaceTable.java; size: 5360 bytes; exists: false
       Install file: /home/labuser/SmartBear/SoapUI-5.8.0/source/main/java/com/eviware/soapui/impl/wsdl/actions/iface/tools/support/ProcessDialog.java; size: 8356 bytes; exists: false
       Install file: /home/labuser/SmartBear/SoapUI-5.8.0/source/main/java/com/eviware/soapui/impl/wsdl/actions/iface/tools/support/ProcessToolRunner.java; size: 6291 bytes; exists: false
       Install file: /home/labuser/SmartBear/SoapUI-5.8.0/source/main/java/com/eviware/soapui/impl/wsdl/actions/iface/tools/support/RunnerContext.java; size: 1212 bytes; exists: false
       Install file: /home/labuser/SmartBear/SoapUI-5.8.0/source/main/java/com/eviware/soapui/impl/wsdl/actions/iface/tools/support/SecurityTestRunnerAction.java; size: 17175 bytes; exists: false
       Install file: /home/labuser/SmartBear/SoapUI-5.8.0/source/main/java/com/eviware/soapui/impl/wsdl/actions/iface/tools/support/ShowConfigFileAction.java; size: 3975 bytes; exists: false
       Install file: /home/labuser/SmartBear/SoapUI-5.8.0/source/main/java/com/eviware/soapui/impl/wsdl/actions/iface/tools/support/SwingToolHost.java; size: 1978 bytes; exists: false
       Install file: /home/labuser/SmartBear/SoapUI-5.8.0/source/main/java/com/eviware/soapui/impl/wsdl/actions/iface/tools/support/ToolHost.java; size: 953 bytes; exists: false
       Install file: /home/labuser/SmartBear/SoapUI-5.8.0/source/main/java/com/eviware/soapui/impl/wsdl/actions/iface/tools/support/ToolRunner.java; size: 1260 bytes; exists: false
       Install file: /home/labuser/SmartBear/SoapUI-5.8.0/source/main/java/com/eviware/soapui/impl/wsdl/actions/iface/tools/support/package.html; size: 164 bytes; exists: false
       Install file: /home/labuser/SmartBear/SoapUI-5.8.0/source/main/java/com/eviware/soapui/impl/wsdl/actions/iface/tools/tcpmon/TcpMonAction.java; size: 6048 bytes; exists: false
       Install file: /home/labuser/SmartBear/SoapUI-5.8.0/source/main/java/com/eviware/soapui/impl/wsdl/actions/iface/tools/tcpmon/package.html; size: 172 bytes; exists: false
       Install file: /home/labuser/SmartBear/SoapUI-5.8.0/source/main/java/com/eviware/soapui/impl/wsdl/actions/iface/tools/wscompile/WSCompileAction.java; size: 13913 bytes; exists: false
       Install file: /home/labuser/SmartBear/SoapUI-5.8.0/source/main/java/com/eviware/soapui/impl/wsdl/actions/iface/tools/wscompile/package.html; size: 165 bytes; exists: false
       Install file: /home/labuser/SmartBear/SoapUI-5.8.0/source/main/java/com/eviware/soapui/impl/wsdl/actions/iface/tools/wsi/WSIAnalyzeAction.java; size: 12737 bytes; exists: false
       Install file: /home/labuser/SmartBear/SoapUI-5.8.0/source/main/java/com/eviware/soapui/impl/wsdl/actions/iface/tools/wsi/WSIReportPanel.java; size: 5024 bytes; exists: false
       Install file: /home/labuser/SmartBear/SoapUI-5.8.0/source/main/java/com/eviware/soapui/impl/wsdl/actions/iface/tools/wsi/package.html; size: 168 bytes; exists: false
       Install file: /home/labuser/SmartBear/SoapUI-5.8.0/source/main/java/com/eviware/soapui/impl/wsdl/actions/iface/tools/wsimport/WSImportAction.java; size: 6879 bytes; exists: false
       Install file: /home/labuser/SmartBear/SoapUI-5.8.0/source/main/java/com/eviware/soapui/impl/wsdl/actions/iface/tools/wsimport/package.html; size: 164 bytes; exists: false
       Install file: /home/labuser/SmartBear/SoapUI-5.8.0/source/main/java/com/eviware/soapui/impl/wsdl/actions/iface/tools/xfire/XFireAction.java; size: 8761 bytes; exists: false
       Install file: /home/labuser/SmartBear/SoapUI-5.8.0/source/main/java/com/eviware/soapui/impl/wsdl/actions/iface/tools/xfire/package.html; size: 167 bytes; exists: false
       Install file: /home/labuser/SmartBear/SoapUI-5.8.0/source/main/java/com/eviware/soapui/impl/wsdl/actions/iface/tools/xmlbeans/XmlBeans2Action.java; size: 8187 bytes; exists: false
       Install file: /home/labuser/SmartBear/SoapUI-5.8.0/source/main/java/com/eviware/soapui/impl/wsdl/actions/iface/tools/xmlbeans/package.html; size: 173 bytes; exists: false
       Install file: /home/labuser/SmartBear/SoapUI-5.8.0/source/main/java/com/eviware/soapui/impl/wsdl/actions/loadtest/CloneLoadTestAction.java; size: 1625 bytes; exists: false
       Install file: /home/labuser/SmartBear/SoapUI-5.8.0/source/main/java/com/eviware/soapui/impl/wsdl/actions/loadtest/DeleteLoadTestAction.java; size: 1737 bytes; exists: false
       Install file: /home/labuser/SmartBear/SoapUI-5.8.0/source/main/java/com/eviware/soapui/impl/wsdl/actions/loadtest/LoadTestOptionsAction.java; size: 10513 bytes; exists: false
       Install file: /home/labuser/SmartBear/SoapUI-5.8.0/source/main/java/com/eviware/soapui/impl/wsdl/actions/loadtest/RenameLoadTestAction.java; size: 1516 bytes; exists: false
       Install file: /home/labuser/SmartBear/SoapUI-5.8.0/source/main/java/com/eviware/soapui/impl/wsdl/actions/loadtest/package.html; size: 170 bytes; exists: false
       Install file: /home/labuser/SmartBear/SoapUI-5.8.0/source/main/java/com/eviware/soapui/impl/wsdl/actions/mockoperation/ChangeMockOperationAction.java; size: 7242 bytes; exists: false
       Install file: /home/labuser/SmartBear/SoapUI-5.8.0/source/main/java/com/eviware/soapui/impl/wsdl/actions/mockoperation/DeleteMockOperationAction.java; size: 1903 bytes; exists: false
       Install file: /home/labuser/SmartBear/SoapUI-5.8.0/source/main/java/com/eviware/soapui/impl/wsdl/actions/mockoperation/ExportMockOperation.java; size: 1785 bytes; exists: false
       Install file: /home/labuser/SmartBear/SoapUI-5.8.0/source/main/java/com/eviware/soapui/impl/wsdl/actions/mockoperation/ImportMockOperation.java; size: 1601 bytes; exists: false
       Install file: /home/labuser/SmartBear/SoapUI-5.8.0/source/main/java/com/eviware/soapui/impl/wsdl/actions/mockoperation/NewMockResponseAction.java; size: 2223 bytes; exists: false
       Install file: /home/labuser/SmartBear/SoapUI-5.8.0/source/main/java/com/eviware/soapui/impl/wsdl/actions/mockoperation/OpenRequestForMockOperationAction.java; size: 3382 bytes; exists: false
       Install file: /home/labuser/SmartBear/SoapUI-5.8.0/source/main/java/com/eviware/soapui/impl/wsdl/actions/mockoperation/RenameMockOperationAction.java; size: 1744 bytes; exists: false
       Install file: /home/labuser/SmartBear/SoapUI-5.8.0/source/main/java/com/eviware/soapui/impl/wsdl/actions/mockoperation/package.html; size: 175 bytes; exists: false
       Install file: /home/labuser/SmartBear/SoapUI-5.8.0/source/main/java/com/eviware/soapui/impl/wsdl/actions/mockresponse/AddMockResponseToTestCaseAction.java; size: 6168 bytes; exists: false
       Install file: /home/labuser/SmartBear/SoapUI-5.8.0/source/main/java/com/eviware/soapui/impl/wsdl/actions/mockresponse/AddWsaHeadersToMockResponseAction.java; size: 2261 bytes; exists: false
       Install file: /home/labuser/SmartBear/SoapUI-5.8.0/source/main/java/com/eviware/soapui/impl/wsdl/actions/mockresponse/ApplyOutgoingWSSToMockResponseAction.java; size: 2408 bytes; exists: false
       Install file: /home/labuser/SmartBear/SoapUI-5.8.0/source/main/java/com/eviware/soapui/impl/wsdl/actions/mockresponse/CloneMockResponseAction.java; size: 2037 bytes; exists: false
       Install file: /home/labuser/SmartBear/SoapUI-5.8.0/source/main/java/com/eviware/soapui/impl/wsdl/actions/mockresponse/CreateTestRequestForMockResponseAction.java; size: 5772 bytes; exists: false
       Install file: /home/labuser/SmartBear/SoapUI-5.8.0/source/main/java/com/eviware/soapui/impl/wsdl/actions/mockresponse/DeleteMockResponseAction.java; size: 1694 bytes; exists: false
       Install file: /home/labuser/SmartBear/SoapUI-5.8.0/source/main/java/com/eviware/soapui/impl/wsdl/actions/mockresponse/OpenRequestForMockResponseAction.java; size: 3699 bytes; exists: false
       Install file: /home/labuser/SmartBear/SoapUI-5.8.0/source/main/java/com/eviware/soapui/impl/wsdl/actions/mockresponse/RemoveAllOutgoingWSSFromMockResponseAction.java; size: 1910 bytes; exists: false
       Install file: /home/labuser/SmartBear/SoapUI-5.8.0/source/main/java/com/eviware/soapui/impl/wsdl/actions/mockresponse/RemoveWsaHeadersFromMockResponseAction.java; size: 2270 bytes; exists: false
       Install file: /home/labuser/SmartBear/SoapUI-5.8.0/source/main/java/com/eviware/soapui/impl/wsdl/actions/mockresponse/RenameMockResponseAction.java; size: 1566 bytes; exists: false
       Install file: /home/labuser/SmartBear/SoapUI-5.8.0/source/main/java/com/eviware/soapui/impl/wsdl/actions/mockresponse/package.html; size: 174 bytes; exists: false
       Install file: /home/labuser/SmartBear/SoapUI-5.8.0/source/main/java/com/eviware/soapui/impl/wsdl/actions/mockservice/AddEndpointToInterfaceAction.java; size: 2421 bytes; exists: false
       Install file: /home/labuser/SmartBear/SoapUI-5.8.0/source/main/java/com/eviware/soapui/impl/wsdl/actions/mockservice/AddNewMockOperationAction.java; size: 3561 bytes; exists: false
       Install file: /home/labuser/SmartBear/SoapUI-5.8.0/source/main/java/com/eviware/soapui/impl/wsdl/actions/mockservice/CloneMockServiceAction.java; size: 9111 bytes; exists: false
       Install file: /home/labuser/SmartBear/SoapUI-5.8.0/source/main/java/com/eviware/soapui/impl/wsdl/actions/mockservice/DeleteMockServiceAction.java; size: 1754 bytes; exists: false
       Install file: /home/labuser/SmartBear/SoapUI-5.8.0/source/main/java/com/eviware/soapui/impl/wsdl/actions/mockservice/ExportMockService.java; size: 1749 bytes; exists: false
       Install file: /home/labuser/SmartBear/SoapUI-5.8.0/source/main/java/com/eviware/soapui/impl/wsdl/actions/mockservice/ImportMockService.java; size: 1556 bytes; exists: false
       Install file: /home/labuser/SmartBear/SoapUI-5.8.0/source/main/java/com/eviware/soapui/impl/wsdl/actions/mockservice/MockServiceOptionsAction.java; size: 4617 bytes; exists: false
       Install file: /home/labuser/SmartBear/SoapUI-5.8.0/source/main/java/com/eviware/soapui/impl/wsdl/actions/mockservice/RenameMockServiceAction.java; size: 1883 bytes; exists: false
       Install file: /home/labuser/SmartBear/SoapUI-5.8.0/source/main/java/com/eviware/soapui/impl/wsdl/actions/mockservice/RestartMockServiceAction.java; size: 2012 bytes; exists: false
       Install file: /home/labuser/SmartBear/SoapUI-5.8.0/source/main/java/com/eviware/soapui/impl/wsdl/actions/mockservice/StartMinimizedMockServiceAction.java; size: 3232 bytes; exists: false
       Install file: /home/labuser/SmartBear/SoapUI-5.8.0/source/main/java/com/eviware/soapui/impl/wsdl/actions/mockservice/StopMockServiceAction.java; size: 2516 bytes; exists: false
       Install file: /home/labuser/SmartBear/SoapUI-5.8.0/source/main/java/com/eviware/soapui/impl/wsdl/actions/mockservice/package.html; size: 173 bytes; exists: false
       Install file: /home/labuser/SmartBear/SoapUI-5.8.0/source/main/java/com/eviware/soapui/impl/wsdl/actions/monitor/SoapMonitorAction.java; size: 17866 bytes; exists: false
       Install file: /home/labuser/SmartBear/SoapUI-5.8.0/source/main/java/com/eviware/soapui/impl/wsdl/actions/operation/AddOperationAsMockResponseStepAction.java; size: 5456 bytes; exists: false
       Install file: /home/labuser/SmartBear/SoapUI-5.8.0/source/main/java/com/eviware/soapui/impl/wsdl/actions/operation/AddOperationToMockServiceAction.java; size: 4370 bytes; exists: false
       Install file: /home/labuser/SmartBear/SoapUI-5.8.0/source/main/java/com/eviware/soapui/impl/wsdl/actions/operation/NewRequestAction.java; size: 2472 bytes; exists: false
       Install file: /home/labuser/SmartBear/SoapUI-5.8.0/source/main/java/com/eviware/soapui/impl/wsdl/actions/operation/RelabelOperationAction.java; size: 1626 bytes; exists: false
       Install file: /home/labuser/SmartBear/SoapUI-5.8.0/source/main/java/com/eviware/soapui/impl/wsdl/actions/operation/package.html; size: 179 bytes; exists: false
       Install file: /home/labuser/SmartBear/SoapUI-5.8.0/source/main/java/com/eviware/soapui/impl/wsdl/actions/project/AddInterfaceActionFromFile.java; size: 2639 bytes; exists: false
       Install file: /home/labuser/SmartBear/SoapUI-5.8.0/source/main/java/com/eviware/soapui/impl/wsdl/actions/project/AddInterfaceActionFromURL.java; size: 2434 bytes; exists: false
       Install file: /home/labuser/SmartBear/SoapUI-5.8.0/source/main/java/com/eviware/soapui/impl/wsdl/actions/project/AddNewMockServiceAction.java; size: 2431 bytes; exists: false
       Install file: /home/labuser/SmartBear/SoapUI-5.8.0/source/main/java/com/eviware/soapui/impl/wsdl/actions/project/AddNewRestMockServiceAction.java; size: 2272 bytes; exists: false
       Install file: /home/labuser/SmartBear/SoapUI-5.8.0/source/main/java/com/eviware/soapui/impl/wsdl/actions/project/AddNewTestSuiteAction.java; size: 2421 bytes; exists: false
       Install file: /home/labuser/SmartBear/SoapUI-5.8.0/source/main/java/com/eviware/soapui/impl/wsdl/actions/project/AddRestUriAction.java; size: 2387 bytes; exists: false
       Install file: /home/labuser/SmartBear/SoapUI-5.8.0/source/main/java/com/eviware/soapui/impl/wsdl/actions/project/AddWadlAction.java; size: 5165 bytes; exists: false
       Install file: /home/labuser/SmartBear/SoapUI-5.8.0/source/main/java/com/eviware/soapui/impl/wsdl/actions/project/AddWsdlAction.java; size: 6635 bytes; exists: false
       Install file: /home/labuser/SmartBear/SoapUI-5.8.0/source/main/java/com/eviware/soapui/impl/wsdl/actions/project/CloseProjectAction.java; size: 2347 bytes; exists: false
       Install file: /home/labuser/SmartBear/SoapUI-5.8.0/source/main/java/com/eviware/soapui/impl/wsdl/actions/project/ImportTestSuiteAction.java; size: 1567 bytes; exists: false
       Install file: /home/labuser/SmartBear/SoapUI-5.8.0/source/main/java/com/eviware/soapui/impl/wsdl/actions/project/OpenAndDecryptProjectAction.java; size: 1555 bytes; exists: false
       Install file: /home/labuser/SmartBear/SoapUI-5.8.0/source/main/java/com/eviware/soapui/impl/wsdl/actions/project/OpenProjectAction.java; size: 1568 bytes; exists: false
       Install file: /home/labuser/SmartBear/SoapUI-5.8.0/source/main/java/com/eviware/soapui/impl/wsdl/actions/project/ReloadProjectAction.java; size: 2267 bytes; exists: false
       Install file: /home/labuser/SmartBear/SoapUI-5.8.0/source/main/java/com/eviware/soapui/impl/wsdl/actions/project/RemoveProjectAction.java; size: 3335 bytes; exists: false
       Install file: /home/labuser/SmartBear/SoapUI-5.8.0/source/main/java/com/eviware/soapui/impl/wsdl/actions/project/RenameProjectAction.java; size: 1876 bytes; exists: false
       Install file: /home/labuser/SmartBear/SoapUI-5.8.0/source/main/java/com/eviware/soapui/impl/wsdl/actions/project/ResolveProjectAction.java; size: 1608 bytes; exists: false
       Install file: /home/labuser/SmartBear/SoapUI-5.8.0/source/main/java/com/eviware/soapui/impl/wsdl/actions/project/SaveProjectAction.java; size: 1784 bytes; exists: false
       Install file: /home/labuser/SmartBear/SoapUI-5.8.0/source/main/java/com/eviware/soapui/impl/wsdl/actions/project/SaveProjectAsAction.java; size: 2307 bytes; exists: false
       Install file: /home/labuser/SmartBear/SoapUI-5.8.0/source/main/java/com/eviware/soapui/impl/wsdl/actions/project/SimpleDialog.java; size: 6113 bytes; exists: false
       Install file: /home/labuser/SmartBear/SoapUI-5.8.0/source/main/java/com/eviware/soapui/impl/wsdl/actions/project/StartHermesJMS.java; size: 5515 bytes; exists: false
       Install file: /home/labuser/SmartBear/SoapUI-5.8.0/source/main/java/com/eviware/soapui/impl/wsdl/actions/project/WsdlProjectSoapUIActionGroup.java; size: 3043 bytes; exists: false
       Install file: /home/labuser/SmartBear/SoapUI-5.8.0/source/main/java/com/eviware/soapui/impl/wsdl/actions/project/package.html; size: 169 bytes; exists: false
       Install file: /home/labuser/SmartBear/SoapUI-5.8.0/source/main/java/com/eviware/soapui/impl/wsdl/actions/request/AbstractAddRequestToTestCaseAction.java; size: 3137 bytes; exists: false
       Install file: /home/labuser/SmartBear/SoapUI-5.8.0/source/main/java/com/eviware/soapui/impl/wsdl/actions/request/AddRequestAsMockResponseStepAction.java; size: 6800 bytes; exists: false
       Install file: /home/labuser/SmartBear/SoapUI-5.8.0/source/main/java/com/eviware/soapui/impl/wsdl/actions/request/AddRequestToMockServiceAction.java; size: 5897 bytes; exists: false
       Install file: /home/labuser/SmartBear/SoapUI-5.8.0/source/main/java/com/eviware/soapui/impl/wsdl/actions/request/AddRequestToTestCaseAction.java; size: 7595 bytes; exists: false
       Install file: /home/labuser/SmartBear/SoapUI-5.8.0/source/main/java/com/eviware/soapui/impl/wsdl/actions/request/AddWSSUsernameTokenAction.java; size: 3643 bytes; exists: false
       Install file: /home/labuser/SmartBear/SoapUI-5.8.0/source/main/java/com/eviware/soapui/impl/wsdl/actions/request/AddWSTimestampAction.java; size: 2920 bytes; exists: false
       Install file: /home/labuser/SmartBear/SoapUI-5.8.0/source/main/java/com/eviware/soapui/impl/wsdl/actions/request/AddWsaHeadersToRequestAction.java; size: 2088 bytes; exists: false
       Install file: /home/labuser/SmartBear/SoapUI-5.8.0/source/main/java/com/eviware/soapui/impl/wsdl/actions/request/ApplyOutgoingWSSToRequestAction.java; size: 2336 bytes; exists: false
       Install file: /home/labuser/SmartBear/SoapUI-5.8.0/source/main/java/com/eviware/soapui/impl/wsdl/actions/request/CloneRequestAction.java; size: 1798 bytes; exists: false
       Install file: /home/labuser/SmartBear/SoapUI-5.8.0/source/main/java/com/eviware/soapui/impl/wsdl/actions/request/CreateEmptyRequestAction.java; size: 1886 bytes; exists: false
       Install file: /home/labuser/SmartBear/SoapUI-5.8.0/source/main/java/com/eviware/soapui/impl/wsdl/actions/request/DeleteRequestAction.java; size: 1646 bytes; exists: false
       Install file: /home/labuser/SmartBear/SoapUI-5.8.0/source/main/java/com/eviware/soapui/impl/wsdl/actions/request/RecreateRequestAction.java; size: 2992 bytes; exists: false
       Install file: /home/labuser/SmartBear/SoapUI-5.8.0/source/main/java/com/eviware/soapui/impl/wsdl/actions/request/RemoveAllOutgoingWSSFromRequestAction.java; size: 1866 bytes; exists: false
       Install file: /home/labuser/SmartBear/SoapUI-5.8.0/source/main/java/com/eviware/soapui/impl/wsdl/actions/request/RemoveWsaHeadersFromRequestAction.java; size: 2271 bytes; exists: false
       Install file: /home/labuser/SmartBear/SoapUI-5.8.0/source/main/java/com/eviware/soapui/impl/wsdl/actions/request/RenameRequestAction.java; size: 1574 bytes; exists: false
       Install file: /home/labuser/SmartBear/SoapUI-5.8.0/source/main/java/com/eviware/soapui/impl/wsdl/actions/request/package.html; size: 169 bytes; exists: false
       Install file: /home/labuser/SmartBear/SoapUI-5.8.0/source/main/java/com/eviware/soapui/impl/wsdl/actions/support/AbstractAddToTestCaseAction.java; size: 6313 bytes; exists: false
       Install file: /home/labuser/SmartBear/SoapUI-5.8.0/source/main/java/com/eviware/soapui/impl/wsdl/actions/support/OpenUrlAction.java; size: 1845 bytes; exists: false
       Install file: /home/labuser/SmartBear/SoapUI-5.8.0/source/main/java/com/eviware/soapui/impl/wsdl/actions/support/ShowDesktopPanelAction.java; size: 1939 bytes; exists: false
       Install file: /home/labuser/SmartBear/SoapUI-5.8.0/source/main/java/com/eviware/soapui/impl/wsdl/actions/support/package.html; size: 180 bytes; exists: false
       Install file: /home/labuser/SmartBear/SoapUI-5.8.0/source/main/java/com/eviware/soapui/impl/wsdl/actions/testcase/AddNewLoadTestAction.java; size: 2102 bytes; exists: false
       Install file: /home/labuser/SmartBear/SoapUI-5.8.0/source/main/java/com/eviware/soapui/impl/wsdl/actions/testcase/AddNewSecurityTestAction.java; size: 2463 bytes; exists: false
       Install file: /home/labuser/SmartBear/SoapUI-5.8.0/source/main/java/com/eviware/soapui/impl/wsdl/actions/testcase/AddWsdlTestStepAction.java; size: 2828 bytes; exists: false
       Install file: /home/labuser/SmartBear/SoapUI-5.8.0/source/main/java/com/eviware/soapui/impl/wsdl/actions/testcase/ClearTestCaseAction.java; size: 1870 bytes; exists: false
       Install file: /home/labuser/SmartBear/SoapUI-5.8.0/source/main/java/com/eviware/soapui/impl/wsdl/actions/testcase/CloneTestCaseAction.java; size: 11402 bytes; exists: false
       Install file: /home/labuser/SmartBear/SoapUI-5.8.0/source/main/java/com/eviware/soapui/impl/wsdl/actions/testcase/DeleteTestCaseAction.java; size: 1806 bytes; exists: false
       Install file: /home/labuser/SmartBear/SoapUI-5.8.0/source/main/java/com/eviware/soapui/impl/wsdl/actions/testcase/ExportTestCaseAction.java; size: 1853 bytes; exists: false
       Install file: /home/labuser/SmartBear/SoapUI-5.8.0/source/main/java/com/eviware/soapui/impl/wsdl/actions/testcase/MoveTestCaseDownAction.java; size: 1716 bytes; exists: false
       Install file: /home/labuser/SmartBear/SoapUI-5.8.0/source/main/java/com/eviware/soapui/impl/wsdl/actions/testcase/MoveTestCaseUpAction.java; size: 1676 bytes; exists: false
       Install file: /home/labuser/SmartBear/SoapUI-5.8.0/source/main/java/com/eviware/soapui/impl/wsdl/actions/testcase/RenameTestCaseAction.java; size: 1829 bytes; exists: false
       Install file: /home/labuser/SmartBear/SoapUI-5.8.0/source/main/java/com/eviware/soapui/impl/wsdl/actions/testcase/TestCaseOptionsAction.java; size: 9794 bytes; exists: false
       Install file: /home/labuser/SmartBear/SoapUI-5.8.0/source/main/java/com/eviware/soapui/impl/wsdl/actions/testcase/ToggleDisableTestCaseAction.java; size: 1406 bytes; exists: false
       Install file: /home/labuser/SmartBear/SoapUI-5.8.0/source/main/java/com/eviware/soapui/impl/wsdl/actions/testcase/WsdlTestCaseAddStepSoapUIActionGroup.java; size: 2602 bytes; exists: false
       Install file: /home/labuser/SmartBear/SoapUI-5.8.0/source/main/java/com/eviware/soapui/impl/wsdl/actions/testcase/WsdlTestCaseSoapUIActionGroup.java; size: 2388 bytes; exists: false
       Install file: /home/labuser/SmartBear/SoapUI-5.8.0/source/main/java/com/eviware/soapui/impl/wsdl/actions/testcase/package.html; size: 170 bytes; exists: false
       Install file: /home/labuser/SmartBear/SoapUI-5.8.0/source/main/java/com/eviware/soapui/impl/wsdl/actions/teststep/CloneTestStepAction.java; size: 11773 bytes; exists: false
       Install file: /home/labuser/SmartBear/SoapUI-5.8.0/source/main/java/com/eviware/soapui/impl/wsdl/actions/teststep/DeleteTestStepAction.java; size: 1862 bytes; exists: false
       Install file: /home/labuser/SmartBear/SoapUI-5.8.0/source/main/java/com/eviware/soapui/impl/wsdl/actions/teststep/InsertWsdlTestStepAction.java; size: 2706 bytes; exists: false
       Install file: /home/labuser/SmartBear/SoapUI-5.8.0/source/main/java/com/eviware/soapui/impl/wsdl/actions/teststep/MoveTestStepDownAction.java; size: 1714 bytes; exists: false
       Install file: /home/labuser/SmartBear/SoapUI-5.8.0/source/main/java/com/eviware/soapui/impl/wsdl/actions/teststep/MoveTestStepUpAction.java; size: 1675 bytes; exists: false
       Install file: /home/labuser/SmartBear/SoapUI-5.8.0/source/main/java/com/eviware/soapui/impl/wsdl/actions/teststep/RenameTestStepAction.java; size: 1838 bytes; exists: false
       Install file: /home/labuser/SmartBear/SoapUI-5.8.0/source/main/java/com/eviware/soapui/impl/wsdl/actions/teststep/RunFromTestStepAction.java; size: 2414 bytes; exists: false
       Install file: /home/labuser/SmartBear/SoapUI-5.8.0/source/main/java/com/eviware/soapui/impl/wsdl/actions/teststep/ToggleDisableTestStepAction.java; size: 1407 bytes; exists: false
       Install file: /home/labuser/SmartBear/SoapUI-5.8.0/source/main/java/com/eviware/soapui/impl/wsdl/actions/teststep/WsdlTestStepInsertStepSoapUIActionGroup.java; size: 2567 bytes; exists: false
       Install file: /home/labuser/SmartBear/SoapUI-5.8.0/source/main/java/com/eviware/soapui/impl/wsdl/actions/teststep/WsdlTestStepSoapUIActionGroup.java; size: 4010 bytes; exists: false
       Install file: /home/labuser/SmartBear/SoapUI-5.8.0/source/main/java/com/eviware/soapui/impl/wsdl/actions/teststep/package.html; size: 170 bytes; exists: false
       Install file: /home/labuser/SmartBear/SoapUI-5.8.0/source/main/java/com/eviware/soapui/impl/wsdl/actions/testsuite/AddNewTestCaseAction.java; size: 2538 bytes; exists: false
       Install file: /home/labuser/SmartBear/SoapUI-5.8.0/source/main/java/com/eviware/soapui/impl/wsdl/actions/testsuite/CloneTestSuiteAction.java; size: 10214 bytes; exists: false
       Install file: /home/labuser/SmartBear/SoapUI-5.8.0/source/main/java/com/eviware/soapui/impl/wsdl/actions/testsuite/DeleteTestSuiteAction.java; size: 1990 bytes; exists: false
       Install file: /home/labuser/SmartBear/SoapUI-5.8.0/source/main/java/com/eviware/soapui/impl/wsdl/actions/testsuite/ExportTestSuiteAction.java; size: 1832 bytes; exists: false
       Install file: /home/labuser/SmartBear/SoapUI-5.8.0/source/main/java/com/eviware/soapui/impl/wsdl/actions/testsuite/ImportTestCaseAction.java; size: 1579 bytes; exists: false
       Install file: /home/labuser/SmartBear/SoapUI-5.8.0/source/main/java/com/eviware/soapui/impl/wsdl/actions/testsuite/MoveTestSuiteDownAction.java; size: 1708 bytes; exists: false
       Install file: /home/labuser/SmartBear/SoapUI-5.8.0/source/main/java/com/eviware/soapui/impl/wsdl/actions/testsuite/MoveTestSuiteUpAction.java; size: 1669 bytes; exists: false
       Install file: /home/labuser/SmartBear/SoapUI-5.8.0/source/main/java/com/eviware/soapui/impl/wsdl/actions/testsuite/RenameTestSuiteAction.java; size: 1917 bytes; exists: false
       Install file: /home/labuser/SmartBear/SoapUI-5.8.0/source/main/java/com/eviware/soapui/impl/wsdl/actions/testsuite/ToggleDisableTestSuiteAction.java; size: 1409 bytes; exists: false
       Install file: /home/labuser/SmartBear/SoapUI-5.8.0/source/main/java/com/eviware/soapui/impl/wsdl/actions/testsuite/WsdlTestSuiteSoapUIActionGroup.java; size: 2393 bytes; exists: false
       Install file: /home/labuser/SmartBear/SoapUI-5.8.0/source/main/java/com/eviware/soapui/impl/wsdl/actions/testsuite/package.html; size: 171 bytes; exists: false
       Install file: /home/labuser/SmartBear/SoapUI-5.8.0/source/main/java/com/eviware/soapui/impl/wsdl/endpoint/DefaultEndpointStrategy.java; size: 23823 bytes; exists: false
       Install file: /home/labuser/SmartBear/SoapUI-5.8.0/source/main/java/com/eviware/soapui/impl/wsdl/endpoint/DefaultEndpointStrategyConfigurationPanel.java; size: 24599 bytes; exists: false
       Install file: /home/labuser/SmartBear/SoapUI-5.8.0/source/main/java/com/eviware/soapui/impl/wsdl/loadtest/ColorPalette.java; size: 1237 bytes; exists: false
       Install file: /home/labuser/SmartBear/SoapUI-5.8.0/source/main/java/com/eviware/soapui/impl/wsdl/loadtest/LoadTestAssertion.java; size: 2567 bytes; exists: false
       Install file: /home/labuser/SmartBear/SoapUI-5.8.0/source/main/java/com/eviware/soapui/impl/wsdl/loadtest/LoadTestListener.java; size: 1013 bytes; exists: false
       Install file: /home/labuser/SmartBear/SoapUI-5.8.0/source/main/java/com/eviware/soapui/impl/wsdl/loadtest/WsdlLoadTest.java; size: 32746 bytes; exists: false
       Install file: /home/labuser/SmartBear/SoapUI-5.8.0/source/main/java/com/eviware/soapui/impl/wsdl/loadtest/WsdlLoadTestContext.java; size: 1873 bytes; exists: false
       Install file: /home/labuser/SmartBear/SoapUI-5.8.0/source/main/java/com/eviware/soapui/impl/wsdl/loadtest/WsdlLoadTestRunner.java; size: 23676 bytes; exists: false
       Install file: /home/labuser/SmartBear/SoapUI-5.8.0/source/main/java/com/eviware/soapui/impl/wsdl/loadtest/assertions/AbstractLoadTestAssertion.java; size: 8757 bytes; exists: false
       Install file: /home/labuser/SmartBear/SoapUI-5.8.0/source/main/java/com/eviware/soapui/impl/wsdl/loadtest/assertions/LoadTestAssertionRegistry.java; size: 4157 bytes; exists: false
       Install file: /home/labuser/SmartBear/SoapUI-5.8.0/source/main/java/com/eviware/soapui/impl/wsdl/loadtest/assertions/MaxErrorsAssertion.java; size: 8934 bytes; exists: false
       Install file: /home/labuser/SmartBear/SoapUI-5.8.0/source/main/java/com/eviware/soapui/impl/wsdl/loadtest/assertions/TestStepAverageAssertion.java; size: 9045 bytes; exists: false
       Install file: /home/labuser/SmartBear/SoapUI-5.8.0/source/main/java/com/eviware/soapui/impl/wsdl/loadtest/assertions/TestStepMaxAssertion.java; size: 9455 bytes; exists: false
       Install file: /home/labuser/SmartBear/SoapUI-5.8.0/source/main/java/com/eviware/soapui/impl/wsdl/loadtest/assertions/TestStepStatusAssertion.java; size: 7464 bytes; exists: false
       Install file: /home/labuser/SmartBear/SoapUI-5.8.0/source/main/java/com/eviware/soapui/impl/wsdl/loadtest/assertions/TestStepTpsAssertion.java; size: 8830 bytes; exists: false
       Install file: /home/labuser/SmartBear/SoapUI-5.8.0/source/main/java/com/eviware/soapui/impl/wsdl/loadtest/assertions/package.html; size: 161 bytes; exists: false
       Install file: /home/labuser/SmartBear/SoapUI-5.8.0/source/main/java/com/eviware/soapui/impl/wsdl/loadtest/data/LoadTestSamples.java; size: 6417 bytes; exists: false
       Install file: /home/labuser/SmartBear/SoapUI-5.8.0/source/main/java/com/eviware/soapui/impl/wsdl/loadtest/data/LoadTestStatistics.java; size: 26139 bytes; exists: false
       Install file: /home/labuser/SmartBear/SoapUI-5.8.0/source/main/java/com/eviware/soapui/impl/wsdl/loadtest/data/LoadTestStepSample.java; size: 1790 bytes; exists: false
       Install file: /home/labuser/SmartBear/SoapUI-5.8.0/source/main/java/com/eviware/soapui/impl/wsdl/loadtest/data/SamplesModel.java; size: 9575 bytes; exists: false
       Install file: /home/labuser/SmartBear/SoapUI-5.8.0/source/main/java/com/eviware/soapui/impl/wsdl/loadtest/data/StatisticsHistory.java; size: 10591 bytes; exists: false
       Install file: /home/labuser/SmartBear/SoapUI-5.8.0/source/main/java/com/eviware/soapui/impl/wsdl/loadtest/data/actions/ExportLoadTestLogAction.java; size: 3966 bytes; exists: false
       Install file: /home/labuser/SmartBear/SoapUI-5.8.0/source/main/java/com/eviware/soapui/impl/wsdl/loadtest/data/actions/ExportSamplesHistoryAction.java; size: 3451 bytes; exists: false
       Install file: /home/labuser/SmartBear/SoapUI-5.8.0/source/main/java/com/eviware/soapui/impl/wsdl/loadtest/data/actions/ExportStatisticsAction.java; size: 3188 bytes; exists: false
       Install file: /home/labuser/SmartBear/SoapUI-5.8.0/source/main/java/com/eviware/soapui/impl/wsdl/loadtest/data/actions/ExportStatisticsHistoryAction.java; size: 3443 bytes; exists: false
       Install file: /home/labuser/SmartBear/SoapUI-5.8.0/source/main/java/com/eviware/soapui/impl/wsdl/loadtest/data/actions/package.html; size: 171 bytes; exists: false
       Install file: /home/labuser/SmartBear/SoapUI-5.8.0/source/main/java/com/eviware/soapui/impl/wsdl/loadtest/data/package.html; size: 175 bytes; exists: false
       Install file: /home/labuser/SmartBear/SoapUI-5.8.0/source/main/java/com/eviware/soapui/impl/wsdl/loadtest/log/LoadTestLog.java; size: 6474 bytes; exists: false
       Install file: /home/labuser/SmartBear/SoapUI-5.8.0/source/main/java/com/eviware/soapui/impl/wsdl/loadtest/log/LoadTestLogEntry.java; size: 1397 bytes; exists: false
       Install file: /home/labuser/SmartBear/SoapUI-5.8.0/source/main/java/com/eviware/soapui/impl/wsdl/loadtest/log/LoadTestLogErrorEntry.java; size: 3780 bytes; exists: false
       Install file: /home/labuser/SmartBear/SoapUI-5.8.0/source/main/java/com/eviware/soapui/impl/wsdl/loadtest/log/LoadTestLogMessageEntry.java; size: 2379 bytes; exists: false
       Install file: /home/labuser/SmartBear/SoapUI-5.8.0/source/main/java/com/eviware/soapui/impl/wsdl/loadtest/log/package.html; size: 166 bytes; exists: false
       Install file: /home/labuser/SmartBear/SoapUI-5.8.0/source/main/java/com/eviware/soapui/impl/wsdl/loadtest/package.html; size: 166 bytes; exists: false
       Install file: /home/labuser/SmartBear/SoapUI-5.8.0/source/main/java/com/eviware/soapui/impl/wsdl/loadtest/strategy/AbstractLoadStrategy.java; size: 4443 bytes; exists: false
       Install file: /home/labuser/SmartBear/SoapUI-5.8.0/source/main/java/com/eviware/soapui/impl/wsdl/loadtest/strategy/BurstLoadStrategy.java; size: 7851 bytes; exists: false
       Install file: /home/labuser/SmartBear/SoapUI-5.8.0/source/main/java/com/eviware/soapui/impl/wsdl/loadtest/strategy/LoadStrategy.java; size: 1834 bytes; exists: false
       Install file: /home/labuser/SmartBear/SoapUI-5.8.0/source/main/java/com/eviware/soapui/impl/wsdl/loadtest/strategy/LoadStrategyFactory.java; size: 1158 bytes; exists: false
       Install file: /home/labuser/SmartBear/SoapUI-5.8.0/source/main/java/com/eviware/soapui/impl/wsdl/loadtest/strategy/LoadStrategyRegistry.java; size: 1980 bytes; exists: false
       Install file: /home/labuser/SmartBear/SoapUI-5.8.0/source/main/java/com/eviware/soapui/impl/wsdl/loadtest/strategy/SimpleLoadStrategy.java; size: 6509 bytes; exists: false
       Install file: /home/labuser/SmartBear/SoapUI-5.8.0/source/main/java/com/eviware/soapui/impl/wsdl/loadtest/strategy/ThreadCountChangeLoadStrategy.java; size: 7660 bytes; exists: false
       Install file: /home/labuser/SmartBear/SoapUI-5.8.0/source/main/java/com/eviware/soapui/impl/wsdl/loadtest/strategy/VarianceLoadStrategy.java; size: 8453 bytes; exists: false
       Install file: /home/labuser/SmartBear/SoapUI-5.8.0/source/main/java/com/eviware/soapui/impl/wsdl/loadtest/strategy/package.html; size: 161 bytes; exists: false
       Install file: /home/labuser/SmartBear/SoapUI-5.8.0/source/main/java/com/eviware/soapui/impl/wsdl/mock/DispatchException.java; size: 1191 bytes; exists: false
       Install file: /home/labuser/SmartBear/SoapUI-5.8.0/source/main/java/com/eviware/soapui/impl/wsdl/mock/MockRunnerManager.java; size: 999 bytes; exists: false
       Install file: /home/labuser/SmartBear/SoapUI-5.8.0/source/main/java/com/eviware/soapui/impl/wsdl/mock/MockRunnerManagerException.java; size: 1044 bytes; exists: false
       Install file: /home/labuser/SmartBear/SoapUI-5.8.0/source/main/java/com/eviware/soapui/impl/wsdl/mock/MockRunnerManagerImpl.java; size: 3763 bytes; exists: false
       Install file: /home/labuser/SmartBear/SoapUI-5.8.0/source/main/java/com/eviware/soapui/impl/wsdl/mock/ViewWsdlMockResultAction.java; size: 5430 bytes; exists: false
       Install file: /home/labuser/SmartBear/SoapUI-5.8.0/source/main/java/com/eviware/soapui/impl/wsdl/mock/WsdlMockDispatcher.java; size: 16318 bytes; exists: false
       Install file: /home/labuser/SmartBear/SoapUI-5.8.0/source/main/java/com/eviware/soapui/impl/wsdl/mock/WsdlMockOperation.java; size: 12837 bytes; exists: false
       Install file: /home/labuser/SmartBear/SoapUI-5.8.0/source/main/java/com/eviware/soapui/impl/wsdl/mock/WsdlMockRequest.java; size: 4975 bytes; exists: false
       Install file: /home/labuser/SmartBear/SoapUI-5.8.0/source/main/java/com/eviware/soapui/impl/wsdl/mock/WsdlMockResponse.java; size: 25976 bytes; exists: false
       Install file: /home/labuser/SmartBear/SoapUI-5.8.0/source/main/java/com/eviware/soapui/impl/wsdl/mock/WsdlMockResult.java; size: 2065 bytes; exists: false
       Install file: /home/labuser/SmartBear/SoapUI-5.8.0/source/main/java/com/eviware/soapui/impl/wsdl/mock/WsdlMockRunContext.java; size: 9472 bytes; exists: false
       Install file: /home/labuser/SmartBear/SoapUI-5.8.0/source/main/java/com/eviware/soapui/impl/wsdl/mock/WsdlMockRunner.java; size: 7225 bytes; exists: false
       Install file: /home/labuser/SmartBear/SoapUI-5.8.0/source/main/java/com/eviware/soapui/impl/wsdl/mock/WsdlMockService.java; size: 12612 bytes; exists: false
       Install file: /home/labuser/SmartBear/SoapUI-5.8.0/source/main/java/com/eviware/soapui/impl/wsdl/mock/dispatch/AbstractMockOperationDispatcher.java; size: 2751 bytes; exists: false
       Install file: /home/labuser/SmartBear/SoapUI-5.8.0/source/main/java/com/eviware/soapui/impl/wsdl/mock/dispatch/MockOperationDispatchFactory.java; size: 948 bytes; exists: false
       Install file: /home/labuser/SmartBear/SoapUI-5.8.0/source/main/java/com/eviware/soapui/impl/wsdl/mock/dispatch/MockOperationDispatchRegistry.java; size: 2206 bytes; exists: false
       Install file: /home/labuser/SmartBear/SoapUI-5.8.0/source/main/java/com/eviware/soapui/impl/wsdl/mock/dispatch/MockOperationDispatcher.java; size: 1396 bytes; exists: false
       Install file: /home/labuser/SmartBear/SoapUI-5.8.0/source/main/java/com/eviware/soapui/impl/wsdl/mock/dispatch/QueryMatchMockOperationDispatcher.java; size: 24671 bytes; exists: false
       Install file: /home/labuser/SmartBear/SoapUI-5.8.0/source/main/java/com/eviware/soapui/impl/wsdl/mock/dispatch/RandomMockOperationDispatcher.java; size: 2088 bytes; exists: false
       Install file: /home/labuser/SmartBear/SoapUI-5.8.0/source/main/java/com/eviware/soapui/impl/wsdl/mock/dispatch/ScriptMockOperationDispatcher.java; size: 9139 bytes; exists: false
       Install file: /home/labuser/SmartBear/SoapUI-5.8.0/source/main/java/com/eviware/soapui/impl/wsdl/mock/dispatch/SequenceMockOperationDispatcher.java; size: 2930 bytes; exists: false
       Install file: /home/labuser/SmartBear/SoapUI-5.8.0/source/main/java/com/eviware/soapui/impl/wsdl/mock/dispatch/XPathMockOperationDispatcher.java; size: 7054 bytes; exists: false
       Install file: /home/labuser/SmartBear/SoapUI-5.8.0/source/main/java/com/eviware/soapui/impl/wsdl/mock/package.html; size: 173 bytes; exists: false
       Install file: /home/labuser/SmartBear/SoapUI-5.8.0/source/main/java/com/eviware/soapui/impl/wsdl/monitor/CaptureInputStream.java; size: 3351 bytes; exists: false
       Install file: /home/labuser/SmartBear/SoapUI-5.8.0/source/main/java/com/eviware/soapui/impl/wsdl/monitor/ContentTypes.java; size: 2807 bytes; exists: false
       Install file: /home/labuser/SmartBear/SoapUI-5.8.0/source/main/java/com/eviware/soapui/impl/wsdl/monitor/JProxyServletWsdlMonitorMessageExchange.java; size: 17639 bytes; exists: false
       Install file: /home/labuser/SmartBear/SoapUI-5.8.0/source/main/java/com/eviware/soapui/impl/wsdl/monitor/MonitorListener.java; size: 1525 bytes; exists: false
       Install file: /home/labuser/SmartBear/SoapUI-5.8.0/source/main/java/com/eviware/soapui/impl/wsdl/monitor/MonitorListenerAdapter.java; size: 1534 bytes; exists: false
       Install file: /home/labuser/SmartBear/SoapUI-5.8.0/source/main/java/com/eviware/soapui/impl/wsdl/monitor/MonitorMessageExchangeDataSource.java; size: 1927 bytes; exists: false
       Install file: /home/labuser/SmartBear/SoapUI-5.8.0/source/main/java/com/eviware/soapui/impl/wsdl/monitor/SlowLinkSimulator.java; size: 3220 bytes; exists: false
       Install file: /home/labuser/SmartBear/SoapUI-5.8.0/source/main/java/com/eviware/soapui/impl/wsdl/monitor/SoapMonitor.java; size: 49418 bytes; exists: false
       Install file: /home/labuser/SmartBear/SoapUI-5.8.0/source/main/java/com/eviware/soapui/impl/wsdl/monitor/SoapMonitorEngine.java; size: 1108 bytes; exists: false
       Install file: /home/labuser/SmartBear/SoapUI-5.8.0/source/main/java/com/eviware/soapui/impl/wsdl/monitor/SoapMonitorEngineImpl.java; size: 6241 bytes; exists: false
       Install file: /home/labuser/SmartBear/SoapUI-5.8.0/source/main/java/com/eviware/soapui/impl/wsdl/monitor/SoapMonitorListenerCallBack.java; size: 3904 bytes; exists: false
       Install file: /home/labuser/SmartBear/SoapUI-5.8.0/source/main/java/com/eviware/soapui/impl/wsdl/monitor/TcpMonWsdlMonitorMessageExchange.java; size: 14350 bytes; exists: false
       Install file: /home/labuser/SmartBear/SoapUI-5.8.0/source/main/java/com/eviware/soapui/impl/wsdl/monitor/WsdlMonitorMessageExchange.java; size: 1718 bytes; exists: false
       Install file: /home/labuser/SmartBear/SoapUI-5.8.0/source/main/java/com/eviware/soapui/impl/wsdl/monitor/jettyproxy/CapturedExchange.java; size: 6735 bytes; exists: false
       Install file: /home/labuser/SmartBear/SoapUI-5.8.0/source/main/java/com/eviware/soapui/impl/wsdl/monitor/jettyproxy/JettyServer.java; size: 3233 bytes; exists: false
       Install file: /home/labuser/SmartBear/SoapUI-5.8.0/source/main/java/com/eviware/soapui/impl/wsdl/monitor/jettyproxy/ProxyServlet.java; size: 16511 bytes; exists: false
       Install file: /home/labuser/SmartBear/SoapUI-5.8.0/source/main/java/com/eviware/soapui/impl/wsdl/monitor/jettyproxy/TunnelServlet.java; size: 10061 bytes; exists: false
       Install file: /home/labuser/SmartBear/SoapUI-5.8.0/source/main/java/com/eviware/soapui/impl/wsdl/package.html; size: 192 bytes; exists: false
       Install file: /home/labuser/SmartBear/SoapUI-5.8.0/source/main/java/com/eviware/soapui/impl/wsdl/panels/assertions/AddAssertionPanel.java; size: 22549 bytes; exists: false
       Install file: /home/labuser/SmartBear/SoapUI-5.8.0/source/main/java/com/eviware/soapui/impl/wsdl/panels/assertions/AssertionCategoriesTableModel.java; size: 1606 bytes; exists: false
       Install file: /home/labuser/SmartBear/SoapUI-5.8.0/source/main/java/com/eviware/soapui/impl/wsdl/panels/assertions/AssertionCategoryMapping.java; size: 4518 bytes; exists: false
       Install file: /home/labuser/SmartBear/SoapUI-5.8.0/source/main/java/com/eviware/soapui/impl/wsdl/panels/assertions/AssertionListEntry.java; size: 1676 bytes; exists: false
       Install file: /home/labuser/SmartBear/SoapUI-5.8.0/source/main/java/com/eviware/soapui/impl/wsdl/panels/assertions/AssertionsListTable.java; size: 3083 bytes; exists: false
       Install file: /home/labuser/SmartBear/SoapUI-5.8.0/source/main/java/com/eviware/soapui/impl/wsdl/panels/assertions/AssertionsListTableModel.java; size: 1671 bytes; exists: false
       Install file: /home/labuser/SmartBear/SoapUI-5.8.0/source/main/java/com/eviware/soapui/impl/wsdl/panels/assertions/CategoriesListTable.java; size: 2842 bytes; exists: false
       Install file: /home/labuser/SmartBear/SoapUI-5.8.0/source/main/java/com/eviware/soapui/impl/wsdl/panels/iface/WsdlInterfaceDesktopPanel.java; size: 39754 bytes; exists: false
       Install file: /home/labuser/SmartBear/SoapUI-5.8.0/source/main/java/com/eviware/soapui/impl/wsdl/panels/iface/WsdlInterfacePanelBuilder.java; size: 2896 bytes; exists: false
       Install file: /home/labuser/SmartBear/SoapUI-5.8.0/source/main/java/com/eviware/soapui/impl/wsdl/panels/iface/package.html; size: 177 bytes; exists: false
       Install file: /home/labuser/SmartBear/SoapUI-5.8.0/source/main/java/com/eviware/soapui/impl/wsdl/panels/loadtest/JLoadTestAssertionsTable.java; size: 12992 bytes; exists: false
       Install file: /home/labuser/SmartBear/SoapUI-5.8.0/source/main/java/com/eviware/soapui/impl/wsdl/panels/loadtest/JLoadTestLogTable.java; size: 16045 bytes; exists: false
       Install file: /home/labuser/SmartBear/SoapUI-5.8.0/source/main/java/com/eviware/soapui/impl/wsdl/panels/loadtest/JStatisticsGraph.java; size: 11275 bytes; exists: false
       Install file: /home/labuser/SmartBear/SoapUI-5.8.0/source/main/java/com/eviware/soapui/impl/wsdl/panels/loadtest/JStatisticsHistoryGraph.java; size: 10097 bytes; exists: false
       Install file: /home/labuser/SmartBear/SoapUI-5.8.0/source/main/java/com/eviware/soapui/impl/wsdl/panels/loadtest/JStatisticsTable.java; size: 7745 bytes; exists: false
       Install file: /home/labuser/SmartBear/SoapUI-5.8.0/source/main/java/com/eviware/soapui/impl/wsdl/panels/loadtest/StatisticsDesktopPanel.java; size: 8841 bytes; exists: false
       Install file: /home/labuser/SmartBear/SoapUI-5.8.0/source/main/java/com/eviware/soapui/impl/wsdl/panels/loadtest/StatisticsHistoryDesktopPanel.java; size: 6216 bytes; exists: false
       Install file: /home/labuser/SmartBear/SoapUI-5.8.0/source/main/java/com/eviware/soapui/impl/wsdl/panels/loadtest/WsdlLoadTestDesktopPanel.java; size: 26753 bytes; exists: false
       Install file: /home/labuser/SmartBear/SoapUI-5.8.0/source/main/java/com/eviware/soapui/impl/wsdl/panels/loadtest/WsdlLoadTestPanelBuilder.java; size: 1352 bytes; exists: false
       Install file: /home/labuser/SmartBear/SoapUI-5.8.0/source/main/java/com/eviware/soapui/impl/wsdl/panels/loadtest/package.html; size: 181 bytes; exists: false
       Install file: /home/labuser/SmartBear/SoapUI-5.8.0/source/main/java/com/eviware/soapui/impl/wsdl/panels/mock/WsdlMockServiceDesktopPanel.java; size: 35237 bytes; exists: false
       Install file: /home/labuser/SmartBear/SoapUI-5.8.0/source/main/java/com/eviware/soapui/impl/wsdl/panels/mock/WsdlMockServicePanelBuilder.java; size: 3063 bytes; exists: false
       Install file: /home/labuser/SmartBear/SoapUI-5.8.0/source/main/java/com/eviware/soapui/impl/wsdl/panels/mock/package.html; size: 184 bytes; exists: false
       Install file: /home/labuser/SmartBear/SoapUI-5.8.0/source/main/java/com/eviware/soapui/impl/wsdl/panels/mockoperation/AbstractWsdlMockResponseDesktopPanel.java; size: 5372 bytes; exists: false
       Install file: /home/labuser/SmartBear/SoapUI-5.8.0/source/main/java/com/eviware/soapui/impl/wsdl/panels/mockoperation/MockRequestXmlDocument.java; size: 3378 bytes; exists: false
       Install file: /home/labuser/SmartBear/SoapUI-5.8.0/source/main/java/com/eviware/soapui/impl/wsdl/panels/mockoperation/MockResponseXmlDocument.java; size: 3312 bytes; exists: false
       Install file: /home/labuser/SmartBear/SoapUI-5.8.0/source/main/java/com/eviware/soapui/impl/wsdl/panels/mockoperation/WsdlMockOperationDesktopPanel.java; size: 8195 bytes; exists: false
       Install file: /home/labuser/SmartBear/SoapUI-5.8.0/source/main/java/com/eviware/soapui/impl/wsdl/panels/mockoperation/WsdlMockOperationPanelBuilder.java; size: 2155 bytes; exists: false
       Install file: /home/labuser/SmartBear/SoapUI-5.8.0/source/main/java/com/eviware/soapui/impl/wsdl/panels/mockoperation/WsdlMockRequestMessageExchange.java; size: 2909 bytes; exists: false
       Install file: /home/labuser/SmartBear/SoapUI-5.8.0/source/main/java/com/eviware/soapui/impl/wsdl/panels/mockoperation/WsdlMockResponseDesktopPanel.java; size: 1176 bytes; exists: false
       Install file: /home/labuser/SmartBear/SoapUI-5.8.0/source/main/java/com/eviware/soapui/impl/wsdl/panels/mockoperation/WsdlMockResponseMessageExchange.java; size: 3749 bytes; exists: false
       Install file: /home/labuser/SmartBear/SoapUI-5.8.0/source/main/java/com/eviware/soapui/impl/wsdl/panels/mockoperation/WsdlMockResponsePanelBuilder.java; size: 4063 bytes; exists: false
       Install file: /home/labuser/SmartBear/SoapUI-5.8.0/source/main/java/com/eviware/soapui/impl/wsdl/panels/mockoperation/WsdlMockResultMessageExchange.java; size: 4933 bytes; exists: false
       Install file: /home/labuser/SmartBear/SoapUI-5.8.0/source/main/java/com/eviware/soapui/impl/wsdl/panels/mockoperation/actions/CreateEmptyWsdlMockResponseAction.java; size: 2270 bytes; exists: false
       Install file: /home/labuser/SmartBear/SoapUI-5.8.0/source/main/java/com/eviware/soapui/impl/wsdl/panels/mockoperation/actions/CreateFaultWsdlMockResponseAction.java; size: 3143 bytes; exists: false
       Install file: /home/labuser/SmartBear/SoapUI-5.8.0/source/main/java/com/eviware/soapui/impl/wsdl/panels/mockoperation/actions/RecreateMockResponseAction.java; size: 2775 bytes; exists: false
       Install file: /home/labuser/SmartBear/SoapUI-5.8.0/source/main/java/com/eviware/soapui/impl/wsdl/panels/mockoperation/actions/WSIValidateResponseAction.java; size: 14478 bytes; exists: false
       Install file: /home/labuser/SmartBear/SoapUI-5.8.0/source/main/java/com/eviware/soapui/impl/wsdl/panels/mockoperation/actions/package.html; size: 166 bytes; exists: false
       Install file: /home/labuser/SmartBear/SoapUI-5.8.0/source/main/java/com/eviware/soapui/impl/wsdl/panels/mockoperation/package.html; size: 186 bytes; exists: false
       Install file: /home/labuser/SmartBear/SoapUI-5.8.0/source/main/java/com/eviware/soapui/impl/wsdl/panels/monitor/SoapMonitorContainer.java; size: 1034 bytes; exists: false
       Install file: /home/labuser/SmartBear/SoapUI-5.8.0/source/main/java/com/eviware/soapui/impl/wsdl/panels/monitor/SoapMonitorDesktopPanel.java; size: 3139 bytes; exists: false
       Install file: /home/labuser/SmartBear/SoapUI-5.8.0/source/main/java/com/eviware/soapui/impl/wsdl/panels/operation/WsdlOperationPanelBuilder.java; size: 2335 bytes; exists: false
       Install file: /home/labuser/SmartBear/SoapUI-5.8.0/source/main/java/com/eviware/soapui/impl/wsdl/panels/operation/package.html; size: 177 bytes; exists: false
       Install file: /home/labuser/SmartBear/SoapUI-5.8.0/source/main/java/com/eviware/soapui/impl/wsdl/panels/project/JProjectTestSuiteList.java; size: 16297 bytes; exists: false
       Install file: /home/labuser/SmartBear/SoapUI-5.8.0/source/main/java/com/eviware/soapui/impl/wsdl/panels/project/TestRunLogTestSuiteRunListener.java; size: 3941 bytes; exists: false
       Install file: /home/labuser/SmartBear/SoapUI-5.8.0/source/main/java/com/eviware/soapui/impl/wsdl/panels/project/WSSTabPanel.java; size: 38485 bytes; exists: false
       Install file: /home/labuser/SmartBear/SoapUI-5.8.0/source/main/java/com/eviware/soapui/impl/wsdl/panels/project/WsdlProjectDesktopPanel.java; size: 18797 bytes; exists: false
       Install file: /home/labuser/SmartBear/SoapUI-5.8.0/source/main/java/com/eviware/soapui/impl/wsdl/panels/project/WsdlProjectPanelBuilder.java; size: 2737 bytes; exists: false
       Install file: /home/labuser/SmartBear/SoapUI-5.8.0/source/main/java/com/eviware/soapui/impl/wsdl/panels/project/WsdlProjectTestSuitesTabPanel.java; size: 16839 bytes; exists: false
       Install file: /home/labuser/SmartBear/SoapUI-5.8.0/source/main/java/com/eviware/soapui/impl/wsdl/panels/project/package.html; size: 175 bytes; exists: false
       Install file: /home/labuser/SmartBear/SoapUI-5.8.0/source/main/java/com/eviware/soapui/impl/wsdl/panels/request/AbstractWsdlRequestDesktopPanel.java; size: 6701 bytes; exists: false
       Install file: /home/labuser/SmartBear/SoapUI-5.8.0/source/main/java/com/eviware/soapui/impl/wsdl/panels/request/StringToStringMapTableModel.java; size: 3672 bytes; exists: false
       Install file: /home/labuser/SmartBear/SoapUI-5.8.0/source/main/java/com/eviware/soapui/impl/wsdl/panels/request/StringToStringsMapTableModel.java; size: 4406 bytes; exists: false
       Install file: /home/labuser/SmartBear/SoapUI-5.8.0/source/main/java/com/eviware/soapui/impl/wsdl/panels/request/WsdlRequestDesktopPanel.java; size: 2743 bytes; exists: false
       Install file: /home/labuser/SmartBear/SoapUI-5.8.0/source/main/java/com/eviware/soapui/impl/wsdl/panels/request/WsdlRequestPanelBuilder.java; size: 5338 bytes; exists: false
       Install file: /home/labuser/SmartBear/SoapUI-5.8.0/source/main/java/com/eviware/soapui/impl/wsdl/panels/request/actions/EndpointsActionComponentFactory.java; size: 1242 bytes; exists: false
       Install file: /home/labuser/SmartBear/SoapUI-5.8.0/source/main/java/com/eviware/soapui/impl/wsdl/panels/request/actions/SubmitWsdlRequestAction.java; size: 1181 bytes; exists: false
       Install file: /home/labuser/SmartBear/SoapUI-5.8.0/source/main/java/com/eviware/soapui/impl/wsdl/panels/request/actions/WSIValidateRequestAction.java; size: 14794 bytes; exists: false
       Install file: /home/labuser/SmartBear/SoapUI-5.8.0/source/main/java/com/eviware/soapui/impl/wsdl/panels/request/actions/package.html; size: 173 bytes; exists: false
       Install file: /home/labuser/SmartBear/SoapUI-5.8.0/source/main/java/com/eviware/soapui/impl/wsdl/panels/request/package.html; size: 193 bytes; exists: false
       Install file: /home/labuser/SmartBear/SoapUI-5.8.0/source/main/java/com/eviware/soapui/impl/wsdl/panels/support/AbstractMockTestRunner.java; size: 2963 bytes; exists: false
       Install file: /home/labuser/SmartBear/SoapUI-5.8.0/source/main/java/com/eviware/soapui/impl/wsdl/panels/support/MockLoadTestRunContext.java; size: 1966 bytes; exists: false
       Install file: /home/labuser/SmartBear/SoapUI-5.8.0/source/main/java/com/eviware/soapui/impl/wsdl/panels/support/MockLoadTestRunner.java; size: 1481 bytes; exists: false
       Install file: /home/labuser/SmartBear/SoapUI-5.8.0/source/main/java/com/eviware/soapui/impl/wsdl/panels/support/MockProjectRunContext.java; size: 1774 bytes; exists: false
       Install file: /home/labuser/SmartBear/SoapUI-5.8.0/source/main/java/com/eviware/soapui/impl/wsdl/panels/support/MockProjectRunner.java; size: 1447 bytes; exists: false
       Install file: /home/labuser/SmartBear/SoapUI-5.8.0/source/main/java/com/eviware/soapui/impl/wsdl/panels/support/MockSecurityTestRunner.java; size: 3160 bytes; exists: false
       Install file: /home/labuser/SmartBear/SoapUI-5.8.0/source/main/java/com/eviware/soapui/impl/wsdl/panels/support/MockTestRunContext.java; size: 3898 bytes; exists: false
       Install file: /home/labuser/SmartBear/SoapUI-5.8.0/source/main/java/com/eviware/soapui/impl/wsdl/panels/support/MockTestRunner.java; size: 2584 bytes; exists: false
       Install file: /home/labuser/SmartBear/SoapUI-5.8.0/source/main/java/com/eviware/soapui/impl/wsdl/panels/support/MockTestSuiteRunContext.java; size: 2072 bytes; exists: false
       Install file: /home/labuser/SmartBear/SoapUI-5.8.0/source/main/java/com/eviware/soapui/impl/wsdl/panels/support/MockTestSuiteRunner.java; size: 1518 bytes; exists: false
       Install file: /home/labuser/SmartBear/SoapUI-5.8.0/source/main/java/com/eviware/soapui/impl/wsdl/panels/support/ProgressBarTestCaseAdapter.java; size: 6129 bytes; exists: false
       Install file: /home/labuser/SmartBear/SoapUI-5.8.0/source/main/java/com/eviware/soapui/impl/wsdl/panels/support/ProgressBarTestSuiteAdapter.java; size: 6013 bytes; exists: false
       Install file: /home/labuser/SmartBear/SoapUI-5.8.0/source/main/java/com/eviware/soapui/impl/wsdl/panels/support/TestRunComponentEnabler.java; size: 3429 bytes; exists: false
       Install file: /home/labuser/SmartBear/SoapUI-5.8.0/source/main/java/com/eviware/soapui/impl/wsdl/panels/support/package.html; size: 168 bytes; exists: false
       Install file: /home/labuser/SmartBear/SoapUI-5.8.0/source/main/java/com/eviware/soapui/impl/wsdl/panels/testcase/JTestRunLog.java; size: 14555 bytes; exists: false
       Install file: /home/labuser/SmartBear/SoapUI-5.8.0/source/main/java/com/eviware/soapui/impl/wsdl/panels/testcase/JTestStepList.java; size: 15357 bytes; exists: false
       Install file: /home/labuser/SmartBear/SoapUI-5.8.0/source/main/java/com/eviware/soapui/impl/wsdl/panels/testcase/TestOnDemandPanel.java; size: 12713 bytes; exists: false
       Install file: /home/labuser/SmartBear/SoapUI-5.8.0/source/main/java/com/eviware/soapui/impl/wsdl/panels/testcase/TestRunLog.java; size: 1161 bytes; exists: false
       Install file: /home/labuser/SmartBear/SoapUI-5.8.0/source/main/java/com/eviware/soapui/impl/wsdl/panels/testcase/TestRunLogTestRunListener.java; size: 4093 bytes; exists: false
       Install file: /home/labuser/SmartBear/SoapUI-5.8.0/source/main/java/com/eviware/soapui/impl/wsdl/panels/testcase/WsdlTestCaseDesktopPanel.java; size: 32281 bytes; exists: false
       Install file: /home/labuser/SmartBear/SoapUI-5.8.0/source/main/java/com/eviware/soapui/impl/wsdl/panels/testcase/WsdlTestCasePanelBuilder.java; size: 1756 bytes; exists: false
       Install file: /home/labuser/SmartBear/SoapUI-5.8.0/source/main/java/com/eviware/soapui/impl/wsdl/panels/testcase/actions/SetCredentialsAction.java; size: 4406 bytes; exists: false
       Install file: /home/labuser/SmartBear/SoapUI-5.8.0/source/main/java/com/eviware/soapui/impl/wsdl/panels/testcase/actions/SetEndpointAction.java; size: 3862 bytes; exists: false
       Install file: /home/labuser/SmartBear/SoapUI-5.8.0/source/main/java/com/eviware/soapui/impl/wsdl/panels/testcase/actions/package.html; size: 174 bytes; exists: false
       Install file: /home/labuser/SmartBear/SoapUI-5.8.0/source/main/java/com/eviware/soapui/impl/wsdl/panels/testcase/package.html; size: 168 bytes; exists: false
       Install file: /home/labuser/SmartBear/SoapUI-5.8.0/source/main/java/com/eviware/soapui/impl/wsdl/panels/teststeps/AssertionsPanel.java; size: 22650 bytes; exists: false
       Install file: /home/labuser/SmartBear/SoapUI-5.8.0/source/main/java/com/eviware/soapui/impl/wsdl/panels/teststeps/DelayTestStepPanelBuilder.java; size: 1494 bytes; exists: false
       Install file: /home/labuser/SmartBear/SoapUI-5.8.0/source/main/java/com/eviware/soapui/impl/wsdl/panels/teststeps/GotoStepDesktopPanel.java; size: 21382 bytes; exists: false
       Install file: /home/labuser/SmartBear/SoapUI-5.8.0/source/main/java/com/eviware/soapui/impl/wsdl/panels/teststeps/GotoStepPanelBuilder.java; size: 1359 bytes; exists: false
       Install file: /home/labuser/SmartBear/SoapUI-5.8.0/source/main/java/com/eviware/soapui/impl/wsdl/panels/teststeps/GraphQLRequestTestStepDesktopPanel.java; size: 17780 bytes; exists: false
       Install file: /home/labuser/SmartBear/SoapUI-5.8.0/source/main/java/com/eviware/soapui/impl/wsdl/panels/teststeps/GraphQLRequestTestStepPanelBuilder.java; size: 2594 bytes; exists: false
       Install file: /home/labuser/SmartBear/SoapUI-5.8.0/source/main/java/com/eviware/soapui/impl/wsdl/panels/teststeps/GroovyScriptStepDesktopPanel.java; size: 10521 bytes; exists: false
       Install file: /home/labuser/SmartBear/SoapUI-5.8.0/source/main/java/com/eviware/soapui/impl/wsdl/panels/teststeps/GroovyScriptStepPanelBuilder.java; size: 1409 bytes; exists: false
       Install file: /home/labuser/SmartBear/SoapUI-5.8.0/source/main/java/com/eviware/soapui/impl/wsdl/panels/teststeps/HttpTestRequestDesktopPanel.java; size: 18441 bytes; exists: false
       Install file: /home/labuser/SmartBear/SoapUI-5.8.0/source/main/java/com/eviware/soapui/impl/wsdl/panels/teststeps/HttpTestRequestPanelBuilder.java; size: 4757 bytes; exists: false
       Install file: /home/labuser/SmartBear/SoapUI-5.8.0/source/main/java/com/eviware/soapui/impl/wsdl/panels/teststeps/JdbcRequest.java; size: 11983 bytes; exists: false
       Install file: /home/labuser/SmartBear/SoapUI-5.8.0/source/main/java/com/eviware/soapui/impl/wsdl/panels/teststeps/JdbcRequestTestStepDesktopPanel.java; size: 38619 bytes; exists: false
       Install file: /home/labuser/SmartBear/SoapUI-5.8.0/source/main/java/com/eviware/soapui/impl/wsdl/panels/teststeps/JdbcRequestTestStepPanelBuilder.java; size: 2031 bytes; exists: false
       Install file: /home/labuser/SmartBear/SoapUI-5.8.0/source/main/java/com/eviware/soapui/impl/wsdl/panels/teststeps/JdbcResponse.java; size: 2499 bytes; exists: false
       Install file: /home/labuser/SmartBear/SoapUI-5.8.0/source/main/java/com/eviware/soapui/impl/wsdl/panels/teststeps/JdbcSubmit.java; size: 10362 bytes; exists: false
       Install file: /home/labuser/SmartBear/SoapUI-5.8.0/source/main/java/com/eviware/soapui/impl/wsdl/panels/teststeps/ManualTestStepDesktopPanel.java; size: 5721 bytes; exists: false
       Install file: /home/labuser/SmartBear/SoapUI-5.8.0/source/main/java/com/eviware/soapui/impl/wsdl/panels/teststeps/ManualTestStepPanelBuilder.java; size: 1717 bytes; exists: false
       Install file: /home/labuser/SmartBear/SoapUI-5.8.0/source/main/java/com/eviware/soapui/impl/wsdl/panels/teststeps/MockResponseStepPanelBuilder.java; size: 3303 bytes; exists: false
       Install file: /home/labuser/SmartBear/SoapUI-5.8.0/source/main/java/com/eviware/soapui/impl/wsdl/panels/teststeps/PropertiesStepDesktopPanel.java; size: 11270 bytes; exists: false
       Install file: /home/labuser/SmartBear/SoapUI-5.8.0/source/main/java/com/eviware/soapui/impl/wsdl/panels/teststeps/PropertiesStepPanelBuilder.java; size: 2302 bytes; exists: false
       Install file: /home/labuser/SmartBear/SoapUI-5.8.0/source/main/java/com/eviware/soapui/impl/wsdl/panels/teststeps/PropertyTransfersDesktopPanel.java; size: 59152 bytes; exists: false
       Install file: /home/labuser/SmartBear/SoapUI-5.8.0/source/main/java/com/eviware/soapui/impl/wsdl/panels/teststeps/PropertyTransfersTestStepPanelBuilder.java; size: 1659 bytes; exists: false
       Install file: /home/labuser/SmartBear/SoapUI-5.8.0/source/main/java/com/eviware/soapui/impl/wsdl/panels/teststeps/RestTestRequestDesktopPanel.java; size: 15705 bytes; exists: false
       Install file: /home/labuser/SmartBear/SoapUI-5.8.0/source/main/java/com/eviware/soapui/impl/wsdl/panels/teststeps/RestTestRequestPanelBuilder.java; size: 4167 bytes; exists: false
       Install file: /home/labuser/SmartBear/SoapUI-5.8.0/source/main/java/com/eviware/soapui/impl/wsdl/panels/teststeps/WsdlMockResponseStepDesktopPanel.java; size: 16598 bytes; exists: false
       Install file: /home/labuser/SmartBear/SoapUI-5.8.0/source/main/java/com/eviware/soapui/impl/wsdl/panels/teststeps/WsdlRunTestCaseStepDesktopPanel.java; size: 21989 bytes; exists: false
       Install file: /home/labuser/SmartBear/SoapUI-5.8.0/source/main/java/com/eviware/soapui/impl/wsdl/panels/teststeps/WsdlRunTestCaseTestStepPanelBuilder.java; size: 1423 bytes; exists: false
       Install file: /home/labuser/SmartBear/SoapUI-5.8.0/source/main/java/com/eviware/soapui/impl/wsdl/panels/teststeps/WsdlTestRequestDesktopPanel.java; size: 11554 bytes; exists: false
       Install file: /home/labuser/SmartBear/SoapUI-5.8.0/source/main/java/com/eviware/soapui/impl/wsdl/panels/teststeps/WsdlTestRequestPanelBuilder.java; size: 5739 bytes; exists: false
       Install file: /home/labuser/SmartBear/SoapUI-5.8.0/source/main/java/com/eviware/soapui/impl/wsdl/panels/teststeps/amf/AMFCredentials.java; size: 4360 bytes; exists: false
       Install file: /home/labuser/SmartBear/SoapUI-5.8.0/source/main/java/com/eviware/soapui/impl/wsdl/panels/teststeps/amf/AMFRequest.java; size: 18607 bytes; exists: false
       Install file: /home/labuser/SmartBear/SoapUI-5.8.0/source/main/java/com/eviware/soapui/impl/wsdl/panels/teststeps/amf/AMFRequestTestStepDesktopPanel.java; size: 39853 bytes; exists: false
       Install file: /home/labuser/SmartBear/SoapUI-5.8.0/source/main/java/com/eviware/soapui/impl/wsdl/panels/teststeps/amf/AMFRequestTestStepPanelBuilder.java; size: 1840 bytes; exists: false
       Install file: /home/labuser/SmartBear/SoapUI-5.8.0/source/main/java/com/eviware/soapui/impl/wsdl/panels/teststeps/amf/AMFResponse.java; size: 7714 bytes; exists: false
       Install file: /home/labuser/SmartBear/SoapUI-5.8.0/source/main/java/com/eviware/soapui/impl/wsdl/panels/teststeps/amf/AMFSubmit.java; size: 9522 bytes; exists: false
       Install file: /home/labuser/SmartBear/SoapUI-5.8.0/source/main/java/com/eviware/soapui/impl/wsdl/panels/teststeps/amf/AMFTestRunListener.java; size: 4644 bytes; exists: false
       Install file: /home/labuser/SmartBear/SoapUI-5.8.0/source/main/java/com/eviware/soapui/impl/wsdl/panels/teststeps/amf/SoapUIAMFConnection.java; size: 16526 bytes; exists: false
       Install file: /home/labuser/SmartBear/SoapUI-5.8.0/source/main/java/com/eviware/soapui/impl/wsdl/panels/teststeps/package.html; size: 168 bytes; exists: false
       Install file: /home/labuser/SmartBear/SoapUI-5.8.0/source/main/java/com/eviware/soapui/impl/wsdl/panels/teststeps/support/AbstractGroovyEditorModel.java; size: 2624 bytes; exists: false
       Install file: /home/labuser/SmartBear/SoapUI-5.8.0/source/main/java/com/eviware/soapui/impl/wsdl/panels/teststeps/support/AddParamAction.java; size: 4551 bytes; exists: false
       Install file: /home/labuser/SmartBear/SoapUI-5.8.0/source/main/java/com/eviware/soapui/impl/wsdl/panels/teststeps/support/DefaultPropertyHolderTableModel.java; size: 7490 bytes; exists: false
       Install file: /home/labuser/SmartBear/SoapUI-5.8.0/source/main/java/com/eviware/soapui/impl/wsdl/panels/teststeps/support/DirectAccessPropertyHolderTableModel.java; size: 3073 bytes; exists: false
       Install file: /home/labuser/SmartBear/SoapUI-5.8.0/source/main/java/com/eviware/soapui/impl/wsdl/panels/teststeps/support/GotoTestStepsComboBoxModel.java; size: 4682 bytes; exists: false
       Install file: /home/labuser/SmartBear/SoapUI-5.8.0/source/main/java/com/eviware/soapui/impl/wsdl/panels/teststeps/support/GroovyEditor.java; size: 9359 bytes; exists: false
       Install file: /home/labuser/SmartBear/SoapUI-5.8.0/source/main/java/com/eviware/soapui/impl/wsdl/panels/teststeps/support/GroovyEditorModel.java; size: 1503 bytes; exists: false
       Install file: /home/labuser/SmartBear/SoapUI-5.8.0/source/main/java/com/eviware/soapui/impl/wsdl/panels/teststeps/support/MovePropertyDownAction.java; size: 2193 bytes; exists: false
       Install file: /home/labuser/SmartBear/SoapUI-5.8.0/source/main/java/com/eviware/soapui/impl/wsdl/panels/teststeps/support/MovePropertyUpAction.java; size: 2179 bytes; exists: false
       Install file: /home/labuser/SmartBear/SoapUI-5.8.0/source/main/java/com/eviware/soapui/impl/wsdl/panels/teststeps/support/NamedParameterStatement.java; size: 10245 bytes; exists: false
       Install file: /home/labuser/SmartBear/SoapUI-5.8.0/source/main/java/com/eviware/soapui/impl/wsdl/panels/teststeps/support/PropertyHolderTable.java; size: 31429 bytes; exists: false
       Install file: /home/labuser/SmartBear/SoapUI-5.8.0/source/main/java/com/eviware/soapui/impl/wsdl/panels/teststeps/support/PropertyHolderTableModel.java; size: 1284 bytes; exists: false
       Install file: /home/labuser/SmartBear/SoapUI-5.8.0/source/main/java/com/eviware/soapui/impl/wsdl/panels/teststeps/support/RemovePropertyAction.java; size: 2236 bytes; exists: false
       Install file: /home/labuser/SmartBear/SoapUI-5.8.0/source/main/java/com/eviware/soapui/impl/wsdl/panels/teststeps/support/WsaAssertionConfiguration.java; size: 3421 bytes; exists: false
       Install file: /home/labuser/SmartBear/SoapUI-5.8.0/source/main/java/com/eviware/soapui/impl/wsdl/panels/teststeps/support/package.html; size: 176 bytes; exists: false
       Install file: /home/labuser/SmartBear/SoapUI-5.8.0/source/main/java/com/eviware/soapui/impl/wsdl/panels/testsuite/JTestSuiteTestCaseList.java; size: 15967 bytes; exists: false
       Install file: /home/labuser/SmartBear/SoapUI-5.8.0/source/main/java/com/eviware/soapui/impl/wsdl/panels/testsuite/WsdlTestSuiteDesktopPanel.java; size: 20166 bytes; exists: false
       Install file: /home/labuser/SmartBear/SoapUI-5.8.0/source/main/java/com/eviware/soapui/impl/wsdl/panels/testsuite/WsdlTestSuitePanelBuilder.java; size: 1759 bytes; exists: false
       Install file: /home/labuser/SmartBear/SoapUI-5.8.0/source/main/java/com/eviware/soapui/impl/wsdl/panels/testsuite/package.html; size: 169 bytes; exists: false
       Install file: /home/labuser/SmartBear/SoapUI-5.8.0/source/main/java/com/eviware/soapui/impl/wsdl/submit/AbstractMessageExchange.java; size: 2505 bytes; exists: false
       Install file: /home/labuser/SmartBear/SoapUI-5.8.0/source/main/java/com/eviware/soapui/impl/wsdl/submit/AbstractRestMessageExchange.java; size: 2728 bytes; exists: false
       Install file: /home/labuser/SmartBear/SoapUI-5.8.0/source/main/java/com/eviware/soapui/impl/wsdl/submit/AbstractWsdlMessageExchange.java; size: 3153 bytes; exists: false
       Install file: /home/labuser/SmartBear/SoapUI-5.8.0/source/main/java/com/eviware/soapui/impl/wsdl/submit/HttpMessageExchange.java; size: 982 bytes; exists: false
       Install file: /home/labuser/SmartBear/SoapUI-5.8.0/source/main/java/com/eviware/soapui/impl/wsdl/submit/RequestFilter.java; size: 1390 bytes; exists: false
       Install file: /home/labuser/SmartBear/SoapUI-5.8.0/source/main/java/com/eviware/soapui/impl/wsdl/submit/RequestFilterFactory.java; size: 898 bytes; exists: false
       Install file: /home/labuser/SmartBear/SoapUI-5.8.0/source/main/java/com/eviware/soapui/impl/wsdl/submit/RequestTransport.java; size: 1546 bytes; exists: false
       Install file: /home/labuser/SmartBear/SoapUI-5.8.0/source/main/java/com/eviware/soapui/impl/wsdl/submit/RequestTransportFactory.java; size: 904 bytes; exists: false
       Install file: /home/labuser/SmartBear/SoapUI-5.8.0/source/main/java/com/eviware/soapui/impl/wsdl/submit/RequestTransportRegistry.java; size: 12460 bytes; exists: false
       Install file: /home/labuser/SmartBear/SoapUI-5.8.0/source/main/java/com/eviware/soapui/impl/wsdl/submit/RestMessageExchange.java; size: 1045 bytes; exists: false
       Install file: /home/labuser/SmartBear/SoapUI-5.8.0/source/main/java/com/eviware/soapui/impl/wsdl/submit/WsdlMessageExchange.java; size: 1193 bytes; exists: false
       Install file: /home/labuser/SmartBear/SoapUI-5.8.0/source/main/java/com/eviware/soapui/impl/wsdl/submit/filters/AbstractRequestFilter.java; size: 3871 bytes; exists: false
       Install file: /home/labuser/SmartBear/SoapUI-5.8.0/source/main/java/com/eviware/soapui/impl/wsdl/submit/filters/AbstractWssRequestFilter.java; size: 3395 bytes; exists: false
       Install file: /home/labuser/SmartBear/SoapUI-5.8.0/source/main/java/com/eviware/soapui/impl/wsdl/submit/filters/EndpointRequestFilter.java; size: 2256 bytes; exists: false
       Install file: /home/labuser/SmartBear/SoapUI-5.8.0/source/main/java/com/eviware/soapui/impl/wsdl/submit/filters/EndpointStrategyRequestFilter.java; size: 1582 bytes; exists: false
       Install file: /home/labuser/SmartBear/SoapUI-5.8.0/source/main/java/com/eviware/soapui/impl/wsdl/submit/filters/GlobalHttpHeadersRequestFilter.java; size: 5919 bytes; exists: false
       Install file: /home/labuser/SmartBear/SoapUI-5.8.0/source/main/java/com/eviware/soapui/impl/wsdl/submit/filters/HttpAuthenticationRequestFilter.java; size: 4917 bytes; exists: false
       Install file: /home/labuser/SmartBear/SoapUI-5.8.0/source/main/java/com/eviware/soapui/impl/wsdl/submit/filters/HttpCompressionRequestFilter.java; size: 2895 bytes; exists: false
       Install file: /home/labuser/SmartBear/SoapUI-5.8.0/source/main/java/com/eviware/soapui/impl/wsdl/submit/filters/HttpPackagingResponseFilter.java; size: 4512 bytes; exists: false
       Install file: /home/labuser/SmartBear/SoapUI-5.8.0/source/main/java/com/eviware/soapui/impl/wsdl/submit/filters/HttpRequestFilter.java; size: 21453 bytes; exists: false
       Install file: /home/labuser/SmartBear/SoapUI-5.8.0/source/main/java/com/eviware/soapui/impl/wsdl/submit/filters/HttpSettingsRequestFilter.java; size: 4560 bytes; exists: false
       Install file: /home/labuser/SmartBear/SoapUI-5.8.0/source/main/java/com/eviware/soapui/impl/wsdl/submit/filters/OAuth2RequestFilter.java; size: 8451 bytes; exists: false
       Install file: /home/labuser/SmartBear/SoapUI-5.8.0/source/main/java/com/eviware/soapui/impl/wsdl/submit/filters/PostPackagingRequestFilter.java; size: 2413 bytes; exists: false
       Install file: /home/labuser/SmartBear/SoapUI-5.8.0/source/main/java/com/eviware/soapui/impl/wsdl/submit/filters/PropertyExpansionRequestFilter.java; size: 3011 bytes; exists: false
       Install file: /home/labuser/SmartBear/SoapUI-5.8.0/source/main/java/com/eviware/soapui/impl/wsdl/submit/filters/RemoveEmptyContentRequestFilter.java; size: 5689 bytes; exists: false
       Install file: /home/labuser/SmartBear/SoapUI-5.8.0/source/main/java/com/eviware/soapui/impl/wsdl/submit/filters/RestRequestFilter.java; size: 1198 bytes; exists: false
       Install file: /home/labuser/SmartBear/SoapUI-5.8.0/source/main/java/com/eviware/soapui/impl/wsdl/submit/filters/ScriptExpansionRequestFilter.java; size: 3482 bytes; exists: false
       Install file: /home/labuser/SmartBear/SoapUI-5.8.0/source/main/java/com/eviware/soapui/impl/wsdl/submit/filters/SoapHeadersRequestFilter.java; size: 2278 bytes; exists: false
       Install file: /home/labuser/SmartBear/SoapUI-5.8.0/source/main/java/com/eviware/soapui/impl/wsdl/submit/filters/StripWhitespacesRequestFilter.java; size: 1964 bytes; exists: false
       Install file: /home/labuser/SmartBear/SoapUI-5.8.0/source/main/java/com/eviware/soapui/impl/wsdl/submit/filters/WsaRequestFilter.java; size: 2896 bytes; exists: false
       Install file: /home/labuser/SmartBear/SoapUI-5.8.0/source/main/java/com/eviware/soapui/impl/wsdl/submit/filters/WsdlPackagingRequestFilter.java; size: 6642 bytes; exists: false
       Install file: /home/labuser/SmartBear/SoapUI-5.8.0/source/main/java/com/eviware/soapui/impl/wsdl/submit/filters/WsrmRequestFilter.java; size: 3197 bytes; exists: false
       Install file: /home/labuser/SmartBear/SoapUI-5.8.0/source/main/java/com/eviware/soapui/impl/wsdl/submit/filters/WssAuthenticationRequestFilter.java; size: 6658 bytes; exists: false
       Install file: /home/labuser/SmartBear/SoapUI-5.8.0/source/main/java/com/eviware/soapui/impl/wsdl/submit/filters/WssRequestFilter.java; size: 3631 bytes; exists: false
       Install file: /home/labuser/SmartBear/SoapUI-5.8.0/source/main/java/com/eviware/soapui/impl/wsdl/submit/filters/package.html; size: 166 bytes; exists: false
       Install file: /home/labuser/SmartBear/SoapUI-5.8.0/source/main/java/com/eviware/soapui/impl/wsdl/submit/package.html; size: 168 bytes; exists: false
       Install file: /home/labuser/SmartBear/SoapUI-5.8.0/source/main/java/com/eviware/soapui/impl/wsdl/submit/transports/http/BaseHttpRequestTransport.java; size: 1588 bytes; exists: false
       Install file: /home/labuser/SmartBear/SoapUI-5.8.0/source/main/java/com/eviware/soapui/impl/wsdl/submit/transports/http/BaseHttpResponse.java; size: 14601 bytes; exists: false
       Install file: /home/labuser/SmartBear/SoapUI-5.8.0/source/main/java/com/eviware/soapui/impl/wsdl/submit/transports/http/DocumentContent.java; size: 1768 bytes; exists: false
       Install file: /home/labuser/SmartBear/SoapUI-5.8.0/source/main/java/com/eviware/soapui/impl/wsdl/submit/transports/http/ExtendedEntityEnclosingHttpMethod.java; size: 953 bytes; exists: false
       Install file: /home/labuser/SmartBear/SoapUI-5.8.0/source/main/java/com/eviware/soapui/impl/wsdl/submit/transports/http/ExtendedHttpMethod.java; size: 2451 bytes; exists: false
       Install file: /home/labuser/SmartBear/SoapUI-5.8.0/source/main/java/com/eviware/soapui/impl/wsdl/submit/transports/http/HTMLPageSourceDownloader.java; size: 5888 bytes; exists: false
       Install file: /home/labuser/SmartBear/SoapUI-5.8.0/source/main/java/com/eviware/soapui/impl/wsdl/submit/transports/http/HttpClientRequestTransport.java; size: 21340 bytes; exists: false
       Install file: /home/labuser/SmartBear/SoapUI-5.8.0/source/main/java/com/eviware/soapui/impl/wsdl/submit/transports/http/HttpMethodSupport.java; size: 10333 bytes; exists: false
       Install file: /home/labuser/SmartBear/SoapUI-5.8.0/source/main/java/com/eviware/soapui/impl/wsdl/submit/transports/http/HttpPatch.java; size: 1339 bytes; exists: false
       Install file: /home/labuser/SmartBear/SoapUI-5.8.0/source/main/java/com/eviware/soapui/impl/wsdl/submit/transports/http/HttpResponse.java; size: 1321 bytes; exists: false
       Install file: /home/labuser/SmartBear/SoapUI-5.8.0/source/main/java/com/eviware/soapui/impl/wsdl/submit/transports/http/HttpStatusHolder.java; size: 983 bytes; exists: false
       Install file: /home/labuser/SmartBear/SoapUI-5.8.0/source/main/java/com/eviware/soapui/impl/wsdl/submit/transports/http/SSLInfo.java; size: 2281 bytes; exists: false
       Install file: /home/labuser/SmartBear/SoapUI-5.8.0/source/main/java/com/eviware/soapui/impl/wsdl/submit/transports/http/SinglePartHttpResponse.java; size: 4720 bytes; exists: false
       Install file: /home/labuser/SmartBear/SoapUI-5.8.0/source/main/java/com/eviware/soapui/impl/wsdl/submit/transports/http/WsdlResponse.java; size: 1080 bytes; exists: false
       Install file: /home/labuser/SmartBear/SoapUI-5.8.0/source/main/java/com/eviware/soapui/impl/wsdl/submit/transports/http/package.html; size: 174 bytes; exists: false
       Install file: /home/labuser/SmartBear/SoapUI-5.8.0/source/main/java/com/eviware/soapui/impl/wsdl/submit/transports/http/support/attachments/AttachmentDataSource.java; size: 1788 bytes; exists: false
       Install file: /home/labuser/SmartBear/SoapUI-5.8.0/source/main/java/com/eviware/soapui/impl/wsdl/submit/transports/http/support/attachments/AttachmentUtils.java; size: 30398 bytes; exists: false
       Install file: /home/labuser/SmartBear/SoapUI-5.8.0/source/main/java/com/eviware/soapui/impl/wsdl/submit/transports/http/support/attachments/BodyPartAttachment.java; size: 7945 bytes; exists: false
       Install file: /home/labuser/SmartBear/SoapUI-5.8.0/source/main/java/com/eviware/soapui/impl/wsdl/submit/transports/http/support/attachments/BodyPartDataSource.java; size: 2088 bytes; exists: false
       Install file: /home/labuser/SmartBear/SoapUI-5.8.0/source/main/java/com/eviware/soapui/impl/wsdl/submit/transports/http/support/attachments/HttpRequestDataSource.java; size: 1919 bytes; exists: false
       Install file: /home/labuser/SmartBear/SoapUI-5.8.0/source/main/java/com/eviware/soapui/impl/wsdl/submit/transports/http/support/attachments/HttpRequestMimeMessageRequestEntity.java; size: 3254 bytes; exists: false
       Install file: /home/labuser/SmartBear/SoapUI-5.8.0/source/main/java/com/eviware/soapui/impl/wsdl/submit/transports/http/support/attachments/MimeMessageMockResponseEntity.java; size: 4077 bytes; exists: false
       Install file: /home/labuser/SmartBear/SoapUI-5.8.0/source/main/java/com/eviware/soapui/impl/wsdl/submit/transports/http/support/attachments/MimeMessageResponse.java; size: 5316 bytes; exists: false
       Install file: /home/labuser/SmartBear/SoapUI-5.8.0/source/main/java/com/eviware/soapui/impl/wsdl/submit/transports/http/support/attachments/MockRequestDataSource.java; size: 2324 bytes; exists: false
       Install file: /home/labuser/SmartBear/SoapUI-5.8.0/source/main/java/com/eviware/soapui/impl/wsdl/submit/transports/http/support/attachments/MockResponseDataSource.java; size: 2628 bytes; exists: false
       Install file: /home/labuser/SmartBear/SoapUI-5.8.0/source/main/java/com/eviware/soapui/impl/wsdl/submit/transports/http/support/attachments/MultipartAttachmentDataSource.java; size: 2025 bytes; exists: false
       Install file: /home/labuser/SmartBear/SoapUI-5.8.0/source/main/java/com/eviware/soapui/impl/wsdl/submit/transports/http/support/attachments/MultipartAttachmentFileDataSource.java; size: 2235 bytes; exists: false
       Install file: /home/labuser/SmartBear/SoapUI-5.8.0/source/main/java/com/eviware/soapui/impl/wsdl/submit/transports/http/support/attachments/MultipartMessageSupport.java; size: 7596 bytes; exists: false
       Install file: /home/labuser/SmartBear/SoapUI-5.8.0/source/main/java/com/eviware/soapui/impl/wsdl/submit/transports/http/support/attachments/PostResponseDataSource.java; size: 2837 bytes; exists: false
       Install file: /home/labuser/SmartBear/SoapUI-5.8.0/source/main/java/com/eviware/soapui/impl/wsdl/submit/transports/http/support/attachments/RestRequestDataSource.java; size: 1919 bytes; exists: false
       Install file: /home/labuser/SmartBear/SoapUI-5.8.0/source/main/java/com/eviware/soapui/impl/wsdl/submit/transports/http/support/attachments/RestRequestMimeMessageRequestEntity.java; size: 3254 bytes; exists: false
       Install file: /home/labuser/SmartBear/SoapUI-5.8.0/source/main/java/com/eviware/soapui/impl/wsdl/submit/transports/http/support/attachments/WsdlMimeMessageResponse.java; size: 7404 bytes; exists: false
       Install file: /home/labuser/SmartBear/SoapUI-5.8.0/source/main/java/com/eviware/soapui/impl/wsdl/submit/transports/http/support/attachments/WsdlRequestDataSource.java; size: 2306 bytes; exists: false
       Install file: /home/labuser/SmartBear/SoapUI-5.8.0/source/main/java/com/eviware/soapui/impl/wsdl/submit/transports/http/support/attachments/WsdlRequestMimeMessageRequestEntity.java; size: 4286 bytes; exists: false
       Install file: /home/labuser/SmartBear/SoapUI-5.8.0/source/main/java/com/eviware/soapui/impl/wsdl/submit/transports/http/support/attachments/WsdlSinglePartHttpResponse.java; size: 2998 bytes; exists: false
       Install file: /home/labuser/SmartBear/SoapUI-5.8.0/source/main/java/com/eviware/soapui/impl/wsdl/submit/transports/http/support/attachments/XOPPartDataSource.java; size: 3454 bytes; exists: false
       Install file: /home/labuser/SmartBear/SoapUI-5.8.0/source/main/java/com/eviware/soapui/impl/wsdl/submit/transports/http/support/methods/ExtendedCopyMethod.java; size: 4669 bytes; exists: false
       Install file: /home/labuser/SmartBear/SoapUI-5.8.0/source/main/java/com/eviware/soapui/impl/wsdl/submit/transports/http/support/methods/ExtendedDeleteMethod.java; size: 5340 bytes; exists: false
       Install file: /home/labuser/SmartBear/SoapUI-5.8.0/source/main/java/com/eviware/soapui/impl/wsdl/submit/transports/http/support/methods/ExtendedGenericMethod.java; size: 5553 bytes; exists: false
       Install file: /home/labuser/SmartBear/SoapUI-5.8.0/source/main/java/com/eviware/soapui/impl/wsdl/submit/transports/http/support/methods/ExtendedGetMethod.java; size: 5277 bytes; exists: false
       Install file: /home/labuser/SmartBear/SoapUI-5.8.0/source/main/java/com/eviware/soapui/impl/wsdl/submit/transports/http/support/methods/ExtendedHeadMethod.java; size: 5227 bytes; exists: false
       Install file: /home/labuser/SmartBear/SoapUI-5.8.0/source/main/java/com/eviware/soapui/impl/wsdl/submit/transports/http/support/methods/ExtendedLockMethod.java; size: 4714 bytes; exists: false
       Install file: /home/labuser/SmartBear/SoapUI-5.8.0/source/main/java/com/eviware/soapui/impl/wsdl/submit/transports/http/support/methods/ExtendedOptionsMethod.java; size: 5547 bytes; exists: false
       Install file: /home/labuser/SmartBear/SoapUI-5.8.0/source/main/java/com/eviware/soapui/impl/wsdl/submit/transports/http/support/methods/ExtendedPatchMethod.java; size: 5275 bytes; exists: false
       Install file: /home/labuser/SmartBear/SoapUI-5.8.0/source/main/java/com/eviware/soapui/impl/wsdl/submit/transports/http/support/methods/ExtendedPostMethod.java; size: 5704 bytes; exists: false
       Install file: /home/labuser/SmartBear/SoapUI-5.8.0/source/main/java/com/eviware/soapui/impl/wsdl/submit/transports/http/support/methods/ExtendedPropFindMethod.java; size: 4356 bytes; exists: false
       Install file: /home/labuser/SmartBear/SoapUI-5.8.0/source/main/java/com/eviware/soapui/impl/wsdl/submit/transports/http/support/methods/ExtendedPurgeMethod.java; size: 4673 bytes; exists: false
       Install file: /home/labuser/SmartBear/SoapUI-5.8.0/source/main/java/com/eviware/soapui/impl/wsdl/submit/transports/http/support/methods/ExtendedPutMethod.java; size: 5265 bytes; exists: false
       Install file: /home/labuser/SmartBear/SoapUI-5.8.0/source/main/java/com/eviware/soapui/impl/wsdl/submit/transports/http/support/methods/ExtendedTraceMethod.java; size: 5537 bytes; exists: false
       Install file: /home/labuser/SmartBear/SoapUI-5.8.0/source/main/java/com/eviware/soapui/impl/wsdl/submit/transports/http/support/methods/ExtendedUnlockMethod.java; size: 4679 bytes; exists: false
       Install file: /home/labuser/SmartBear/SoapUI-5.8.0/source/main/java/com/eviware/soapui/impl/wsdl/submit/transports/http/support/methods/HttpCopyMethod.java; size: 789 bytes; exists: false
       Install file: /home/labuser/SmartBear/SoapUI-5.8.0/source/main/java/com/eviware/soapui/impl/wsdl/submit/transports/http/support/methods/HttpDeleteWithBody.java; size: 1472 bytes; exists: false
       Install file: /home/labuser/SmartBear/SoapUI-5.8.0/source/main/java/com/eviware/soapui/impl/wsdl/submit/transports/http/support/methods/HttpLockMethod.java; size: 817 bytes; exists: false
       Install file: /home/labuser/SmartBear/SoapUI-5.8.0/source/main/java/com/eviware/soapui/impl/wsdl/submit/transports/http/support/methods/HttpPropFindMethod.java; size: 841 bytes; exists: false
       Install file: /home/labuser/SmartBear/SoapUI-5.8.0/source/main/java/com/eviware/soapui/impl/wsdl/submit/transports/http/support/methods/HttpPurgeMethod.java; size: 816 bytes; exists: false
       Install file: /home/labuser/SmartBear/SoapUI-5.8.0/source/main/java/com/eviware/soapui/impl/wsdl/submit/transports/http/support/methods/HttpUnlockMethod.java; size: 801 bytes; exists: false
       Install file: /home/labuser/SmartBear/SoapUI-5.8.0/source/main/java/com/eviware/soapui/impl/wsdl/submit/transports/http/support/methods/IAfterRequestInjection.java; size: 889 bytes; exists: false
       Install file: /home/labuser/SmartBear/SoapUI-5.8.0/source/main/java/com/eviware/soapui/impl/wsdl/submit/transports/http/support/metrics/NanoStopwatch.java; size: 2048 bytes; exists: false
       Install file: /home/labuser/SmartBear/SoapUI-5.8.0/source/main/java/com/eviware/soapui/impl/wsdl/submit/transports/http/support/metrics/SoapUIMetrics.java; size: 5130 bytes; exists: false
       Install file: /home/labuser/SmartBear/SoapUI-5.8.0/source/main/java/com/eviware/soapui/impl/wsdl/submit/transports/http/support/metrics/Stopwatch.java; size: 1219 bytes; exists: false
       Install file: /home/labuser/SmartBear/SoapUI-5.8.0/source/main/java/com/eviware/soapui/impl/wsdl/submit/transports/jms/HermesJmsRequestPublishReceiveTransport.java; size: 3441 bytes; exists: false
       Install file: /home/labuser/SmartBear/SoapUI-5.8.0/source/main/java/com/eviware/soapui/impl/wsdl/submit/transports/jms/HermesJmsRequestPublishSubscribeTransport.java; size: 3246 bytes; exists: false
       Install file: /home/labuser/SmartBear/SoapUI-5.8.0/source/main/java/com/eviware/soapui/impl/wsdl/submit/transports/jms/HermesJmsRequestPublishTransport.java; size: 2556 bytes; exists: false
       Install file: /home/labuser/SmartBear/SoapUI-5.8.0/source/main/java/com/eviware/soapui/impl/wsdl/submit/transports/jms/HermesJmsRequestReceiveTransport.java; size: 2542 bytes; exists: false
       Install file: /home/labuser/SmartBear/SoapUI-5.8.0/source/main/java/com/eviware/soapui/impl/wsdl/submit/transports/jms/HermesJmsRequestSendReceiveTransport.java; size: 2856 bytes; exists: false
       Install file: /home/labuser/SmartBear/SoapUI-5.8.0/source/main/java/com/eviware/soapui/impl/wsdl/submit/transports/jms/HermesJmsRequestSendSubscribeTransport.java; size: 3906 bytes; exists: false
       Install file: /home/labuser/SmartBear/SoapUI-5.8.0/source/main/java/com/eviware/soapui/impl/wsdl/submit/transports/jms/HermesJmsRequestSendTransport.java; size: 2529 bytes; exists: false
       Install file: /home/labuser/SmartBear/SoapUI-5.8.0/source/main/java/com/eviware/soapui/impl/wsdl/submit/transports/jms/HermesJmsRequestSubscribeTransport.java; size: 2766 bytes; exists: false
       Install file: /home/labuser/SmartBear/SoapUI-5.8.0/source/main/java/com/eviware/soapui/impl/wsdl/submit/transports/jms/HermesJmsRequestTransport.java; size: 22725 bytes; exists: false
       Install file: /home/labuser/SmartBear/SoapUI-5.8.0/source/main/java/com/eviware/soapui/impl/wsdl/submit/transports/jms/JMSConnectionHolder.java; size: 5152 bytes; exists: false
       Install file: /home/labuser/SmartBear/SoapUI-5.8.0/source/main/java/com/eviware/soapui/impl/wsdl/submit/transports/jms/JMSEndpoint.java; size: 5715 bytes; exists: false
       Install file: /home/labuser/SmartBear/SoapUI-5.8.0/source/main/java/com/eviware/soapui/impl/wsdl/submit/transports/jms/JMSHeader.java; size: 9293 bytes; exists: false
       Install file: /home/labuser/SmartBear/SoapUI-5.8.0/source/main/java/com/eviware/soapui/impl/wsdl/submit/transports/jms/JMSResponse.java; size: 6873 bytes; exists: false
       Install file: /home/labuser/SmartBear/SoapUI-5.8.0/source/main/java/com/eviware/soapui/impl/wsdl/submit/transports/jms/util/HermesUtils.java; size: 13441 bytes; exists: false
       Install file: /home/labuser/SmartBear/SoapUI-5.8.0/source/main/java/com/eviware/soapui/impl/wsdl/submit/transports/jms/util/JMSUtils.java; size: 4207 bytes; exists: false
       Install file: /home/labuser/SmartBear/SoapUI-5.8.0/source/main/java/com/eviware/soapui/impl/wsdl/support/AMFMessageExchange.java; size: 2079 bytes; exists: false
       Install file: /home/labuser/SmartBear/SoapUI-5.8.0/source/main/java/com/eviware/soapui/impl/wsdl/support/AbstractExternalDependency.java; size: 1307 bytes; exists: false
       Install file: /home/labuser/SmartBear/SoapUI-5.8.0/source/main/java/com/eviware/soapui/impl/wsdl/support/AbstractNonHttpMessageExchange.java; size: 2101 bytes; exists: false
       Install file: /home/labuser/SmartBear/SoapUI-5.8.0/source/main/java/com/eviware/soapui/impl/wsdl/support/AbstractTestCaseRunner.java; size: 11952 bytes; exists: false
       Install file: /home/labuser/SmartBear/SoapUI-5.8.0/source/main/java/com/eviware/soapui/impl/wsdl/support/AbstractTestRunner.java; size: 6589 bytes; exists: false
       Install file: /home/labuser/SmartBear/SoapUI-5.8.0/source/main/java/com/eviware/soapui/impl/wsdl/support/BindingImporter.java; size: 1295 bytes; exists: false
       Install file: /home/labuser/SmartBear/SoapUI-5.8.0/source/main/java/com/eviware/soapui/impl/wsdl/support/CompressedStringSupport.java; size: 3213 bytes; exists: false
       Install file: /home/labuser/SmartBear/SoapUI-5.8.0/source/main/java/com/eviware/soapui/impl/wsdl/support/CompressionSupport.java; size: 5023 bytes; exists: false
       Install file: /home/labuser/SmartBear/SoapUI-5.8.0/source/main/java/com/eviware/soapui/impl/wsdl/support/Configurable.java; size: 942 bytes; exists: false
       Install file: /home/labuser/SmartBear/SoapUI-5.8.0/source/main/java/com/eviware/soapui/impl/wsdl/support/Constants.java; size: 2164 bytes; exists: false
       Install file: /home/labuser/SmartBear/SoapUI-5.8.0/source/main/java/com/eviware/soapui/impl/wsdl/support/ExternalDependency.java; size: 989 bytes; exists: false
       Install file: /home/labuser/SmartBear/SoapUI-5.8.0/source/main/java/com/eviware/soapui/impl/wsdl/support/FileAttachment.java; size: 9747 bytes; exists: false
       Install file: /home/labuser/SmartBear/SoapUI-5.8.0/source/main/java/com/eviware/soapui/impl/wsdl/support/HelpUrls.java; size: 18714 bytes; exists: false
       Install file: /home/labuser/SmartBear/SoapUI-5.8.0/source/main/java/com/eviware/soapui/impl/wsdl/support/HelpUrlsDev.java; size: 16860 bytes; exists: false
       Install file: /home/labuser/SmartBear/SoapUI-5.8.0/source/main/java/com/eviware/soapui/impl/wsdl/support/IconAnimator.java; size: 5374 bytes; exists: false
       Install file: /home/labuser/SmartBear/SoapUI-5.8.0/source/main/java/com/eviware/soapui/impl/wsdl/support/InterfaceExternalDependency.java; size: 1311 bytes; exists: false
       Install file: /home/labuser/SmartBear/SoapUI-5.8.0/source/main/java/com/eviware/soapui/impl/wsdl/support/JdbcMessageExchange.java; size: 2121 bytes; exists: false
       Install file: /home/labuser/SmartBear/SoapUI-5.8.0/source/main/java/com/eviware/soapui/impl/wsdl/support/MapTestPropertyHolder.java; size: 10688 bytes; exists: false
       Install file: /home/labuser/SmartBear/SoapUI-5.8.0/source/main/java/com/eviware/soapui/impl/wsdl/support/MessageExchangeModelItem.java; size: 1928 bytes; exists: false
       Install file: /home/labuser/SmartBear/SoapUI-5.8.0/source/main/java/com/eviware/soapui/impl/wsdl/support/MessageExchangeRequestMessageEditor.java; size: 3294 bytes; exists: false
       Install file: /home/labuser/SmartBear/SoapUI-5.8.0/source/main/java/com/eviware/soapui/impl/wsdl/support/MessageExchangeResponseMessageEditor.java; size: 3267 bytes; exists: false
       Install file: /home/labuser/SmartBear/SoapUI-5.8.0/source/main/java/com/eviware/soapui/impl/wsdl/support/MessageXmlObject.java; size: 8171 bytes; exists: false
       Install file: /home/labuser/SmartBear/SoapUI-5.8.0/source/main/java/com/eviware/soapui/impl/wsdl/support/MessageXmlPart.java; size: 2343 bytes; exists: false
       Install file: /home/labuser/SmartBear/SoapUI-5.8.0/source/main/java/com/eviware/soapui/impl/wsdl/support/MockFileAttachment.java; size: 2069 bytes; exists: false
       Install file: /home/labuser/SmartBear/SoapUI-5.8.0/source/main/java/com/eviware/soapui/impl/wsdl/support/MockServiceExternalDependency.java; size: 1317 bytes; exists: false
       Install file: /home/labuser/SmartBear/SoapUI-5.8.0/source/main/java/com/eviware/soapui/impl/wsdl/support/PathPropertyExternalDependency.java; size: 1607 bytes; exists: false
       Install file: /home/labuser/SmartBear/SoapUI-5.8.0/source/main/java/com/eviware/soapui/impl/wsdl/support/PathUtils.java; size: 12597 bytes; exists: false
       Install file: /home/labuser/SmartBear/SoapUI-5.8.0/source/main/java/com/eviware/soapui/impl/wsdl/support/RequestFileAttachment.java; size: 2509 bytes; exists: false
       Install file: /home/labuser/SmartBear/SoapUI-5.8.0/source/main/java/com/eviware/soapui/impl/wsdl/support/UrlSchemaLoader.java; size: 1475 bytes; exists: false
       Install file: /home/labuser/SmartBear/SoapUI-5.8.0/source/main/java/com/eviware/soapui/impl/wsdl/support/VMOptionReader.java; size: 902 bytes; exists: false
       Install file: /home/labuser/SmartBear/SoapUI-5.8.0/source/main/java/com/eviware/soapui/impl/wsdl/support/WsdlAttachment.java; size: 1403 bytes; exists: false
       Install file: /home/labuser/SmartBear/SoapUI-5.8.0/source/main/java/com/eviware/soapui/impl/wsdl/support/XmlBeansPropertiesTestPropertyHolder.java; size: 19455 bytes; exists: false
       Install file: /home/labuser/SmartBear/SoapUI-5.8.0/source/main/java/com/eviware/soapui/impl/wsdl/support/assertions/Assertable.java; size: 1029 bytes; exists: false
       Install file: /home/labuser/SmartBear/SoapUI-5.8.0/source/main/java/com/eviware/soapui/impl/wsdl/support/assertions/AssertableConfig.java; size: 1124 bytes; exists: false
       Install file: /home/labuser/SmartBear/SoapUI-5.8.0/source/main/java/com/eviware/soapui/impl/wsdl/support/assertions/AssertedXPathImpl.java; size: 1766 bytes; exists: false
       Install file: /home/labuser/SmartBear/SoapUI-5.8.0/source/main/java/com/eviware/soapui/impl/wsdl/support/assertions/AssertedXPathsContainer.java; size: 1062 bytes; exists: false
       Install file: /home/labuser/SmartBear/SoapUI-5.8.0/source/main/java/com/eviware/soapui/impl/wsdl/support/assertions/AssertionsListener.java; size: 1070 bytes; exists: false
       Install file: /home/labuser/SmartBear/SoapUI-5.8.0/source/main/java/com/eviware/soapui/impl/wsdl/support/assertions/AssertionsSupport.java; size: 12132 bytes; exists: false
       Install file: /home/labuser/SmartBear/SoapUI-5.8.0/source/main/java/com/eviware/soapui/impl/wsdl/support/assertions/package.html; size: 175 bytes; exists: false
       Install file: /home/labuser/SmartBear/SoapUI-5.8.0/source/main/java/com/eviware/soapui/impl/wsdl/support/http/AuthenticationException.java; size: 1951 bytes; exists: false
       Install file: /home/labuser/SmartBear/SoapUI-5.8.0/source/main/java/com/eviware/soapui/impl/wsdl/support/http/CredentialsNotAvailableException.java; size: 2015 bytes; exists: false
       Install file: /home/labuser/SmartBear/SoapUI-5.8.0/source/main/java/com/eviware/soapui/impl/wsdl/support/http/FixedDigestScheme.java; size: 1686 bytes; exists: false
       Install file: /home/labuser/SmartBear/SoapUI-5.8.0/source/main/java/com/eviware/soapui/impl/wsdl/support/http/FixedDigestSchemeFactory.java; size: 390 bytes; exists: false
       Install file: /home/labuser/SmartBear/SoapUI-5.8.0/source/main/java/com/eviware/soapui/impl/wsdl/support/http/FixedKerberosScheme.java; size: 794 bytes; exists: false
       Install file: /home/labuser/SmartBear/SoapUI-5.8.0/source/main/java/com/eviware/soapui/impl/wsdl/support/http/FixedKerberosSchemeFactory.java; size: 751 bytes; exists: false
       Install file: /home/labuser/SmartBear/SoapUI-5.8.0/source/main/java/com/eviware/soapui/impl/wsdl/support/http/FixedSPNegoScheme.java; size: 765 bytes; exists: false
       Install file: /home/labuser/SmartBear/SoapUI-5.8.0/source/main/java/com/eviware/soapui/impl/wsdl/support/http/FixedSPNegoSchemeFactory.java; size: 735 bytes; exists: false
       Install file: /home/labuser/SmartBear/SoapUI-5.8.0/source/main/java/com/eviware/soapui/impl/wsdl/support/http/HeaderRequestInterceptor.java; size: 1767 bytes; exists: false
       Install file: /home/labuser/SmartBear/SoapUI-5.8.0/source/main/java/com/eviware/soapui/impl/wsdl/support/http/HttpClientSupport.java; size: 32457 bytes; exists: false
       Install file: /home/labuser/SmartBear/SoapUI-5.8.0/source/main/java/com/eviware/soapui/impl/wsdl/support/http/HttpCredentialsProvider.java; size: 6143 bytes; exists: false
       Install file: /home/labuser/SmartBear/SoapUI-5.8.0/source/main/java/com/eviware/soapui/impl/wsdl/support/http/JCIFSEngine.java; size: 1898 bytes; exists: false
       Install file: /home/labuser/SmartBear/SoapUI-5.8.0/source/main/java/com/eviware/soapui/impl/wsdl/support/http/KerberosProtocolFixer.java; size: 2699 bytes; exists: false
       Install file: /home/labuser/SmartBear/SoapUI-5.8.0/source/main/java/com/eviware/soapui/impl/wsdl/support/http/ManualProxySelector.java; size: 1996 bytes; exists: false
       Install file: /home/labuser/SmartBear/SoapUI-5.8.0/source/main/java/com/eviware/soapui/impl/wsdl/support/http/NTLMSchemeFactory.java; size: 1143 bytes; exists: false
       Install file: /home/labuser/SmartBear/SoapUI-5.8.0/source/main/java/com/eviware/soapui/impl/wsdl/support/http/OverridableProxySelectorRoutePlanner.java; size: 5012 bytes; exists: false
       Install file: /home/labuser/SmartBear/SoapUI-5.8.0/source/main/java/com/eviware/soapui/impl/wsdl/support/http/ProxyUtils.java; size: 10536 bytes; exists: false
       Install file: /home/labuser/SmartBear/SoapUI-5.8.0/source/main/java/com/eviware/soapui/impl/wsdl/support/http/ProxyVoleUtil.java; size: 1639 bytes; exists: false
       Install file: /home/labuser/SmartBear/SoapUI-5.8.0/source/main/java/com/eviware/soapui/impl/wsdl/support/http/RequestContentWrapper.java; size: 1096 bytes; exists: false
       Install file: /home/labuser/SmartBear/SoapUI-5.8.0/source/main/java/com/eviware/soapui/impl/wsdl/support/http/SchemeProxyFilter.java; size: 1426 bytes; exists: false
       Install file: /home/labuser/SmartBear/SoapUI-5.8.0/source/main/java/com/eviware/soapui/impl/wsdl/support/http/SoapUIHttpRoute.java; size: 1918 bytes; exists: false
       Install file: /home/labuser/SmartBear/SoapUI-5.8.0/source/main/java/com/eviware/soapui/impl/wsdl/support/http/SoapUILoggingInputStream.java; size: 2997 bytes; exists: false
       Install file: /home/labuser/SmartBear/SoapUI-5.8.0/source/main/java/com/eviware/soapui/impl/wsdl/support/http/SoapUILoggingManagedHttpClientConnection.java; size: 4282 bytes; exists: false
       Install file: /home/labuser/SmartBear/SoapUI-5.8.0/source/main/java/com/eviware/soapui/impl/wsdl/support/http/SoapUILoggingOutputStream.java; size: 1842 bytes; exists: false
       Install file: /home/labuser/SmartBear/SoapUI-5.8.0/source/main/java/com/eviware/soapui/impl/wsdl/support/http/SoapUIManagedHttpClientConnectionFactory.java; size: 5305 bytes; exists: false
       Install file: /home/labuser/SmartBear/SoapUI-5.8.0/source/main/java/com/eviware/soapui/impl/wsdl/support/http/SoapUIMultiThreadedHttpConnectionManager.java; size: 8953 bytes; exists: false
       Install file: /home/labuser/SmartBear/SoapUI-5.8.0/source/main/java/com/eviware/soapui/impl/wsdl/support/http/SoapUIPlainSocketFactory.java; size: 498 bytes; exists: false
       Install file: /home/labuser/SmartBear/SoapUI-5.8.0/source/main/java/com/eviware/soapui/impl/wsdl/support/http/SoapUISSLSocketFactory.java; size: 14255 bytes; exists: false
       Install file: /home/labuser/SmartBear/SoapUI-5.8.0/source/main/java/com/eviware/soapui/impl/wsdl/support/http/SoapUIWire.java; size: 4110 bytes; exists: false
       Install file: /home/labuser/SmartBear/SoapUI-5.8.0/source/main/java/com/eviware/soapui/impl/wsdl/support/http/package.html; size: 170 bytes; exists: false
       Install file: /home/labuser/SmartBear/SoapUI-5.8.0/source/main/java/com/eviware/soapui/impl/wsdl/support/jms/header/JMSHeaderConfig.java; size: 6831 bytes; exists: false
       Install file: /home/labuser/SmartBear/SoapUI-5.8.0/source/main/java/com/eviware/soapui/impl/wsdl/support/jms/header/JMSHeaderContainer.java; size: 870 bytes; exists: false
       Install file: /home/labuser/SmartBear/SoapUI-5.8.0/source/main/java/com/eviware/soapui/impl/wsdl/support/jms/header/JMSHeaderContainerImpl.java; size: 988 bytes; exists: false
       Install file: /home/labuser/SmartBear/SoapUI-5.8.0/source/main/java/com/eviware/soapui/impl/wsdl/support/jms/property/JMSPropertiesConfig.java; size: 3396 bytes; exists: false
       Install file: /home/labuser/SmartBear/SoapUI-5.8.0/source/main/java/com/eviware/soapui/impl/wsdl/support/jms/property/JMSPropertyContainer.java; size: 882 bytes; exists: false
       Install file: /home/labuser/SmartBear/SoapUI-5.8.0/source/main/java/com/eviware/soapui/impl/wsdl/support/jms/property/JMSPropertyContainerImpl.java; size: 1014 bytes; exists: false
       Install file: /home/labuser/SmartBear/SoapUI-5.8.0/source/main/java/com/eviware/soapui/impl/wsdl/support/package.html; size: 170 bytes; exists: false
       Install file: /home/labuser/SmartBear/SoapUI-5.8.0/source/main/java/com/eviware/soapui/impl/wsdl/support/policy/PolicyUtils.java; size: 14322 bytes; exists: false
       Install file: /home/labuser/SmartBear/SoapUI-5.8.0/source/main/java/com/eviware/soapui/impl/wsdl/support/soap/AbstractSoapBindingImporter.java; size: 2009 bytes; exists: false
       Install file: /home/labuser/SmartBear/SoapUI-5.8.0/source/main/java/com/eviware/soapui/impl/wsdl/support/soap/AbstractSoapVersion.java; size: 3472 bytes; exists: false
       Install file: /home/labuser/SmartBear/SoapUI-5.8.0/source/main/java/com/eviware/soapui/impl/wsdl/support/soap/Soap11HttpBindingImporter.java; size: 3889 bytes; exists: false
       Install file: /home/labuser/SmartBear/SoapUI-5.8.0/source/main/java/com/eviware/soapui/impl/wsdl/support/soap/Soap12HttpBindingImporter.java; size: 3945 bytes; exists: false
       Install file: /home/labuser/SmartBear/SoapUI-5.8.0/source/main/java/com/eviware/soapui/impl/wsdl/support/soap/SoapJMSBindingImporter.java; size: 4034 bytes; exists: false
       Install file: /home/labuser/SmartBear/SoapUI-5.8.0/source/main/java/com/eviware/soapui/impl/wsdl/support/soap/SoapMessageBuilder.java; size: 22519 bytes; exists: false
       Install file: /home/labuser/SmartBear/SoapUI-5.8.0/source/main/java/com/eviware/soapui/impl/wsdl/support/soap/SoapUtils.java; size: 22498 bytes; exists: false
       Install file: /home/labuser/SmartBear/SoapUI-5.8.0/source/main/java/com/eviware/soapui/impl/wsdl/support/soap/SoapVersion.java; size: 3190 bytes; exists: false
       Install file: /home/labuser/SmartBear/SoapUI-5.8.0/source/main/java/com/eviware/soapui/impl/wsdl/support/soap/SoapVersion11.java; size: 5464 bytes; exists: false
       Install file: /home/labuser/SmartBear/SoapUI-5.8.0/source/main/java/com/eviware/soapui/impl/wsdl/support/soap/SoapVersion12.java; size: 5116 bytes; exists: false
       Install file: /home/labuser/SmartBear/SoapUI-5.8.0/source/main/java/com/eviware/soapui/impl/wsdl/support/soap/TibcoSoapJMSBindingImporter.java; size: 3756 bytes; exists: false
       Install file: /home/labuser/SmartBear/SoapUI-5.8.0/source/main/java/com/eviware/soapui/impl/wsdl/support/soap/package.html; size: 177 bytes; exists: false
       Install file: /home/labuser/SmartBear/SoapUI-5.8.0/source/main/java/com/eviware/soapui/impl/wsdl/support/wsa/WsaConfig.java; size: 7864 bytes; exists: false
       Install file: /home/labuser/SmartBear/SoapUI-5.8.0/source/main/java/com/eviware/soapui/impl/wsdl/support/wsa/WsaContainer.java; size: 1057 bytes; exists: false
       Install file: /home/labuser/SmartBear/SoapUI-5.8.0/source/main/java/com/eviware/soapui/impl/wsdl/support/wsa/WsaContainerImpl.java; size: 1391 bytes; exists: false
       Install file: /home/labuser/SmartBear/SoapUI-5.8.0/source/main/java/com/eviware/soapui/impl/wsdl/support/wsa/WsaUtils.java; size: 32783 bytes; exists: false
       Install file: /home/labuser/SmartBear/SoapUI-5.8.0/source/main/java/com/eviware/soapui/impl/wsdl/support/wsa/WsaValidator.java; size: 21249 bytes; exists: false
       Install file: /home/labuser/SmartBear/SoapUI-5.8.0/source/main/java/com/eviware/soapui/impl/wsdl/support/wsdl/AbstractWsdlDefinitionLoader.java; size: 5054 bytes; exists: false
       Install file: /home/labuser/SmartBear/SoapUI-5.8.0/source/main/java/com/eviware/soapui/impl/wsdl/support/wsdl/CachedWsdlLoader.java; size: 11929 bytes; exists: false
       Install file: /home/labuser/SmartBear/SoapUI-5.8.0/source/main/java/com/eviware/soapui/impl/wsdl/support/wsdl/UrlWsdlLoader.java; size: 14565 bytes; exists: false
       Install file: /home/labuser/SmartBear/SoapUI-5.8.0/source/main/java/com/eviware/soapui/impl/wsdl/support/wsdl/WsdlContext.java; size: 2871 bytes; exists: false
       Install file: /home/labuser/SmartBear/SoapUI-5.8.0/source/main/java/com/eviware/soapui/impl/wsdl/support/wsdl/WsdlDefinitionLoader.java; size: 966 bytes; exists: false
       Install file: /home/labuser/SmartBear/SoapUI-5.8.0/source/main/java/com/eviware/soapui/impl/wsdl/support/wsdl/WsdlImporter.java; size: 10934 bytes; exists: false
       Install file: /home/labuser/SmartBear/SoapUI-5.8.0/source/main/java/com/eviware/soapui/impl/wsdl/support/wsdl/WsdlInterfaceDefinition.java; size: 2668 bytes; exists: false
       Install file: /home/labuser/SmartBear/SoapUI-5.8.0/source/main/java/com/eviware/soapui/impl/wsdl/support/wsdl/WsdlLoader.java; size: 7239 bytes; exists: false
       Install file: /home/labuser/SmartBear/SoapUI-5.8.0/source/main/java/com/eviware/soapui/impl/wsdl/support/wsdl/WsdlUtils.java; size: 50739 bytes; exists: false
       Install file: /home/labuser/SmartBear/SoapUI-5.8.0/source/main/java/com/eviware/soapui/impl/wsdl/support/wsdl/WsdlValidator.java; size: 41282 bytes; exists: false
       Install file: /home/labuser/SmartBear/SoapUI-5.8.0/source/main/java/com/eviware/soapui/impl/wsdl/support/wsdl/package.html; size: 177 bytes; exists: false
       Install file: /home/labuser/SmartBear/SoapUI-5.8.0/source/main/java/com/eviware/soapui/impl/wsdl/support/wsmc/WsmcInjection.java; size: 4371 bytes; exists: false
       Install file: /home/labuser/SmartBear/SoapUI-5.8.0/source/main/java/com/eviware/soapui/impl/wsdl/support/wsmc/WsmcUtils.java; size: 6473 bytes; exists: false
       Install file: /home/labuser/SmartBear/SoapUI-5.8.0/source/main/java/com/eviware/soapui/impl/wsdl/support/wsrm/WsrmBuilder.java; size: 2742 bytes; exists: false
       Install file: /home/labuser/SmartBear/SoapUI-5.8.0/source/main/java/com/eviware/soapui/impl/wsdl/support/wsrm/WsrmConfig.java; size: 5480 bytes; exists: false
       Install file: /home/labuser/SmartBear/SoapUI-5.8.0/source/main/java/com/eviware/soapui/impl/wsdl/support/wsrm/WsrmContainer.java; size: 919 bytes; exists: false
       Install file: /home/labuser/SmartBear/SoapUI-5.8.0/source/main/java/com/eviware/soapui/impl/wsdl/support/wsrm/WsrmSequence.java; size: 2475 bytes; exists: false
       Install file: /home/labuser/SmartBear/SoapUI-5.8.0/source/main/java/com/eviware/soapui/impl/wsdl/support/wsrm/WsrmTestRunListener.java; size: 4488 bytes; exists: false
       Install file: /home/labuser/SmartBear/SoapUI-5.8.0/source/main/java/com/eviware/soapui/impl/wsdl/support/wsrm/WsrmUtils.java; size: 24482 bytes; exists: false
       Install file: /home/labuser/SmartBear/SoapUI-5.8.0/source/main/java/com/eviware/soapui/impl/wsdl/support/wss/DefaultWssContainer.java; size: 11936 bytes; exists: false
       Install file: /home/labuser/SmartBear/SoapUI-5.8.0/source/main/java/com/eviware/soapui/impl/wsdl/support/wss/ImprovedWSSecSignature.java; size: 1748 bytes; exists: false
       Install file: /home/labuser/SmartBear/SoapUI-5.8.0/source/main/java/com/eviware/soapui/impl/wsdl/support/wss/IncomingWss.java; size: 5784 bytes; exists: false
       Install file: /home/labuser/SmartBear/SoapUI-5.8.0/source/main/java/com/eviware/soapui/impl/wsdl/support/wss/OutgoingWss.java; size: 7546 bytes; exists: false
       Install file: /home/labuser/SmartBear/SoapUI-5.8.0/source/main/java/com/eviware/soapui/impl/wsdl/support/wss/WssContainer.java; size: 2513 bytes; exists: false
       Install file: /home/labuser/SmartBear/SoapUI-5.8.0/source/main/java/com/eviware/soapui/impl/wsdl/support/wss/WssContainerListener.java; size: 1523 bytes; exists: false
       Install file: /home/labuser/SmartBear/SoapUI-5.8.0/source/main/java/com/eviware/soapui/impl/wsdl/support/wss/WssCrypto.java; size: 1296 bytes; exists: false
       Install file: /home/labuser/SmartBear/SoapUI-5.8.0/source/main/java/com/eviware/soapui/impl/wsdl/support/wss/WssCryptoRegistry.java; size: 1443 bytes; exists: false
       Install file: /home/labuser/SmartBear/SoapUI-5.8.0/source/main/java/com/eviware/soapui/impl/wsdl/support/wss/WssEntry.java; size: 1476 bytes; exists: false
       Install file: /home/labuser/SmartBear/SoapUI-5.8.0/source/main/java/com/eviware/soapui/impl/wsdl/support/wss/WssEntryRegistry.java; size: 2227 bytes; exists: false
       Install file: /home/labuser/SmartBear/SoapUI-5.8.0/source/main/java/com/eviware/soapui/impl/wsdl/support/wss/WssUtils.java; size: 2557 bytes; exists: false
       Install file: /home/labuser/SmartBear/SoapUI-5.8.0/source/main/java/com/eviware/soapui/impl/wsdl/support/wss/crypto/CryptoType.java; size: 1060 bytes; exists: false
       Install file: /home/labuser/SmartBear/SoapUI-5.8.0/source/main/java/com/eviware/soapui/impl/wsdl/support/wss/crypto/KeyMaterialWssCrypto.java; size: 11892 bytes; exists: false
       Install file: /home/labuser/SmartBear/SoapUI-5.8.0/source/main/java/com/eviware/soapui/impl/wsdl/support/wss/entries/AutomaticSAMLEntry.java; size: 20903 bytes; exists: false
       Install file: /home/labuser/SmartBear/SoapUI-5.8.0/source/main/java/com/eviware/soapui/impl/wsdl/support/wss/entries/EncryptionEntry.java; size: 13193 bytes; exists: false
       Install file: /home/labuser/SmartBear/SoapUI-5.8.0/source/main/java/com/eviware/soapui/impl/wsdl/support/wss/entries/ManualSAMLEntry.java; size: 5212 bytes; exists: false
       Install file: /home/labuser/SmartBear/SoapUI-5.8.0/source/main/java/com/eviware/soapui/impl/wsdl/support/wss/entries/SignatureEntry.java; size: 17730 bytes; exists: false
       Install file: /home/labuser/SmartBear/SoapUI-5.8.0/source/main/java/com/eviware/soapui/impl/wsdl/support/wss/entries/TimestampEntry.java; size: 3697 bytes; exists: false
       Install file: /home/labuser/SmartBear/SoapUI-5.8.0/source/main/java/com/eviware/soapui/impl/wsdl/support/wss/entries/UsernameEntry.java; size: 5266 bytes; exists: false
       Install file: /home/labuser/SmartBear/SoapUI-5.8.0/source/main/java/com/eviware/soapui/impl/wsdl/support/wss/entries/WssContainerListenerAdapter.java; size: 2324 bytes; exists: false
       Install file: /home/labuser/SmartBear/SoapUI-5.8.0/source/main/java/com/eviware/soapui/impl/wsdl/support/wss/entries/WssEntryBase.java; size: 11006 bytes; exists: false
       Install file: /home/labuser/SmartBear/SoapUI-5.8.0/source/main/java/com/eviware/soapui/impl/wsdl/support/wss/saml/callback/AbstractSAMLCallbackHandler.java; size: 10034 bytes; exists: false
       Install file: /home/labuser/SmartBear/SoapUI-5.8.0/source/main/java/com/eviware/soapui/impl/wsdl/support/wss/saml/callback/SAML1CallbackHandler.java; size: 4245 bytes; exists: false
       Install file: /home/labuser/SmartBear/SoapUI-5.8.0/source/main/java/com/eviware/soapui/impl/wsdl/support/wss/saml/callback/SAML2CallbackHandler.java; size: 4305 bytes; exists: false
       Install file: /home/labuser/SmartBear/SoapUI-5.8.0/source/main/java/com/eviware/soapui/impl/wsdl/support/wss/saml/callback/SAMLCallbackHandler.java; size: 2289 bytes; exists: false
       Install file: /home/labuser/SmartBear/SoapUI-5.8.0/source/main/java/com/eviware/soapui/impl/wsdl/support/wss/support/KeystoresComboBoxModel.java; size: 5005 bytes; exists: false
       Install file: /home/labuser/SmartBear/SoapUI-5.8.0/source/main/java/com/eviware/soapui/impl/wsdl/support/wss/support/SAMLAttributeValuesTable.java; size: 6272 bytes; exists: false
       Install file: /home/labuser/SmartBear/SoapUI-5.8.0/source/main/java/com/eviware/soapui/impl/wsdl/support/wss/support/WSPartsTable.java; size: 6968 bytes; exists: false
       Install file: /home/labuser/SmartBear/SoapUI-5.8.0/source/main/java/com/eviware/soapui/impl/wsdl/support/xsd/SampleXmlUtil.java; size: 54665 bytes; exists: false
       Install file: /home/labuser/SmartBear/SoapUI-5.8.0/source/main/java/com/eviware/soapui/impl/wsdl/support/xsd/SchemaException.java; size: 1280 bytes; exists: false
       Install file: /home/labuser/SmartBear/SoapUI-5.8.0/source/main/java/com/eviware/soapui/impl/wsdl/support/xsd/SchemaLoader.java; size: 1002 bytes; exists: false
       Install file: /home/labuser/SmartBear/SoapUI-5.8.0/source/main/java/com/eviware/soapui/impl/wsdl/support/xsd/SchemaUtils.java; size: 27907 bytes; exists: false
       Install file: /home/labuser/SmartBear/SoapUI-5.8.0/source/main/java/com/eviware/soapui/impl/wsdl/support/xsd/SettingUtils.java; size: 4002 bytes; exists: false
       Install file: /home/labuser/SmartBear/SoapUI-5.8.0/source/main/java/com/eviware/soapui/impl/wsdl/support/xsd/package.html; size: 183 bytes; exists: false
       Install file: /home/labuser/SmartBear/SoapUI-5.8.0/source/main/java/com/eviware/soapui/impl/wsdl/testcase/TestCaseLogItem.java; size: 1264 bytes; exists: false
       Install file: /home/labuser/SmartBear/SoapUI-5.8.0/source/main/java/com/eviware/soapui/impl/wsdl/testcase/TestCaseLogModel.java; size: 3519 bytes; exists: false
       Install file: /home/labuser/SmartBear/SoapUI-5.8.0/source/main/java/com/eviware/soapui/impl/wsdl/testcase/WsdlProjectRunContext.java; size: 1866 bytes; exists: false
       Install file: /home/labuser/SmartBear/SoapUI-5.8.0/source/main/java/com/eviware/soapui/impl/wsdl/testcase/WsdlProjectRunner.java; size: 8617 bytes; exists: false
       Install file: /home/labuser/SmartBear/SoapUI-5.8.0/source/main/java/com/eviware/soapui/impl/wsdl/testcase/WsdlTestCase.java; size: 40089 bytes; exists: false
       Install file: /home/labuser/SmartBear/SoapUI-5.8.0/source/main/java/com/eviware/soapui/impl/wsdl/testcase/WsdlTestCaseRunner.java; size: 2793 bytes; exists: false
       Install file: /home/labuser/SmartBear/SoapUI-5.8.0/source/main/java/com/eviware/soapui/impl/wsdl/testcase/WsdlTestRunContext.java; size: 5200 bytes; exists: false
       Install file: /home/labuser/SmartBear/SoapUI-5.8.0/source/main/java/com/eviware/soapui/impl/wsdl/testcase/WsdlTestSuiteRunContext.java; size: 3477 bytes; exists: false
       Install file: /home/labuser/SmartBear/SoapUI-5.8.0/source/main/java/com/eviware/soapui/impl/wsdl/testcase/WsdlTestSuiteRunner.java; size: 8635 bytes; exists: false
       Install file: /home/labuser/SmartBear/SoapUI-5.8.0/source/main/java/com/eviware/soapui/impl/wsdl/testcase/package.html; size: 193 bytes; exists: false
       Install file: /home/labuser/SmartBear/SoapUI-5.8.0/source/main/java/com/eviware/soapui/impl/wsdl/teststeps/AMFRequestTestStep.java; size: 24506 bytes; exists: false
       Install file: /home/labuser/SmartBear/SoapUI-5.8.0/source/main/java/com/eviware/soapui/impl/wsdl/teststeps/AMFTestStepResult.java; size: 5420 bytes; exists: false
       Install file: /home/labuser/SmartBear/SoapUI-5.8.0/source/main/java/com/eviware/soapui/impl/wsdl/teststeps/AbstractPathPropertySupport.java; size: 6926 bytes; exists: false
       Install file: /home/labuser/SmartBear/SoapUI-5.8.0/source/main/java/com/eviware/soapui/impl/wsdl/teststeps/BeanPathPropertySupport.java; size: 1863 bytes; exists: false
       Install file: /home/labuser/SmartBear/SoapUI-5.8.0/source/main/java/com/eviware/soapui/impl/wsdl/teststeps/GraphQLRequestTestStep.java; size: 14553 bytes; exists: false
       Install file: /home/labuser/SmartBear/SoapUI-5.8.0/source/main/java/com/eviware/soapui/impl/wsdl/teststeps/GraphQLRequestTestStepResult.java; size: 6574 bytes; exists: false
       Install file: /home/labuser/SmartBear/SoapUI-5.8.0/source/main/java/com/eviware/soapui/impl/wsdl/teststeps/GraphQLTestRequest.java; size: 24260 bytes; exists: false
       Install file: /home/labuser/SmartBear/SoapUI-5.8.0/source/main/java/com/eviware/soapui/impl/wsdl/teststeps/GraphQLTestRequestInterface.java; size: 481 bytes; exists: false
       Install file: /home/labuser/SmartBear/SoapUI-5.8.0/source/main/java/com/eviware/soapui/impl/wsdl/teststeps/GraphQLTestRequestStepInterface.java; size: 143 bytes; exists: false
       Install file: /home/labuser/SmartBear/SoapUI-5.8.0/source/main/java/com/eviware/soapui/impl/wsdl/teststeps/HttpResponseMessageExchange.java; size: 5970 bytes; exists: false
       Install file: /home/labuser/SmartBear/SoapUI-5.8.0/source/main/java/com/eviware/soapui/impl/wsdl/teststeps/HttpTestRequest.java; size: 11706 bytes; exists: false
       Install file: /home/labuser/SmartBear/SoapUI-5.8.0/source/main/java/com/eviware/soapui/impl/wsdl/teststeps/HttpTestRequestInterface.java; size: 1587 bytes; exists: false
       Install file: /home/labuser/SmartBear/SoapUI-5.8.0/source/main/java/com/eviware/soapui/impl/wsdl/teststeps/HttpTestRequestStep.java; size: 24907 bytes; exists: false
       Install file: /home/labuser/SmartBear/SoapUI-5.8.0/source/main/java/com/eviware/soapui/impl/wsdl/teststeps/HttpTestRequestStepInterface.java; size: 2083 bytes; exists: false
       Install file: /home/labuser/SmartBear/SoapUI-5.8.0/source/main/java/com/eviware/soapui/impl/wsdl/teststeps/JdbcRequestTestStep.java; size: 25916 bytes; exists: false
       Install file: /home/labuser/SmartBear/SoapUI-5.8.0/source/main/java/com/eviware/soapui/impl/wsdl/teststeps/JdbcTestStepResult.java; size: 4793 bytes; exists: false
       Install file: /home/labuser/SmartBear/SoapUI-5.8.0/source/main/java/com/eviware/soapui/impl/wsdl/teststeps/ManualTestStep.java; size: 8887 bytes; exists: false
       Install file: /home/labuser/SmartBear/SoapUI-5.8.0/source/main/java/com/eviware/soapui/impl/wsdl/teststeps/ManualTestStepResult.java; size: 1553 bytes; exists: false
       Install file: /home/labuser/SmartBear/SoapUI-5.8.0/source/main/java/com/eviware/soapui/impl/wsdl/teststeps/PathLanguage.java; size: 2031 bytes; exists: false
       Install file: /home/labuser/SmartBear/SoapUI-5.8.0/source/main/java/com/eviware/soapui/impl/wsdl/teststeps/PropertyTransfer.java; size: 47037 bytes; exists: false
       Install file: /home/labuser/SmartBear/SoapUI-5.8.0/source/main/java/com/eviware/soapui/impl/wsdl/teststeps/PropertyTransferException.java; size: 2476 bytes; exists: false
       Install file: /home/labuser/SmartBear/SoapUI-5.8.0/source/main/java/com/eviware/soapui/impl/wsdl/teststeps/PropertyTransfersTestStep.java; size: 12786 bytes; exists: false
       Install file: /home/labuser/SmartBear/SoapUI-5.8.0/source/main/java/com/eviware/soapui/impl/wsdl/teststeps/RestRequestStepResult.java; size: 10068 bytes; exists: false
       Install file: /home/labuser/SmartBear/SoapUI-5.8.0/source/main/java/com/eviware/soapui/impl/wsdl/teststeps/RestResponseMessageExchange.java; size: 5239 bytes; exists: false
       Install file: /home/labuser/SmartBear/SoapUI-5.8.0/source/main/java/com/eviware/soapui/impl/wsdl/teststeps/RestTestRequest.java; size: 14106 bytes; exists: false
       Install file: /home/labuser/SmartBear/SoapUI-5.8.0/source/main/java/com/eviware/soapui/impl/wsdl/teststeps/RestTestRequestInterface.java; size: 1542 bytes; exists: false
       Install file: /home/labuser/SmartBear/SoapUI-5.8.0/source/main/java/com/eviware/soapui/impl/wsdl/teststeps/RestTestRequestStep.java; size: 41123 bytes; exists: false
       Install file: /home/labuser/SmartBear/SoapUI-5.8.0/source/main/java/com/eviware/soapui/impl/wsdl/teststeps/RestTestRequestStepInterface.java; size: 1385 bytes; exists: false
       Install file: /home/labuser/SmartBear/SoapUI-5.8.0/source/main/java/com/eviware/soapui/impl/wsdl/teststeps/Script.java; size: 1030 bytes; exists: false
       Install file: /home/labuser/SmartBear/SoapUI-5.8.0/source/main/java/com/eviware/soapui/impl/wsdl/teststeps/SetWaitTimeAction.java; size: 1617 bytes; exists: false
       Install file: /home/labuser/SmartBear/SoapUI-5.8.0/source/main/java/com/eviware/soapui/impl/wsdl/teststeps/SettingPathPropertySupport.java; size: 1781 bytes; exists: false
       Install file: /home/labuser/SmartBear/SoapUI-5.8.0/source/main/java/com/eviware/soapui/impl/wsdl/teststeps/SimplePathPropertySupport.java; size: 1300 bytes; exists: false
       Install file: /home/labuser/SmartBear/SoapUI-5.8.0/source/main/java/com/eviware/soapui/impl/wsdl/teststeps/TestRequest.java; size: 1344 bytes; exists: false
       Install file: /home/labuser/SmartBear/SoapUI-5.8.0/source/main/java/com/eviware/soapui/impl/wsdl/teststeps/WsdlDelayTestStep.java; size: 8023 bytes; exists: false
       Install file: /home/labuser/SmartBear/SoapUI-5.8.0/source/main/java/com/eviware/soapui/impl/wsdl/teststeps/WsdlGotoTestStep.java; size: 13003 bytes; exists: false
       Install file: /home/labuser/SmartBear/SoapUI-5.8.0/source/main/java/com/eviware/soapui/impl/wsdl/teststeps/WsdlGroovyScriptTestStep.java; size: 8220 bytes; exists: false
       Install file: /home/labuser/SmartBear/SoapUI-5.8.0/source/main/java/com/eviware/soapui/impl/wsdl/teststeps/WsdlMessageAssertion.java; size: 15394 bytes; exists: false
       Install file: /home/labuser/SmartBear/SoapUI-5.8.0/source/main/java/com/eviware/soapui/impl/wsdl/teststeps/WsdlMessageExchangeTestStepResult.java; size: 1984 bytes; exists: false
       Install file: /home/labuser/SmartBear/SoapUI-5.8.0/source/main/java/com/eviware/soapui/impl/wsdl/teststeps/WsdlMockResponseTestStep.java; size: 47083 bytes; exists: false
       Install file: /home/labuser/SmartBear/SoapUI-5.8.0/source/main/java/com/eviware/soapui/impl/wsdl/teststeps/WsdlPropertiesTestStep.java; size: 14427 bytes; exists: false
       Install file: /home/labuser/SmartBear/SoapUI-5.8.0/source/main/java/com/eviware/soapui/impl/wsdl/teststeps/WsdlResponseMessageExchange.java; size: 4856 bytes; exists: false
       Install file: /home/labuser/SmartBear/SoapUI-5.8.0/source/main/java/com/eviware/soapui/impl/wsdl/teststeps/WsdlRunTestCaseTestStep.java; size: 22283 bytes; exists: false
       Install file: /home/labuser/SmartBear/SoapUI-5.8.0/source/main/java/com/eviware/soapui/impl/wsdl/teststeps/WsdlSingleMessageExchangeTestStepResult.java; size: 3492 bytes; exists: false
       Install file: /home/labuser/SmartBear/SoapUI-5.8.0/source/main/java/com/eviware/soapui/impl/wsdl/teststeps/WsdlTestMockService.java; size: 1326 bytes; exists: false
       Install file: /home/labuser/SmartBear/SoapUI-5.8.0/source/main/java/com/eviware/soapui/impl/wsdl/teststeps/WsdlTestRequest.java; size: 14811 bytes; exists: false
       Install file: /home/labuser/SmartBear/SoapUI-5.8.0/source/main/java/com/eviware/soapui/impl/wsdl/teststeps/WsdlTestRequestStep.java; size: 30957 bytes; exists: false
       Install file: /home/labuser/SmartBear/SoapUI-5.8.0/source/main/java/com/eviware/soapui/impl/wsdl/teststeps/WsdlTestRequestStepResult.java; size: 10648 bytes; exists: false
       Install file: /home/labuser/SmartBear/SoapUI-5.8.0/source/main/java/com/eviware/soapui/impl/wsdl/teststeps/WsdlTestStep.java; size: 7223 bytes; exists: false
       Install file: /home/labuser/SmartBear/SoapUI-5.8.0/source/main/java/com/eviware/soapui/impl/wsdl/teststeps/WsdlTestStepListener.java; size: 991 bytes; exists: false
       Install file: /home/labuser/SmartBear/SoapUI-5.8.0/source/main/java/com/eviware/soapui/impl/wsdl/teststeps/WsdlTestStepResult.java; size: 7139 bytes; exists: false
       Install file: /home/labuser/SmartBear/SoapUI-5.8.0/source/main/java/com/eviware/soapui/impl/wsdl/teststeps/WsdlTestStepWithProperties.java; size: 9605 bytes; exists: false
       Install file: /home/labuser/SmartBear/SoapUI-5.8.0/source/main/java/com/eviware/soapui/impl/wsdl/teststeps/actions/AddAssertionAction.java; size: 2424 bytes; exists: false
       Install file: /home/labuser/SmartBear/SoapUI-5.8.0/source/main/java/com/eviware/soapui/impl/wsdl/teststeps/actions/ChangeOperationAction.java; size: 6776 bytes; exists: false
       Install file: /home/labuser/SmartBear/SoapUI-5.8.0/source/main/java/com/eviware/soapui/impl/wsdl/teststeps/actions/CloneAssertionAction.java; size: 1931 bytes; exists: false
       Install file: /home/labuser/SmartBear/SoapUI-5.8.0/source/main/java/com/eviware/soapui/impl/wsdl/teststeps/actions/ConfigureAssertionAction.java; size: 1403 bytes; exists: false
       Install file: /home/labuser/SmartBear/SoapUI-5.8.0/source/main/java/com/eviware/soapui/impl/wsdl/teststeps/actions/CreateRequestAction.java; size: 2625 bytes; exists: false
       Install file: /home/labuser/SmartBear/SoapUI-5.8.0/source/main/java/com/eviware/soapui/impl/wsdl/teststeps/actions/DeleteAssertionAction.java; size: 1614 bytes; exists: false
       Install file: /home/labuser/SmartBear/SoapUI-5.8.0/source/main/java/com/eviware/soapui/impl/wsdl/teststeps/actions/RenameAssertionAction.java; size: 1865 bytes; exists: false
       Install file: /home/labuser/SmartBear/SoapUI-5.8.0/source/main/java/com/eviware/soapui/impl/wsdl/teststeps/actions/SelectOperationAction.java; size: 1456 bytes; exists: false
       Install file: /home/labuser/SmartBear/SoapUI-5.8.0/source/main/java/com/eviware/soapui/impl/wsdl/teststeps/actions/SetMockOperationAction.java; size: 4330 bytes; exists: false
       Install file: /home/labuser/SmartBear/SoapUI-5.8.0/source/main/java/com/eviware/soapui/impl/wsdl/teststeps/actions/ShowMessageExchangeAction.java; size: 8182 bytes; exists: false
       Install file: /home/labuser/SmartBear/SoapUI-5.8.0/source/main/java/com/eviware/soapui/impl/wsdl/teststeps/actions/ShowTransferValuesResultsAction.java; size: 4523 bytes; exists: false
       Install file: /home/labuser/SmartBear/SoapUI-5.8.0/source/main/java/com/eviware/soapui/impl/wsdl/teststeps/actions/ToggleDisableAssertionAction.java; size: 1435 bytes; exists: false
       Install file: /home/labuser/SmartBear/SoapUI-5.8.0/source/main/java/com/eviware/soapui/impl/wsdl/teststeps/actions/WsdlMessageAssertionSoapUIActionGroup.java; size: 3440 bytes; exists: false
       Install file: /home/labuser/SmartBear/SoapUI-5.8.0/source/main/java/com/eviware/soapui/impl/wsdl/teststeps/actions/package.html; size: 177 bytes; exists: false
       Install file: /home/labuser/SmartBear/SoapUI-5.8.0/source/main/java/com/eviware/soapui/impl/wsdl/teststeps/assertions/AbstractTestAssertionFactory.java; size: 4519 bytes; exists: false
       Install file: /home/labuser/SmartBear/SoapUI-5.8.0/source/main/java/com/eviware/soapui/impl/wsdl/teststeps/assertions/AssertionError.java; size: 1263 bytes; exists: false
       Install file: /home/labuser/SmartBear/SoapUI-5.8.0/source/main/java/com/eviware/soapui/impl/wsdl/teststeps/assertions/AssertionException.java; size: 1277 bytes; exists: false
       Install file: /home/labuser/SmartBear/SoapUI-5.8.0/source/main/java/com/eviware/soapui/impl/wsdl/teststeps/assertions/ProAssertionPlaceHolderFactory.java; size: 4449 bytes; exists: false
       Install file: /home/labuser/SmartBear/SoapUI-5.8.0/source/main/java/com/eviware/soapui/impl/wsdl/teststeps/assertions/RequestAssertion.java; size: 1010 bytes; exists: false
       Install file: /home/labuser/SmartBear/SoapUI-5.8.0/source/main/java/com/eviware/soapui/impl/wsdl/teststeps/assertions/ResponseAssertion.java; size: 1013 bytes; exists: false
       Install file: /home/labuser/SmartBear/SoapUI-5.8.0/source/main/java/com/eviware/soapui/impl/wsdl/teststeps/assertions/TestAssertionFactory.java; size: 1675 bytes; exists: false
       Install file: /home/labuser/SmartBear/SoapUI-5.8.0/source/main/java/com/eviware/soapui/impl/wsdl/teststeps/assertions/TestAssertionRegistry.java; size: 15463 bytes; exists: false
       Install file: /home/labuser/SmartBear/SoapUI-5.8.0/source/main/java/com/eviware/soapui/impl/wsdl/teststeps/assertions/basic/AbstractXmlContainsAssertion.java; size: 12609 bytes; exists: false
       Install file: /home/labuser/SmartBear/SoapUI-5.8.0/source/main/java/com/eviware/soapui/impl/wsdl/teststeps/assertions/basic/AssertionConfigurationDialog.java; size: 13730 bytes; exists: false
       Install file: /home/labuser/SmartBear/SoapUI-5.8.0/source/main/java/com/eviware/soapui/impl/wsdl/teststeps/assertions/basic/GroovyScriptAssertion.java; size: 16520 bytes; exists: false
       Install file: /home/labuser/SmartBear/SoapUI-5.8.0/source/main/java/com/eviware/soapui/impl/wsdl/teststeps/assertions/basic/ResponseSLAAssertion.java; size: 7133 bytes; exists: false
       Install file: /home/labuser/SmartBear/SoapUI-5.8.0/source/main/java/com/eviware/soapui/impl/wsdl/teststeps/assertions/basic/SchemaComplianceAssertion.java; size: 14225 bytes; exists: false
       Install file: /home/labuser/SmartBear/SoapUI-5.8.0/source/main/java/com/eviware/soapui/impl/wsdl/teststeps/assertions/basic/SimpleContainsAssertion.java; size: 10511 bytes; exists: false
       Install file: /home/labuser/SmartBear/SoapUI-5.8.0/source/main/java/com/eviware/soapui/impl/wsdl/teststeps/assertions/basic/SimpleNotContainsAssertion.java; size: 10559 bytes; exists: false
       Install file: /home/labuser/SmartBear/SoapUI-5.8.0/source/main/java/com/eviware/soapui/impl/wsdl/teststeps/assertions/basic/XPathContainsAssertion.java; size: 14885 bytes; exists: false
       Install file: /home/labuser/SmartBear/SoapUI-5.8.0/source/main/java/com/eviware/soapui/impl/wsdl/teststeps/assertions/basic/XQueryContainsAssertion.java; size: 12870 bytes; exists: false
       Install file: /home/labuser/SmartBear/SoapUI-5.8.0/source/main/java/com/eviware/soapui/impl/wsdl/teststeps/assertions/http/HttpDownloadAllResourcesAssertion.java; size: 4646 bytes; exists: false
       Install file: /home/labuser/SmartBear/SoapUI-5.8.0/source/main/java/com/eviware/soapui/impl/wsdl/teststeps/assertions/jdbc/JdbcStatusAssertion.java; size: 4164 bytes; exists: false
       Install file: /home/labuser/SmartBear/SoapUI-5.8.0/source/main/java/com/eviware/soapui/impl/wsdl/teststeps/assertions/jdbc/JdbcTimeoutAssertion.java; size: 4947 bytes; exists: false
       Install file: /home/labuser/SmartBear/SoapUI-5.8.0/source/main/java/com/eviware/soapui/impl/wsdl/teststeps/assertions/jms/JMSStatusAssertion.java; size: 4024 bytes; exists: false
       Install file: /home/labuser/SmartBear/SoapUI-5.8.0/source/main/java/com/eviware/soapui/impl/wsdl/teststeps/assertions/jms/JMSTimeoutAssertion.java; size: 8206 bytes; exists: false
       Install file: /home/labuser/SmartBear/SoapUI-5.8.0/source/main/java/com/eviware/soapui/impl/wsdl/teststeps/assertions/json/JsonPathAssertionBase.java; size: 7594 bytes; exists: false
       Install file: /home/labuser/SmartBear/SoapUI-5.8.0/source/main/java/com/eviware/soapui/impl/wsdl/teststeps/assertions/json/JsonPathContentAssertion.java; size: 7626 bytes; exists: false
       Install file: /home/labuser/SmartBear/SoapUI-5.8.0/source/main/java/com/eviware/soapui/impl/wsdl/teststeps/assertions/json/JsonPathCountAssertion.java; size: 5620 bytes; exists: false
       Install file: /home/labuser/SmartBear/SoapUI-5.8.0/source/main/java/com/eviware/soapui/impl/wsdl/teststeps/assertions/json/JsonPathExistenceAssertion.java; size: 5376 bytes; exists: false
       Install file: /home/labuser/SmartBear/SoapUI-5.8.0/source/main/java/com/eviware/soapui/impl/wsdl/teststeps/assertions/json/JsonPathRegExAssertion.java; size: 7649 bytes; exists: false
       Install file: /home/labuser/SmartBear/SoapUI-5.8.0/source/main/java/com/eviware/soapui/impl/wsdl/teststeps/assertions/json/JsonPathRegExAssertionConfigurationDialog.java; size: 3859 bytes; exists: false
       Install file: /home/labuser/SmartBear/SoapUI-5.8.0/source/main/java/com/eviware/soapui/impl/wsdl/teststeps/assertions/package.html; size: 191 bytes; exists: false
       Install file: /home/labuser/SmartBear/SoapUI-5.8.0/source/main/java/com/eviware/soapui/impl/wsdl/teststeps/assertions/recent/BoundedQueue.java; size: 1741 bytes; exists: false
       Install file: /home/labuser/SmartBear/SoapUI-5.8.0/source/main/java/com/eviware/soapui/impl/wsdl/teststeps/assertions/recent/RecentAssertionHandler.java; size: 2994 bytes; exists: false
       Install file: /home/labuser/SmartBear/SoapUI-5.8.0/source/main/java/com/eviware/soapui/impl/wsdl/teststeps/assertions/soap/NotSoapFaultAssertion.java; size: 4498 bytes; exists: false
       Install file: /home/labuser/SmartBear/SoapUI-5.8.0/source/main/java/com/eviware/soapui/impl/wsdl/teststeps/assertions/soap/SoapFaultAssertion.java; size: 4382 bytes; exists: false
       Install file: /home/labuser/SmartBear/SoapUI-5.8.0/source/main/java/com/eviware/soapui/impl/wsdl/teststeps/assertions/soap/SoapRequestAssertion.java; size: 4557 bytes; exists: false
       Install file: /home/labuser/SmartBear/SoapUI-5.8.0/source/main/java/com/eviware/soapui/impl/wsdl/teststeps/assertions/soap/SoapResponseAssertion.java; size: 4516 bytes; exists: false
       Install file: /home/labuser/SmartBear/SoapUI-5.8.0/source/main/java/com/eviware/soapui/impl/wsdl/teststeps/assertions/soap/WSARequestAssertion.java; size: 10922 bytes; exists: false
       Install file: /home/labuser/SmartBear/SoapUI-5.8.0/source/main/java/com/eviware/soapui/impl/wsdl/teststeps/assertions/soap/WSAResponseAssertion.java; size: 10871 bytes; exists: false
       Install file: /home/labuser/SmartBear/SoapUI-5.8.0/source/main/java/com/eviware/soapui/impl/wsdl/teststeps/assertions/soap/WSSStatusAssertion.java; size: 5121 bytes; exists: false
       Install file: /home/labuser/SmartBear/SoapUI-5.8.0/source/main/java/com/eviware/soapui/impl/wsdl/teststeps/package.html; size: 170 bytes; exists: false
       Install file: /home/labuser/SmartBear/SoapUI-5.8.0/source/main/java/com/eviware/soapui/impl/wsdl/teststeps/registry/AMFRequestStepFactory.java; size: 2584 bytes; exists: false
       Install file: /home/labuser/SmartBear/SoapUI-5.8.0/source/main/java/com/eviware/soapui/impl/wsdl/teststeps/registry/DelayStepFactory.java; size: 1920 bytes; exists: false
       Install file: /home/labuser/SmartBear/SoapUI-5.8.0/source/main/java/com/eviware/soapui/impl/wsdl/teststeps/registry/GotoStepFactory.java; size: 2088 bytes; exists: false
       Install file: /home/labuser/SmartBear/SoapUI-5.8.0/source/main/java/com/eviware/soapui/impl/wsdl/teststeps/registry/GraphQLRequestTestStepFactory.java; size: 2205 bytes; exists: false
       Install file: /home/labuser/SmartBear/SoapUI-5.8.0/source/main/java/com/eviware/soapui/impl/wsdl/teststeps/registry/GroovyScriptStepFactory.java; size: 1947 bytes; exists: false
       Install file: /home/labuser/SmartBear/SoapUI-5.8.0/source/main/java/com/eviware/soapui/impl/wsdl/teststeps/registry/HttpRequestStepFactory.java; size: 10258 bytes; exists: false
       Install file: /home/labuser/SmartBear/SoapUI-5.8.0/source/main/java/com/eviware/soapui/impl/wsdl/teststeps/registry/JdbcRequestTestStepFactory.java; size: 1921 bytes; exists: false
       Install file: /home/labuser/SmartBear/SoapUI-5.8.0/source/main/java/com/eviware/soapui/impl/wsdl/teststeps/registry/ManualTestStepFactory.java; size: 2295 bytes; exists: false
       Install file: /home/labuser/SmartBear/SoapUI-5.8.0/source/main/java/com/eviware/soapui/impl/wsdl/teststeps/registry/ProPlaceholderStepFactory.java; size: 2935 bytes; exists: false
       Install file: /home/labuser/SmartBear/SoapUI-5.8.0/source/main/java/com/eviware/soapui/impl/wsdl/teststeps/registry/PropertiesStepFactory.java; size: 2090 bytes; exists: false
       Install file: /home/labuser/SmartBear/SoapUI-5.8.0/source/main/java/com/eviware/soapui/impl/wsdl/teststeps/registry/PropertyTransfersStepFactory.java; size: 2171 bytes; exists: false
       Install file: /home/labuser/SmartBear/SoapUI-5.8.0/source/main/java/com/eviware/soapui/impl/wsdl/teststeps/registry/RestRequestStepFactory.java; size: 9730 bytes; exists: false
       Install file: /home/labuser/SmartBear/SoapUI-5.8.0/source/main/java/com/eviware/soapui/impl/wsdl/teststeps/registry/RunTestCaseStepFactory.java; size: 1995 bytes; exists: false
       Install file: /home/labuser/SmartBear/SoapUI-5.8.0/source/main/java/com/eviware/soapui/impl/wsdl/teststeps/registry/WsdlMockResponseStepFactory.java; size: 10868 bytes; exists: false
       Install file: /home/labuser/SmartBear/SoapUI-5.8.0/source/main/java/com/eviware/soapui/impl/wsdl/teststeps/registry/WsdlTestRequestStepFactory.java; size: 11700 bytes; exists: false
       Install file: /home/labuser/SmartBear/SoapUI-5.8.0/source/main/java/com/eviware/soapui/impl/wsdl/teststeps/registry/WsdlTestStepFactory.java; size: 2224 bytes; exists: false
       Install file: /home/labuser/SmartBear/SoapUI-5.8.0/source/main/java/com/eviware/soapui/impl/wsdl/teststeps/registry/WsdlTestStepRegistry.java; size: 4658 bytes; exists: false
       Install file: /home/labuser/SmartBear/SoapUI-5.8.0/source/main/java/com/eviware/soapui/impl/wsdl/teststeps/registry/package.html; size: 173 bytes; exists: false
       Install file: /home/labuser/SmartBear/SoapUI-5.8.0/source/main/java/com/eviware/soapui/integration/exporter/ProjectExporter.java; size: 10176 bytes; exists: false
       Install file: /home/labuser/SmartBear/SoapUI-5.8.0/source/main/java/com/eviware/soapui/mockaswar/MockAsWarCoreInterface.java; size: 1164 bytes; exists: false
       Install file: /home/labuser/SmartBear/SoapUI-5.8.0/source/main/java/com/eviware/soapui/mockaswar/MockAsWarServlet.java; size: 20746 bytes; exists: false
       Install file: /home/labuser/SmartBear/SoapUI-5.8.0/source/main/java/com/eviware/soapui/model/ModelImplementation.java; size: 1198 bytes; exists: false
       Install file: /home/labuser/SmartBear/SoapUI-5.8.0/source/main/java/com/eviware/soapui/model/ModelItem.java; size: 2204 bytes; exists: false
       Install file: /home/labuser/SmartBear/SoapUI-5.8.0/source/main/java/com/eviware/soapui/model/PanelBuilder.java; size: 1191 bytes; exists: false
       Install file: /home/labuser/SmartBear/SoapUI-5.8.0/source/main/java/com/eviware/soapui/model/Releasable.java; size: 820 bytes; exists: false
       Install file: /home/labuser/SmartBear/SoapUI-5.8.0/source/main/java/com/eviware/soapui/model/TestModelItem.java; size: 835 bytes; exists: false
       Install file: /home/labuser/SmartBear/SoapUI-5.8.0/source/main/java/com/eviware/soapui/model/TestPropertyHolder.java; size: 1667 bytes; exists: false
       Install file: /home/labuser/SmartBear/SoapUI-5.8.0/source/main/java/com/eviware/soapui/model/environment/DefaultEnvironment.java; size: 2302 bytes; exists: false
       Install file: /home/labuser/SmartBear/SoapUI-5.8.0/source/main/java/com/eviware/soapui/model/environment/Endpoint.java; size: 1004 bytes; exists: false
       Install file: /home/labuser/SmartBear/SoapUI-5.8.0/source/main/java/com/eviware/soapui/model/environment/Environment.java; size: 1474 bytes; exists: false
       Install file: /home/labuser/SmartBear/SoapUI-5.8.0/source/main/java/com/eviware/soapui/model/environment/EnvironmentListener.java; size: 955 bytes; exists: false
       Install file: /home/labuser/SmartBear/SoapUI-5.8.0/source/main/java/com/eviware/soapui/model/environment/Property.java; size: 1003 bytes; exists: false
       Install file: /home/labuser/SmartBear/SoapUI-5.8.0/source/main/java/com/eviware/soapui/model/environment/Service.java; size: 1158 bytes; exists: false
       Install file: /home/labuser/SmartBear/SoapUI-5.8.0/source/main/java/com/eviware/soapui/model/iface/Attachment.java; size: 1640 bytes; exists: false
       Install file: /home/labuser/SmartBear/SoapUI-5.8.0/source/main/java/com/eviware/soapui/model/iface/Interface.java; size: 2120 bytes; exists: false
       Install file: /home/labuser/SmartBear/SoapUI-5.8.0/source/main/java/com/eviware/soapui/model/iface/InterfaceListener.java; size: 1139 bytes; exists: false
       Install file: /home/labuser/SmartBear/SoapUI-5.8.0/source/main/java/com/eviware/soapui/model/iface/MessageBuilder.java; size: 915 bytes; exists: false
       Install file: /home/labuser/SmartBear/SoapUI-5.8.0/source/main/java/com/eviware/soapui/model/iface/MessageExchange.java; size: 2293 bytes; exists: false
       Install file: /home/labuser/SmartBear/SoapUI-5.8.0/source/main/java/com/eviware/soapui/model/iface/MessagePart.java; size: 2407 bytes; exists: false
       Install file: /home/labuser/SmartBear/SoapUI-5.8.0/source/main/java/com/eviware/soapui/model/iface/Operation.java; size: 1557 bytes; exists: false
       Install file: /home/labuser/SmartBear/SoapUI-5.8.0/source/main/java/com/eviware/soapui/model/iface/Request.java; size: 2343 bytes; exists: false
       Install file: /home/labuser/SmartBear/SoapUI-5.8.0/source/main/java/com/eviware/soapui/model/iface/Response.java; size: 1592 bytes; exists: false
       Install file: /home/labuser/SmartBear/SoapUI-5.8.0/source/main/java/com/eviware/soapui/model/iface/SoapUIListener.java; size: 856 bytes; exists: false
       Install file: /home/labuser/SmartBear/SoapUI-5.8.0/source/main/java/com/eviware/soapui/model/iface/Submit.java; size: 1186 bytes; exists: false
       Install file: /home/labuser/SmartBear/SoapUI-5.8.0/source/main/java/com/eviware/soapui/model/iface/SubmitContext.java; size: 1117 bytes; exists: false
       Install file: /home/labuser/SmartBear/SoapUI-5.8.0/source/main/java/com/eviware/soapui/model/iface/SubmitListener.java; size: 1336 bytes; exists: false
       Install file: /home/labuser/SmartBear/SoapUI-5.8.0/source/main/java/com/eviware/soapui/model/iface/TypedContent.java; size: 954 bytes; exists: false
       Install file: /home/labuser/SmartBear/SoapUI-5.8.0/source/main/java/com/eviware/soapui/model/iface/package.html; size: 171 bytes; exists: false
       Install file: /home/labuser/SmartBear/SoapUI-5.8.0/source/main/java/com/eviware/soapui/model/mock/MockDispatcher.java; size: 1340 bytes; exists: false
       Install file: /home/labuser/SmartBear/SoapUI-5.8.0/source/main/java/com/eviware/soapui/model/mock/MockOperation.java; size: 1980 bytes; exists: false
       Install file: /home/labuser/SmartBear/SoapUI-5.8.0/source/main/java/com/eviware/soapui/model/mock/MockRequest.java; size: 1875 bytes; exists: false
       Install file: /home/labuser/SmartBear/SoapUI-5.8.0/source/main/java/com/eviware/soapui/model/mock/MockResponse.java; size: 3409 bytes; exists: false
       Install file: /home/labuser/SmartBear/SoapUI-5.8.0/source/main/java/com/eviware/soapui/model/mock/MockResult.java; size: 1762 bytes; exists: false
       Install file: /home/labuser/SmartBear/SoapUI-5.8.0/source/main/java/com/eviware/soapui/model/mock/MockRunContext.java; size: 1328 bytes; exists: false
       Install file: /home/labuser/SmartBear/SoapUI-5.8.0/source/main/java/com/eviware/soapui/model/mock/MockRunListener.java; size: 1685 bytes; exists: false
       Install file: /home/labuser/SmartBear/SoapUI-5.8.0/source/main/java/com/eviware/soapui/model/mock/MockRunner.java; size: 1608 bytes; exists: false
       Install file: /home/labuser/SmartBear/SoapUI-5.8.0/source/main/java/com/eviware/soapui/model/mock/MockServer.java; size: 1747 bytes; exists: false
       Install file: /home/labuser/SmartBear/SoapUI-5.8.0/source/main/java/com/eviware/soapui/model/mock/MockService.java; size: 2382 bytes; exists: false
       Install file: /home/labuser/SmartBear/SoapUI-5.8.0/source/main/java/com/eviware/soapui/model/mock/MockServiceListener.java; size: 1104 bytes; exists: false
       Install file: /home/labuser/SmartBear/SoapUI-5.8.0/source/main/java/com/eviware/soapui/model/mock/MockServiceScripts.java; size: 1676 bytes; exists: false
       Install file: /home/labuser/SmartBear/SoapUI-5.8.0/source/main/java/com/eviware/soapui/model/mock/package.html; size: 177 bytes; exists: false
       Install file: /home/labuser/SmartBear/SoapUI-5.8.0/source/main/java/com/eviware/soapui/model/package.html; size: 170 bytes; exists: false
       Install file: /home/labuser/SmartBear/SoapUI-5.8.0/source/main/java/com/eviware/soapui/model/project/EndpointStrategy.java; size: 1190 bytes; exists: false
       Install file: /home/labuser/SmartBear/SoapUI-5.8.0/source/main/java/com/eviware/soapui/model/project/Project.java; size: 3753 bytes; exists: false
       Install file: /home/labuser/SmartBear/SoapUI-5.8.0/source/main/java/com/eviware/soapui/model/project/ProjectFactory.java; size: 1644 bytes; exists: false
       Install file: /home/labuser/SmartBear/SoapUI-5.8.0/source/main/java/com/eviware/soapui/model/project/ProjectFactoryRegistry.java; size: 1423 bytes; exists: false
       Install file: /home/labuser/SmartBear/SoapUI-5.8.0/source/main/java/com/eviware/soapui/model/project/ProjectListener.java; size: 1934 bytes; exists: false
       Install file: /home/labuser/SmartBear/SoapUI-5.8.0/source/main/java/com/eviware/soapui/model/project/SaveStatus.java; size: 876 bytes; exists: false
       Install file: /home/labuser/SmartBear/SoapUI-5.8.0/source/main/java/com/eviware/soapui/model/project/package.html; size: 161 bytes; exists: false
       Install file: /home/labuser/SmartBear/SoapUI-5.8.0/source/main/java/com/eviware/soapui/model/propertyexpansion/DefaultPropertyExpansionContext.java; size: 2577 bytes; exists: false
       Install file: /home/labuser/SmartBear/SoapUI-5.8.0/source/main/java/com/eviware/soapui/model/propertyexpansion/MutablePropertyExpansion.java; size: 1051 bytes; exists: false
       Install file: /home/labuser/SmartBear/SoapUI-5.8.0/source/main/java/com/eviware/soapui/model/propertyexpansion/MutablePropertyExpansionImpl.java; size: 2417 bytes; exists: false
       Install file: /home/labuser/SmartBear/SoapUI-5.8.0/source/main/java/com/eviware/soapui/model/propertyexpansion/PropertyExpander.java; size: 11664 bytes; exists: false
       Install file: /home/labuser/SmartBear/SoapUI-5.8.0/source/main/java/com/eviware/soapui/model/propertyexpansion/PropertyExpansion.java; size: 1818 bytes; exists: false
       Install file: /home/labuser/SmartBear/SoapUI-5.8.0/source/main/java/com/eviware/soapui/model/propertyexpansion/PropertyExpansionContainer.java; size: 883 bytes; exists: false
       Install file: /home/labuser/SmartBear/SoapUI-5.8.0/source/main/java/com/eviware/soapui/model/propertyexpansion/PropertyExpansionContext.java; size: 1309 bytes; exists: false
       Install file: /home/labuser/SmartBear/SoapUI-5.8.0/source/main/java/com/eviware/soapui/model/propertyexpansion/PropertyExpansionImpl.java; size: 3830 bytes; exists: false
       Install file: /home/labuser/SmartBear/SoapUI-5.8.0/source/main/java/com/eviware/soapui/model/propertyexpansion/PropertyExpansionUtils.java; size: 19627 bytes; exists: false
       Install file: /home/labuser/SmartBear/SoapUI-5.8.0/source/main/java/com/eviware/soapui/model/propertyexpansion/PropertyExpansionsResult.java; size: 2021 bytes; exists: false
       Install file: /home/labuser/SmartBear/SoapUI-5.8.0/source/main/java/com/eviware/soapui/model/propertyexpansion/resolvers/ContextPropertyResolver.java; size: 2256 bytes; exists: false
       Install file: /home/labuser/SmartBear/SoapUI-5.8.0/source/main/java/com/eviware/soapui/model/propertyexpansion/resolvers/DynamicPropertyResolver.java; size: 3685 bytes; exists: false
       Install file: /home/labuser/SmartBear/SoapUI-5.8.0/source/main/java/com/eviware/soapui/model/propertyexpansion/resolvers/EvalPropertyResolver.java; size: 8421 bytes; exists: false
       Install file: /home/labuser/SmartBear/SoapUI-5.8.0/source/main/java/com/eviware/soapui/model/propertyexpansion/resolvers/GlobalPropertyResolver.java; size: 10542 bytes; exists: false
       Install file: /home/labuser/SmartBear/SoapUI-5.8.0/source/main/java/com/eviware/soapui/model/propertyexpansion/resolvers/MockRunPropertyResolver.java; size: 2107 bytes; exists: false
       Install file: /home/labuser/SmartBear/SoapUI-5.8.0/source/main/java/com/eviware/soapui/model/propertyexpansion/resolvers/ModelItemPropertyResolver.java; size: 9720 bytes; exists: false
       Install file: /home/labuser/SmartBear/SoapUI-5.8.0/source/main/java/com/eviware/soapui/model/propertyexpansion/resolvers/PropertyResolver.java; size: 1012 bytes; exists: false
       Install file: /home/labuser/SmartBear/SoapUI-5.8.0/source/main/java/com/eviware/soapui/model/propertyexpansion/resolvers/PropertyResolverFactory.java; size: 888 bytes; exists: false
       Install file: /home/labuser/SmartBear/SoapUI-5.8.0/source/main/java/com/eviware/soapui/model/propertyexpansion/resolvers/ResolverUtils.java; size: 4320 bytes; exists: false
       Install file: /home/labuser/SmartBear/SoapUI-5.8.0/source/main/java/com/eviware/soapui/model/propertyexpansion/resolvers/SubmitPropertyResolver.java; size: 1728 bytes; exists: false
       Install file: /home/labuser/SmartBear/SoapUI-5.8.0/source/main/java/com/eviware/soapui/model/propertyexpansion/resolvers/TestRunPropertyResolver.java; size: 3536 bytes; exists: false
       Install file: /home/labuser/SmartBear/SoapUI-5.8.0/source/main/java/com/eviware/soapui/model/propertyexpansion/resolvers/providers/CurrentRunStepIndexProvider.java; size: 1698 bytes; exists: false
       Install file: /home/labuser/SmartBear/SoapUI-5.8.0/source/main/java/com/eviware/soapui/model/propertyexpansion/resolvers/providers/CurrentStepIndexProvider.java; size: 1443 bytes; exists: false
       Install file: /home/labuser/SmartBear/SoapUI-5.8.0/source/main/java/com/eviware/soapui/model/propertyexpansion/resolvers/providers/CurrentStepRunIndexProvider.java; size: 2218 bytes; exists: false
       Install file: /home/labuser/SmartBear/SoapUI-5.8.0/source/main/java/com/eviware/soapui/model/propertyexpansion/resolvers/providers/ProjectDirProvider.java; size: 2337 bytes; exists: false
       Install file: /home/labuser/SmartBear/SoapUI-5.8.0/source/main/java/com/eviware/soapui/model/propertyexpansion/resolvers/providers/WorkspaceDirProvider.java; size: 1996 bytes; exists: false
       Install file: /home/labuser/SmartBear/SoapUI-5.8.0/source/main/java/com/eviware/soapui/model/security/SecurityCheckedParameter.java; size: 1262 bytes; exists: false
       Install file: /home/labuser/SmartBear/SoapUI-5.8.0/source/main/java/com/eviware/soapui/model/security/SecurityParametersTableModel.java; size: 3486 bytes; exists: false
       Install file: /home/labuser/SmartBear/SoapUI-5.8.0/source/main/java/com/eviware/soapui/model/security/SecurityScan.java; size: 4104 bytes; exists: false
       Install file: /home/labuser/SmartBear/SoapUI-5.8.0/source/main/java/com/eviware/soapui/model/security/SecurityScanParameterHolderListener.java; size: 1204 bytes; exists: false
       Install file: /home/labuser/SmartBear/SoapUI-5.8.0/source/main/java/com/eviware/soapui/model/security/SecurityScanParameterListener.java; size: 1308 bytes; exists: false
       Install file: /home/labuser/SmartBear/SoapUI-5.8.0/source/main/java/com/eviware/soapui/model/security/SensitiveInformationTableModel.java; size: 3516 bytes; exists: false
       Install file: /home/labuser/SmartBear/SoapUI-5.8.0/source/main/java/com/eviware/soapui/model/settings/Settings.java; size: 1599 bytes; exists: false
       Install file: /home/labuser/SmartBear/SoapUI-5.8.0/source/main/java/com/eviware/soapui/model/settings/SettingsListener.java; size: 1013 bytes; exists: false
       Install file: /home/labuser/SmartBear/SoapUI-5.8.0/source/main/java/com/eviware/soapui/model/settings/package.html; size: 161 bytes; exists: false
       Install file: /home/labuser/SmartBear/SoapUI-5.8.0/source/main/java/com/eviware/soapui/model/support/AbstractMockDispatcher.java; size: 6435 bytes; exists: false
       Install file: /home/labuser/SmartBear/SoapUI-5.8.0/source/main/java/com/eviware/soapui/model/support/AbstractModelItem.java; size: 4817 bytes; exists: false
       Install file: /home/labuser/SmartBear/SoapUI-5.8.0/source/main/java/com/eviware/soapui/model/support/AbstractResponse.java; size: 2320 bytes; exists: false
       Install file: /home/labuser/SmartBear/SoapUI-5.8.0/source/main/java/com/eviware/soapui/model/support/AbstractSubmitContext.java; size: 6953 bytes; exists: false
       Install file: /home/labuser/SmartBear/SoapUI-5.8.0/source/main/java/com/eviware/soapui/model/support/AnimatableItem.java; size: 901 bytes; exists: false
       Install file: /home/labuser/SmartBear/SoapUI-5.8.0/source/main/java/com/eviware/soapui/model/support/DefaultTestStepProperty.java; size: 5140 bytes; exists: false
       Install file: /home/labuser/SmartBear/SoapUI-5.8.0/source/main/java/com/eviware/soapui/model/support/InterfaceListenerAdapter.java; size: 1399 bytes; exists: false
       Install file: /home/labuser/SmartBear/SoapUI-5.8.0/source/main/java/com/eviware/soapui/model/support/LoadTestRunListenerAdapter.java; size: 2580 bytes; exists: false
       Install file: /home/labuser/SmartBear/SoapUI-5.8.0/source/main/java/com/eviware/soapui/model/support/MessageExchangeUtil.java; size: 1526 bytes; exists: false
       Install file: /home/labuser/SmartBear/SoapUI-5.8.0/source/main/java/com/eviware/soapui/model/support/MockRunListenerAdapter.java; size: 1504 bytes; exists: false
       Install file: /home/labuser/SmartBear/SoapUI-5.8.0/source/main/java/com/eviware/soapui/model/support/MockServiceListenerAdapter.java; size: 1368 bytes; exists: false
       Install file: /home/labuser/SmartBear/SoapUI-5.8.0/source/main/java/com/eviware/soapui/model/support/ModelSupport.java; size: 7461 bytes; exists: false
       Install file: /home/labuser/SmartBear/SoapUI-5.8.0/source/main/java/com/eviware/soapui/model/support/ProjectListenerAdapter.java; size: 2275 bytes; exists: false
       Install file: /home/labuser/SmartBear/SoapUI-5.8.0/source/main/java/com/eviware/soapui/model/support/ProjectMetrics.java; size: 3957 bytes; exists: false
       Install file: /home/labuser/SmartBear/SoapUI-5.8.0/source/main/java/com/eviware/soapui/model/support/ProjectRunListenerAdapter.java; size: 1588 bytes; exists: false
       Install file: /home/labuser/SmartBear/SoapUI-5.8.0/source/main/java/com/eviware/soapui/model/support/PropertiesMap.java; size: 1369 bytes; exists: false
       Install file: /home/labuser/SmartBear/SoapUI-5.8.0/source/main/java/com/eviware/soapui/model/support/SettingsTestPropertyHolder.java; size: 6533 bytes; exists: false
       Install file: /home/labuser/SmartBear/SoapUI-5.8.0/source/main/java/com/eviware/soapui/model/support/ShowModelItemAction.java; size: 1276 bytes; exists: false
       Install file: /home/labuser/SmartBear/SoapUI-5.8.0/source/main/java/com/eviware/soapui/model/support/TestPropertyListenerAdapter.java; size: 1370 bytes; exists: false
       Install file: /home/labuser/SmartBear/SoapUI-5.8.0/source/main/java/com/eviware/soapui/model/support/TestPropertyUtils.java; size: 4804 bytes; exists: false
       Install file: /home/labuser/SmartBear/SoapUI-5.8.0/source/main/java/com/eviware/soapui/model/support/TestRunListenerAdapter.java; size: 1742 bytes; exists: false
       Install file: /home/labuser/SmartBear/SoapUI-5.8.0/source/main/java/com/eviware/soapui/model/support/TestStepBeanProperty.java; size: 3224 bytes; exists: false
       Install file: /home/labuser/SmartBear/SoapUI-5.8.0/source/main/java/com/eviware/soapui/model/support/TestSuiteListenerAdapter.java; size: 1914 bytes; exists: false
       Install file: /home/labuser/SmartBear/SoapUI-5.8.0/source/main/java/com/eviware/soapui/model/support/TestSuiteMetrics.java; size: 2110 bytes; exists: false
       Install file: /home/labuser/SmartBear/SoapUI-5.8.0/source/main/java/com/eviware/soapui/model/support/TestSuiteRunListenerAdapter.java; size: 1600 bytes; exists: false
       Install file: /home/labuser/SmartBear/SoapUI-5.8.0/source/main/java/com/eviware/soapui/model/support/WorkspaceListenerAdapter.java; size: 1526 bytes; exists: false
       Install file: /home/labuser/SmartBear/SoapUI-5.8.0/source/main/java/com/eviware/soapui/model/support/XPathReference.java; size: 1230 bytes; exists: false
       Install file: /home/labuser/SmartBear/SoapUI-5.8.0/source/main/java/com/eviware/soapui/model/support/XPathReferenceContainer.java; size: 864 bytes; exists: false
       Install file: /home/labuser/SmartBear/SoapUI-5.8.0/source/main/java/com/eviware/soapui/model/support/XPathReferenceImpl.java; size: 3985 bytes; exists: false
       Install file: /home/labuser/SmartBear/SoapUI-5.8.0/source/main/java/com/eviware/soapui/model/support/package.html; size: 178 bytes; exists: false
       Install file: /home/labuser/SmartBear/SoapUI-5.8.0/source/main/java/com/eviware/soapui/model/testsuite/Assertable.java; size: 2244 bytes; exists: false
       Install file: /home/labuser/SmartBear/SoapUI-5.8.0/source/main/java/com/eviware/soapui/model/testsuite/AssertedXPath.java; size: 1103 bytes; exists: false
       Install file: /home/labuser/SmartBear/SoapUI-5.8.0/source/main/java/com/eviware/soapui/model/testsuite/AssertionError.java; size: 2324 bytes; exists: false
       Install file: /home/labuser/SmartBear/SoapUI-5.8.0/source/main/java/com/eviware/soapui/model/testsuite/AssertionException.java; size: 1895 bytes; exists: false
       Install file: /home/labuser/SmartBear/SoapUI-5.8.0/source/main/java/com/eviware/soapui/model/testsuite/AssertionsListener.java; size: 1116 bytes; exists: false
       Install file: /home/labuser/SmartBear/SoapUI-5.8.0/source/main/java/com/eviware/soapui/model/testsuite/EvaluatedOnReadTestProperty.java; size: 1011 bytes; exists: false
       Install file: /home/labuser/SmartBear/SoapUI-5.8.0/source/main/java/com/eviware/soapui/model/testsuite/LoadTest.java; size: 1156 bytes; exists: false
       Install file: /home/labuser/SmartBear/SoapUI-5.8.0/source/main/java/com/eviware/soapui/model/testsuite/LoadTestRunContext.java; size: 944 bytes; exists: false
       Install file: /home/labuser/SmartBear/SoapUI-5.8.0/source/main/java/com/eviware/soapui/model/testsuite/LoadTestRunListener.java; size: 3498 bytes; exists: false
       Install file: /home/labuser/SmartBear/SoapUI-5.8.0/source/main/java/com/eviware/soapui/model/testsuite/LoadTestRunner.java; size: 1514 bytes; exists: false
       Install file: /home/labuser/SmartBear/SoapUI-5.8.0/source/main/java/com/eviware/soapui/model/testsuite/MessageExchangeTestStepResult.java; size: 999 bytes; exists: false
       Install file: /home/labuser/SmartBear/SoapUI-5.8.0/source/main/java/com/eviware/soapui/model/testsuite/OperationTestStep.java; size: 1002 bytes; exists: false
       Install file: /home/labuser/SmartBear/SoapUI-5.8.0/source/main/java/com/eviware/soapui/model/testsuite/ProjectRunContext.java; size: 1029 bytes; exists: false
       Install file: /home/labuser/SmartBear/SoapUI-5.8.0/source/main/java/com/eviware/soapui/model/testsuite/ProjectRunListener.java; size: 1275 bytes; exists: false
       Install file: /home/labuser/SmartBear/SoapUI-5.8.0/source/main/java/com/eviware/soapui/model/testsuite/ProjectRunner.java; size: 986 bytes; exists: false
       Install file: /home/labuser/SmartBear/SoapUI-5.8.0/source/main/java/com/eviware/soapui/model/testsuite/PropertyAssertion.java; size: 1228 bytes; exists: false
       Install file: /home/labuser/SmartBear/SoapUI-5.8.0/source/main/java/com/eviware/soapui/model/testsuite/RenameableTestProperty.java; size: 874 bytes; exists: false
       Install file: /home/labuser/SmartBear/SoapUI-5.8.0/source/main/java/com/eviware/soapui/model/testsuite/RequestAssertedMessageExchange.java; size: 963 bytes; exists: false
       Install file: /home/labuser/SmartBear/SoapUI-5.8.0/source/main/java/com/eviware/soapui/model/testsuite/RequestAssertion.java; size: 1201 bytes; exists: false
       Install file: /home/labuser/SmartBear/SoapUI-5.8.0/source/main/java/com/eviware/soapui/model/testsuite/ResponseAssertedMessageExchange.java; size: 965 bytes; exists: false
       Install file: /home/labuser/SmartBear/SoapUI-5.8.0/source/main/java/com/eviware/soapui/model/testsuite/ResponseAssertion.java; size: 1204 bytes; exists: false
       Install file: /home/labuser/SmartBear/SoapUI-5.8.0/source/main/java/com/eviware/soapui/model/testsuite/ResultContainer.java; size: 974 bytes; exists: false
       Install file: /home/labuser/SmartBear/SoapUI-5.8.0/source/main/java/com/eviware/soapui/model/testsuite/RunListener.java; size: 960 bytes; exists: false
       Install file: /home/labuser/SmartBear/SoapUI-5.8.0/source/main/java/com/eviware/soapui/model/testsuite/SamplerTestStep.java; size: 978 bytes; exists: false
       Install file: /home/labuser/SmartBear/SoapUI-5.8.0/source/main/java/com/eviware/soapui/model/testsuite/TestAssertion.java; size: 1851 bytes; exists: false
       Install file: /home/labuser/SmartBear/SoapUI-5.8.0/source/main/java/com/eviware/soapui/model/testsuite/TestCase.java; size: 3030 bytes; exists: false
       Install file: /home/labuser/SmartBear/SoapUI-5.8.0/source/main/java/com/eviware/soapui/model/testsuite/TestCaseRunContext.java; size: 1132 bytes; exists: false
       Install file: /home/labuser/SmartBear/SoapUI-5.8.0/source/main/java/com/eviware/soapui/model/testsuite/TestCaseRunner.java; size: 1893 bytes; exists: false
       Install file: /home/labuser/SmartBear/SoapUI-5.8.0/source/main/java/com/eviware/soapui/model/testsuite/TestJdbcDriver.java; size: 1386 bytes; exists: false
       Install file: /home/labuser/SmartBear/SoapUI-5.8.0/source/main/java/com/eviware/soapui/model/testsuite/TestProperty.java; size: 1514 bytes; exists: false
       Install file: /home/labuser/SmartBear/SoapUI-5.8.0/source/main/java/com/eviware/soapui/model/testsuite/TestPropertyListener.java; size: 1137 bytes; exists: false
       Install file: /home/labuser/SmartBear/SoapUI-5.8.0/source/main/java/com/eviware/soapui/model/testsuite/TestRunContext.java; size: 1460 bytes; exists: false
       Install file: /home/labuser/SmartBear/SoapUI-5.8.0/source/main/java/com/eviware/soapui/model/testsuite/TestRunListener.java; size: 1684 bytes; exists: false
       Install file: /home/labuser/SmartBear/SoapUI-5.8.0/source/main/java/com/eviware/soapui/model/testsuite/TestRunnable.java; size: 998 bytes; exists: false
       Install file: /home/labuser/SmartBear/SoapUI-5.8.0/source/main/java/com/eviware/soapui/model/testsuite/TestRunner.java; size: 2277 bytes; exists: false
       Install file: /home/labuser/SmartBear/SoapUI-5.8.0/source/main/java/com/eviware/soapui/model/testsuite/TestStep.java; size: 1481 bytes; exists: false
       Install file: /home/labuser/SmartBear/SoapUI-5.8.0/source/main/java/com/eviware/soapui/model/testsuite/TestStepProperty.java; size: 1023 bytes; exists: false
       Install file: /home/labuser/SmartBear/SoapUI-5.8.0/source/main/java/com/eviware/soapui/model/testsuite/TestStepResult.java; size: 1878 bytes; exists: false
       Install file: /home/labuser/SmartBear/SoapUI-5.8.0/source/main/java/com/eviware/soapui/model/testsuite/TestSuite.java; size: 2287 bytes; exists: false
       Install file: /home/labuser/SmartBear/SoapUI-5.8.0/source/main/java/com/eviware/soapui/model/testsuite/TestSuiteListener.java; size: 1505 bytes; exists: false
       Install file: /home/labuser/SmartBear/SoapUI-5.8.0/source/main/java/com/eviware/soapui/model/testsuite/TestSuiteRunContext.java; size: 1077 bytes; exists: false
       Install file: /home/labuser/SmartBear/SoapUI-5.8.0/source/main/java/com/eviware/soapui/model/testsuite/TestSuiteRunListener.java; size: 1451 bytes; exists: false
       Install file: /home/labuser/SmartBear/SoapUI-5.8.0/source/main/java/com/eviware/soapui/model/testsuite/TestSuiteRunner.java; size: 939 bytes; exists: false
       Install file: /home/labuser/SmartBear/SoapUI-5.8.0/source/main/java/com/eviware/soapui/model/testsuite/package.html; size: 166 bytes; exists: false
       Install file: /home/labuser/SmartBear/SoapUI-5.8.0/source/main/java/com/eviware/soapui/model/tree/AbstractModelItemTreeNode.java; size: 8324 bytes; exists: false
       Install file: /home/labuser/SmartBear/SoapUI-5.8.0/source/main/java/com/eviware/soapui/model/tree/AbstractTreeNode.java; size: 2595 bytes; exists: false
       Install file: /home/labuser/SmartBear/SoapUI-5.8.0/source/main/java/com/eviware/soapui/model/tree/SoapUITreeModel.java; size: 8618 bytes; exists: false
       Install file: /home/labuser/SmartBear/SoapUI-5.8.0/source/main/java/com/eviware/soapui/model/tree/SoapUITreeNode.java; size: 1533 bytes; exists: false
       Install file: /home/labuser/SmartBear/SoapUI-5.8.0/source/main/java/com/eviware/soapui/model/tree/SoapUITreeNodeRenderer.java; size: 3116 bytes; exists: false
       Install file: /home/labuser/SmartBear/SoapUI-5.8.0/source/main/java/com/eviware/soapui/model/tree/TreeNodeFactory.java; size: 1535 bytes; exists: false
       Install file: /home/labuser/SmartBear/SoapUI-5.8.0/source/main/java/com/eviware/soapui/model/tree/nodes/InterfaceTreeNode.java; size: 5682 bytes; exists: false
       Install file: /home/labuser/SmartBear/SoapUI-5.8.0/source/main/java/com/eviware/soapui/model/tree/nodes/LoadTestTreeNode.java; size: 1303 bytes; exists: false
       Install file: /home/labuser/SmartBear/SoapUI-5.8.0/source/main/java/com/eviware/soapui/model/tree/nodes/MockOperationTreeNode.java; size: 3066 bytes; exists: false
       Install file: /home/labuser/SmartBear/SoapUI-5.8.0/source/main/java/com/eviware/soapui/model/tree/nodes/MockResponseTreeNode.java; size: 1288 bytes; exists: false
       Install file: /home/labuser/SmartBear/SoapUI-5.8.0/source/main/java/com/eviware/soapui/model/tree/nodes/MockServiceTreeNode.java; size: 5814 bytes; exists: false
       Install file: /home/labuser/SmartBear/SoapUI-5.8.0/source/main/java/com/eviware/soapui/model/tree/nodes/OperationTreeNode.java; size: 3304 bytes; exists: false
       Install file: /home/labuser/SmartBear/SoapUI-5.8.0/source/main/java/com/eviware/soapui/model/tree/nodes/ProjectTreeNode.java; size: 8294 bytes; exists: false
       Install file: /home/labuser/SmartBear/SoapUI-5.8.0/source/main/java/com/eviware/soapui/model/tree/nodes/PropertiesModelItem.java; size: 762 bytes; exists: false
       Install file: /home/labuser/SmartBear/SoapUI-5.8.0/source/main/java/com/eviware/soapui/model/tree/nodes/PropertiesTreeNode.java; size: 7341 bytes; exists: false
       Install file: /home/labuser/SmartBear/SoapUI-5.8.0/source/main/java/com/eviware/soapui/model/tree/nodes/PropertyModelItem.java; size: 867 bytes; exists: false
       Install file: /home/labuser/SmartBear/SoapUI-5.8.0/source/main/java/com/eviware/soapui/model/tree/nodes/PropertyTreeNode.java; size: 3372 bytes; exists: false
       Install file: /home/labuser/SmartBear/SoapUI-5.8.0/source/main/java/com/eviware/soapui/model/tree/nodes/RequestTreeNode.java; size: 1242 bytes; exists: false
       Install file: /home/labuser/SmartBear/SoapUI-5.8.0/source/main/java/com/eviware/soapui/model/tree/nodes/RestMethodTreeNode.java; size: 3976 bytes; exists: false
       Install file: /home/labuser/SmartBear/SoapUI-5.8.0/source/main/java/com/eviware/soapui/model/tree/nodes/RestResourceTreeNode.java; size: 7019 bytes; exists: false
       Install file: /home/labuser/SmartBear/SoapUI-5.8.0/source/main/java/com/eviware/soapui/model/tree/nodes/SecurityTestTreeNode.java; size: 1324 bytes; exists: false
       Install file: /home/labuser/SmartBear/SoapUI-5.8.0/source/main/java/com/eviware/soapui/model/tree/nodes/TestCaseTreeNode.java; size: 12115 bytes; exists: false
       Install file: /home/labuser/SmartBear/SoapUI-5.8.0/source/main/java/com/eviware/soapui/model/tree/nodes/TestStepTreeNode.java; size: 1241 bytes; exists: false
       Install file: /home/labuser/SmartBear/SoapUI-5.8.0/source/main/java/com/eviware/soapui/model/tree/nodes/TestSuiteTreeNode.java; size: 7432 bytes; exists: false
       Install file: /home/labuser/SmartBear/SoapUI-5.8.0/source/main/java/com/eviware/soapui/model/tree/nodes/WorkspaceTreeNode.java; size: 4028 bytes; exists: false
       Install file: /home/labuser/SmartBear/SoapUI-5.8.0/source/main/java/com/eviware/soapui/model/tree/nodes/package.html; size: 179 bytes; exists: false
       Install file: /home/labuser/SmartBear/SoapUI-5.8.0/source/main/java/com/eviware/soapui/model/tree/nodes/support/BaseTestsModelItem.java; size: 466 bytes; exists: false
       Install file: /home/labuser/SmartBear/SoapUI-5.8.0/source/main/java/com/eviware/soapui/model/tree/nodes/support/EmptyModelItem.java; size: 2178 bytes; exists: false
       Install file: /home/labuser/SmartBear/SoapUI-5.8.0/source/main/java/com/eviware/soapui/model/tree/nodes/support/SecurityTestsModelItem.java; size: 2897 bytes; exists: false
       Install file: /home/labuser/SmartBear/SoapUI-5.8.0/source/main/java/com/eviware/soapui/model/tree/nodes/support/WsdlLoadTestsModelItem.java; size: 2849 bytes; exists: false
       Install file: /home/labuser/SmartBear/SoapUI-5.8.0/source/main/java/com/eviware/soapui/model/tree/nodes/support/WsdlTestStepsModelItem.java; size: 3024 bytes; exists: false
       Install file: /home/labuser/SmartBear/SoapUI-5.8.0/source/main/java/com/eviware/soapui/model/tree/nodes/support/package.html; size: 160 bytes; exists: false
       Install file: /home/labuser/SmartBear/SoapUI-5.8.0/source/main/java/com/eviware/soapui/model/tree/package.html; size: 172 bytes; exists: false
       Install file: /home/labuser/SmartBear/SoapUI-5.8.0/source/main/java/com/eviware/soapui/model/util/BaseResponse.java; size: 3864 bytes; exists: false
       Install file: /home/labuser/SmartBear/SoapUI-5.8.0/source/main/java/com/eviware/soapui/model/util/ModelItemIconFactory.java; size: 5200 bytes; exists: false
       Install file: /home/labuser/SmartBear/SoapUI-5.8.0/source/main/java/com/eviware/soapui/model/util/ModelItemNames.java; size: 2162 bytes; exists: false
       Install file: /home/labuser/SmartBear/SoapUI-5.8.0/source/main/java/com/eviware/soapui/model/util/PanelBuilderFactory.java; size: 1015 bytes; exists: false
       Install file: /home/labuser/SmartBear/SoapUI-5.8.0/source/main/java/com/eviware/soapui/model/util/PanelBuilderRegistry.java; size: 10201 bytes; exists: false
       Install file: /home/labuser/SmartBear/SoapUI-5.8.0/source/main/java/com/eviware/soapui/model/util/package.html; size: 161 bytes; exists: false
       Install file: /home/labuser/SmartBear/SoapUI-5.8.0/source/main/java/com/eviware/soapui/model/workspace/Workspace.java; size: 2260 bytes; exists: false
       Install file: /home/labuser/SmartBear/SoapUI-5.8.0/source/main/java/com/eviware/soapui/model/workspace/WorkspaceFactory.java; size: 1435 bytes; exists: false
       Install file: /home/labuser/SmartBear/SoapUI-5.8.0/source/main/java/com/eviware/soapui/model/workspace/WorkspaceListener.java; size: 1394 bytes; exists: false
       Install file: /home/labuser/SmartBear/SoapUI-5.8.0/source/main/java/com/eviware/soapui/model/workspace/package.html; size: 171 bytes; exists: false
       Install file: /home/labuser/SmartBear/SoapUI-5.8.0/source/main/java/com/eviware/soapui/monitor/JettyMockEngine.java; size: 26731 bytes; exists: false
       Install file: /home/labuser/SmartBear/SoapUI-5.8.0/source/main/java/com/eviware/soapui/monitor/MockEngine.java; size: 1131 bytes; exists: false
       Install file: /home/labuser/SmartBear/SoapUI-5.8.0/source/main/java/com/eviware/soapui/monitor/PropertySupport.java; size: 2150 bytes; exists: false
       Install file: /home/labuser/SmartBear/SoapUI-5.8.0/source/main/java/com/eviware/soapui/monitor/SoapUIJettyThreadPool.java; size: 1509 bytes; exists: false
       Install file: /home/labuser/SmartBear/SoapUI-5.8.0/source/main/java/com/eviware/soapui/monitor/TestMonitor.java; size: 18216 bytes; exists: false
       Install file: /home/labuser/SmartBear/SoapUI-5.8.0/source/main/java/com/eviware/soapui/monitor/TestMonitorListener.java; size: 1592 bytes; exists: false
       Install file: /home/labuser/SmartBear/SoapUI-5.8.0/source/main/java/com/eviware/soapui/monitor/package.html; size: 195 bytes; exists: false
       Install file: /home/labuser/SmartBear/SoapUI-5.8.0/source/main/java/com/eviware/soapui/monitor/support/TestMonitorListenerAdapter.java; size: 1770 bytes; exists: false
       Install file: /home/labuser/SmartBear/SoapUI-5.8.0/source/main/java/com/eviware/soapui/monitor/support/package.html; size: 173 bytes; exists: false
       Install file: /home/labuser/SmartBear/SoapUI-5.8.0/source/main/java/com/eviware/soapui/package.html; size: 978 bytes; exists: false
       Install file: /home/labuser/SmartBear/SoapUI-5.8.0/source/main/java/com/eviware/soapui/plugins/ActionConfiguration.java; size: 1871 bytes; exists: false
       Install file: /home/labuser/SmartBear/SoapUI-5.8.0/source/main/java/com/eviware/soapui/plugins/ActionConfigurations.java; size: 1274 bytes; exists: false
       Install file: /home/labuser/SmartBear/SoapUI-5.8.0/source/main/java/com/eviware/soapui/plugins/ActionGroup.java; size: 1354 bytes; exists: false
       Install file: /home/labuser/SmartBear/SoapUI-5.8.0/source/main/java/com/eviware/soapui/plugins/ActionMapping.java; size: 1686 bytes; exists: false
       Install file: /home/labuser/SmartBear/SoapUI-5.8.0/source/main/java/com/eviware/soapui/plugins/ApiImporter.java; size: 973 bytes; exists: false
       Install file: /home/labuser/SmartBear/SoapUI-5.8.0/source/main/java/com/eviware/soapui/plugins/DependencyStatus.java; size: 1308 bytes; exists: false
       Install file: /home/labuser/SmartBear/SoapUI-5.8.0/source/main/java/com/eviware/soapui/plugins/FactoryConfiguration.java; size: 1131 bytes; exists: false
       Install file: /home/labuser/SmartBear/SoapUI-5.8.0/source/main/java/com/eviware/soapui/plugins/InstalledPluginRecord.java; size: 1130 bytes; exists: false
       Install file: /home/labuser/SmartBear/SoapUI-5.8.0/source/main/java/com/eviware/soapui/plugins/InvalidPluginException.java; size: 1025 bytes; exists: false
       Install file: /home/labuser/SmartBear/SoapUI-5.8.0/source/main/java/com/eviware/soapui/plugins/JarClassLoader.java; size: 7251 bytes; exists: false
       Install file: /home/labuser/SmartBear/SoapUI-5.8.0/source/main/java/com/eviware/soapui/plugins/ListenerConfiguration.java; size: 1132 bytes; exists: false
       Install file: /home/labuser/SmartBear/SoapUI-5.8.0/source/main/java/com/eviware/soapui/plugins/LoaderBase.java; size: 20155 bytes; exists: false
       Install file: /home/labuser/SmartBear/SoapUI-5.8.0/source/main/java/com/eviware/soapui/plugins/MissingPluginClassException.java; size: 1040 bytes; exists: false
       Install file: /home/labuser/SmartBear/SoapUI-5.8.0/source/main/java/com/eviware/soapui/plugins/Plugin.java; size: 3601 bytes; exists: false
       Install file: /home/labuser/SmartBear/SoapUI-5.8.0/source/main/java/com/eviware/soapui/plugins/PluginAdapter.java; size: 2393 bytes; exists: false
       Install file: /home/labuser/SmartBear/SoapUI-5.8.0/source/main/java/com/eviware/soapui/plugins/PluginAware.java; size: 1312 bytes; exists: false
       Install file: /home/labuser/SmartBear/SoapUI-5.8.0/source/main/java/com/eviware/soapui/plugins/PluginClassLoader.java; size: 969 bytes; exists: false
       Install file: /home/labuser/SmartBear/SoapUI-5.8.0/source/main/java/com/eviware/soapui/plugins/PluginConfiguration.java; size: 1546 bytes; exists: false
       Install file: /home/labuser/SmartBear/SoapUI-5.8.0/source/main/java/com/eviware/soapui/plugins/PluginDependencies.java; size: 1334 bytes; exists: false
       Install file: /home/labuser/SmartBear/SoapUI-5.8.0/source/main/java/com/eviware/soapui/plugins/PluginDependency.java; size: 1363 bytes; exists: false
       Install file: /home/labuser/SmartBear/SoapUI-5.8.0/source/main/java/com/eviware/soapui/plugins/PluginDependencyResolver.java; size: 4698 bytes; exists: false
       Install file: /home/labuser/SmartBear/SoapUI-5.8.0/source/main/java/com/eviware/soapui/plugins/PluginId.java; size: 1960 bytes; exists: false
       Install file: /home/labuser/SmartBear/SoapUI-5.8.0/source/main/java/com/eviware/soapui/plugins/PluginInfo.java; size: 2367 bytes; exists: false
       Install file: /home/labuser/SmartBear/SoapUI-5.8.0/source/main/java/com/eviware/soapui/plugins/PluginListener.java; size: 882 bytes; exists: false
       Install file: /home/labuser/SmartBear/SoapUI-5.8.0/source/main/java/com/eviware/soapui/plugins/PluginLoader.java; size: 14097 bytes; exists: false
       Install file: /home/labuser/SmartBear/SoapUI-5.8.0/source/main/java/com/eviware/soapui/plugins/PluginManager.java; size: 19564 bytes; exists: false
       Install file: /home/labuser/SmartBear/SoapUI-5.8.0/source/main/java/com/eviware/soapui/plugins/PluginProxies.java; size: 6797 bytes; exists: false
       Install file: /home/labuser/SmartBear/SoapUI-5.8.0/source/main/java/com/eviware/soapui/plugins/PluginProxy.java; size: 1000 bytes; exists: false
       Install file: /home/labuser/SmartBear/SoapUI-5.8.0/source/main/java/com/eviware/soapui/plugins/SoapUIFactory.java; size: 895 bytes; exists: false
       Install file: /home/labuser/SmartBear/SoapUI-5.8.0/source/main/java/com/eviware/soapui/plugins/TargetSelector.java; size: 926 bytes; exists: false
       Install file: /home/labuser/SmartBear/SoapUI-5.8.0/source/main/java/com/eviware/soapui/plugins/ToolbarPosition.java; size: 804 bytes; exists: false
       Install file: /home/labuser/SmartBear/SoapUI-5.8.0/source/main/java/com/eviware/soapui/plugins/UninstallablePlugin.java; size: 1297 bytes; exists: false
       Install file: /home/labuser/SmartBear/SoapUI-5.8.0/source/main/java/com/eviware/soapui/plugins/UsePluginClassloader.java; size: 1171 bytes; exists: false
       Install file: /home/labuser/SmartBear/SoapUI-5.8.0/source/main/java/com/eviware/soapui/plugins/Version.java; size: 3417 bytes; exists: false
       Install file: /home/labuser/SmartBear/SoapUI-5.8.0/source/main/java/com/eviware/soapui/plugins/auto/AutoFactory.java; size: 964 bytes; exists: false
       Install file: /home/labuser/SmartBear/SoapUI-5.8.0/source/main/java/com/eviware/soapui/plugins/auto/PluginImportMethod.java; size: 1074 bytes; exists: false
       Install file: /home/labuser/SmartBear/SoapUI-5.8.0/source/main/java/com/eviware/soapui/plugins/auto/PluginPanelBuilder.java; size: 1197 bytes; exists: false
       Install file: /home/labuser/SmartBear/SoapUI-5.8.0/source/main/java/com/eviware/soapui/plugins/auto/PluginPrefs.java; size: 1046 bytes; exists: false
       Install file: /home/labuser/SmartBear/SoapUI-5.8.0/source/main/java/com/eviware/soapui/plugins/auto/PluginPropertyResolver.java; size: 1057 bytes; exists: false
       Install file: /home/labuser/SmartBear/SoapUI-5.8.0/source/main/java/com/eviware/soapui/plugins/auto/PluginRequestEditorView.java; size: 1199 bytes; exists: false
       Install file: /home/labuser/SmartBear/SoapUI-5.8.0/source/main/java/com/eviware/soapui/plugins/auto/PluginRequestFilter.java; size: 1078 bytes; exists: false
       Install file: /home/labuser/SmartBear/SoapUI-5.8.0/source/main/java/com/eviware/soapui/plugins/auto/PluginRequestInspector.java; size: 1203 bytes; exists: false
       Install file: /home/labuser/SmartBear/SoapUI-5.8.0/source/main/java/com/eviware/soapui/plugins/auto/PluginRequestTransport.java; size: 1081 bytes; exists: false
       Install file: /home/labuser/SmartBear/SoapUI-5.8.0/source/main/java/com/eviware/soapui/plugins/auto/PluginResponseEditorView.java; size: 1202 bytes; exists: false
       Install file: /home/labuser/SmartBear/SoapUI-5.8.0/source/main/java/com/eviware/soapui/plugins/auto/PluginResponseInspector.java; size: 1204 bytes; exists: false
       Install file: /home/labuser/SmartBear/SoapUI-5.8.0/source/main/java/com/eviware/soapui/plugins/auto/PluginSubReport.java; size: 1142 bytes; exists: false
       Install file: /home/labuser/SmartBear/SoapUI-5.8.0/source/main/java/com/eviware/soapui/plugins/auto/PluginTestAssertion.java; size: 1150 bytes; exists: false
       Install file: /home/labuser/SmartBear/SoapUI-5.8.0/source/main/java/com/eviware/soapui/plugins/auto/PluginTestStep.java; size: 1161 bytes; exists: false
       Install file: /home/labuser/SmartBear/SoapUI-5.8.0/source/main/java/com/eviware/soapui/plugins/auto/PluginValueProvider.java; size: 1081 bytes; exists: false
       Install file: /home/labuser/SmartBear/SoapUI-5.8.0/source/main/java/com/eviware/soapui/plugins/auto/factories/AbstractSoapUIFactory.java; size: 1354 bytes; exists: false
       Install file: /home/labuser/SmartBear/SoapUI-5.8.0/source/main/java/com/eviware/soapui/plugins/auto/factories/AutoImportMethodFactory.java; size: 1060 bytes; exists: false
       Install file: /home/labuser/SmartBear/SoapUI-5.8.0/source/main/java/com/eviware/soapui/plugins/auto/factories/AutoPanelBuilderFactory.java; size: 1634 bytes; exists: false
       Install file: /home/labuser/SmartBear/SoapUI-5.8.0/source/main/java/com/eviware/soapui/plugins/auto/factories/AutoPrefsFactory.java; size: 1656 bytes; exists: false
       Install file: /home/labuser/SmartBear/SoapUI-5.8.0/source/main/java/com/eviware/soapui/plugins/auto/factories/AutoPropertyResolverFactory.java; size: 1485 bytes; exists: false
       Install file: /home/labuser/SmartBear/SoapUI-5.8.0/source/main/java/com/eviware/soapui/plugins/auto/factories/AutoRequestEditorViewFactory.java; size: 3103 bytes; exists: false
       Install file: /home/labuser/SmartBear/SoapUI-5.8.0/source/main/java/com/eviware/soapui/plugins/auto/factories/AutoRequestFilterFactory.java; size: 1573 bytes; exists: false
       Install file: /home/labuser/SmartBear/SoapUI-5.8.0/source/main/java/com/eviware/soapui/plugins/auto/factories/AutoRequestInspectorFactory.java; size: 3200 bytes; exists: false
       Install file: /home/labuser/SmartBear/SoapUI-5.8.0/source/main/java/com/eviware/soapui/plugins/auto/factories/AutoRequestTransportFactory.java; size: 1784 bytes; exists: false
       Install file: /home/labuser/SmartBear/SoapUI-5.8.0/source/main/java/com/eviware/soapui/plugins/auto/factories/AutoResponseEditorViewFactory.java; size: 3086 bytes; exists: false
       Install file: /home/labuser/SmartBear/SoapUI-5.8.0/source/main/java/com/eviware/soapui/plugins/auto/factories/AutoResponseInspectorFactory.java; size: 3204 bytes; exists: false
       Install file: /home/labuser/SmartBear/SoapUI-5.8.0/source/main/java/com/eviware/soapui/plugins/auto/factories/AutoSubReportFactory.java; size: 1417 bytes; exists: false
       Install file: /home/labuser/SmartBear/SoapUI-5.8.0/source/main/java/com/eviware/soapui/plugins/auto/factories/AutoTestAssertionFactory.java; size: 2208 bytes; exists: false
       Install file: /home/labuser/SmartBear/SoapUI-5.8.0/source/main/java/com/eviware/soapui/plugins/auto/factories/AutoTestStepFactory.java; size: 3861 bytes; exists: false
       Install file: /home/labuser/SmartBear/SoapUI-5.8.0/source/main/java/com/eviware/soapui/plugins/auto/factories/AutoValueProviderFactory.java; size: 1889 bytes; exists: false
       Install file: /home/labuser/SmartBear/SoapUI-5.8.0/source/main/java/com/eviware/soapui/plugins/auto/factories/SimpleSoapUIFactory.java; size: 1484 bytes; exists: false
       Install file: /home/labuser/SmartBear/SoapUI-5.8.0/source/main/java/com/eviware/soapui/plugins/factories/navigator/NavigatorNodesExpandStateProvider.java; size: 818 bytes; exists: false
       Install file: /home/labuser/SmartBear/SoapUI-5.8.0/source/main/java/com/eviware/soapui/plugins/factories/navigator/NavigatroNodeExpandStateProviderFactory.java; size: 304 bytes; exists: false
       Install file: /home/labuser/SmartBear/SoapUI-5.8.0/source/main/java/com/eviware/soapui/report/AbstractSubReportFactory.java; size: 2549 bytes; exists: false
       Install file: /home/labuser/SmartBear/SoapUI-5.8.0/source/main/java/com/eviware/soapui/report/JUnitReport.java; size: 6641 bytes; exists: false
       Install file: /home/labuser/SmartBear/SoapUI-5.8.0/source/main/java/com/eviware/soapui/report/JUnitReportCollector.java; size: 10855 bytes; exists: false
       Install file: /home/labuser/SmartBear/SoapUI-5.8.0/source/main/java/com/eviware/soapui/report/JUnitSecurityReportCollector.java; size: 5689 bytes; exists: false
       Install file: /home/labuser/SmartBear/SoapUI-5.8.0/source/main/java/com/eviware/soapui/report/ModelItemReport.java; size: 1639 bytes; exists: false
       Install file: /home/labuser/SmartBear/SoapUI-5.8.0/source/main/java/com/eviware/soapui/report/SubReport.java; size: 933 bytes; exists: false
       Install file: /home/labuser/SmartBear/SoapUI-5.8.0/source/main/java/com/eviware/soapui/report/SubReportFactory.java; size: 1073 bytes; exists: false
       Install file: /home/labuser/SmartBear/SoapUI-5.8.0/source/main/java/com/eviware/soapui/report/TestCaseRunLogReport.java; size: 7716 bytes; exists: false
       Install file: /home/labuser/SmartBear/SoapUI-5.8.0/source/main/java/com/eviware/soapui/report/package.html; size: 176 bytes; exists: false
       Install file: /home/labuser/SmartBear/SoapUI-5.8.0/source/main/java/com/eviware/soapui/security/ExecutionStrategyHolder.java; size: 2805 bytes; exists: false
       Install file: /home/labuser/SmartBear/SoapUI-5.8.0/source/main/java/com/eviware/soapui/security/Securable.java; size: 972 bytes; exists: false
       Install file: /home/labuser/SmartBear/SoapUI-5.8.0/source/main/java/com/eviware/soapui/security/SecurityTest.java; size: 33413 bytes; exists: false
       Install file: /home/labuser/SmartBear/SoapUI-5.8.0/source/main/java/com/eviware/soapui/security/SecurityTestContext.java; size: 2048 bytes; exists: false
       Install file: /home/labuser/SmartBear/SoapUI-5.8.0/source/main/java/com/eviware/soapui/security/SecurityTestListener.java; size: 1076 bytes; exists: false
       Install file: /home/labuser/SmartBear/SoapUI-5.8.0/source/main/java/com/eviware/soapui/security/SecurityTestRunContext.java; size: 4365 bytes; exists: false
       Install file: /home/labuser/SmartBear/SoapUI-5.8.0/source/main/java/com/eviware/soapui/security/SecurityTestRunner.java; size: 1962 bytes; exists: false
       Install file: /home/labuser/SmartBear/SoapUI-5.8.0/source/main/java/com/eviware/soapui/security/SecurityTestRunnerImpl.java; size: 18085 bytes; exists: false
       Install file: /home/labuser/SmartBear/SoapUI-5.8.0/source/main/java/com/eviware/soapui/security/SensitiveInformationPropertyHolder.java; size: 5630 bytes; exists: false
       Install file: /home/labuser/SmartBear/SoapUI-5.8.0/source/main/java/com/eviware/soapui/security/actions/CloneParametersAction.java; size: 21183 bytes; exists: false
       Install file: /home/labuser/SmartBear/SoapUI-5.8.0/source/main/java/com/eviware/soapui/security/actions/CloneSecurityTestAction.java; size: 2023 bytes; exists: false
       Install file: /home/labuser/SmartBear/SoapUI-5.8.0/source/main/java/com/eviware/soapui/security/actions/DeleteSecurityTestAction.java; size: 1873 bytes; exists: false
       Install file: /home/labuser/SmartBear/SoapUI-5.8.0/source/main/java/com/eviware/soapui/security/actions/RenameSecurityTestAction.java; size: 1956 bytes; exists: false
       Install file: /home/labuser/SmartBear/SoapUI-5.8.0/source/main/java/com/eviware/soapui/security/actions/SecurityTestOptionsAction.java; size: 3592 bytes; exists: false
       Install file: /home/labuser/SmartBear/SoapUI-5.8.0/source/main/java/com/eviware/soapui/security/assertion/CrossSiteScriptAssertion.java; size: 18164 bytes; exists: false
       Install file: /home/labuser/SmartBear/SoapUI-5.8.0/source/main/java/com/eviware/soapui/security/assertion/InvalidHttpStatusCodesAssertion.java; size: 7482 bytes; exists: false
       Install file: /home/labuser/SmartBear/SoapUI-5.8.0/source/main/java/com/eviware/soapui/security/assertion/SecurityAssertionPanel.java; size: 2974 bytes; exists: false
       Install file: /home/labuser/SmartBear/SoapUI-5.8.0/source/main/java/com/eviware/soapui/security/assertion/SensitiveInfoExposureAssertion.java; size: 16733 bytes; exists: false
       Install file: /home/labuser/SmartBear/SoapUI-5.8.0/source/main/java/com/eviware/soapui/security/assertion/ValidHttpStatusCodesAssertion.java; size: 7437 bytes; exists: false
       Install file: /home/labuser/SmartBear/SoapUI-5.8.0/source/main/java/com/eviware/soapui/security/boundary/AbstractBoundary.java; size: 3776 bytes; exists: false
       Install file: /home/labuser/SmartBear/SoapUI-5.8.0/source/main/java/com/eviware/soapui/security/boundary/Boundary.java; size: 1327 bytes; exists: false
       Install file: /home/labuser/SmartBear/SoapUI-5.8.0/source/main/java/com/eviware/soapui/security/boundary/BoundaryRestrictionUtill.java; size: 3165 bytes; exists: false
       Install file: /home/labuser/SmartBear/SoapUI-5.8.0/source/main/java/com/eviware/soapui/security/boundary/BoundaryUtils.java; size: 3601 bytes; exists: false
       Install file: /home/labuser/SmartBear/SoapUI-5.8.0/source/main/java/com/eviware/soapui/security/boundary/DateBoundary.java; size: 2079 bytes; exists: false
       Install file: /home/labuser/SmartBear/SoapUI-5.8.0/source/main/java/com/eviware/soapui/security/boundary/DateTimeBoundary.java; size: 2075 bytes; exists: false
       Install file: /home/labuser/SmartBear/SoapUI-5.8.0/source/main/java/com/eviware/soapui/security/boundary/DecimalBoundary.java; size: 1967 bytes; exists: false
       Install file: /home/labuser/SmartBear/SoapUI-5.8.0/source/main/java/com/eviware/soapui/security/boundary/EnumerationValuesExtractor.java; size: 6028 bytes; exists: false
       Install file: /home/labuser/SmartBear/SoapUI-5.8.0/source/main/java/com/eviware/soapui/security/boundary/IntegerBoundary.java; size: 1673 bytes; exists: false
       Install file: /home/labuser/SmartBear/SoapUI-5.8.0/source/main/java/com/eviware/soapui/security/boundary/NormalisedStringBoundary.java; size: 1560 bytes; exists: false
       Install file: /home/labuser/SmartBear/SoapUI-5.8.0/source/main/java/com/eviware/soapui/security/boundary/SchemeTypeExtractor.java; size: 6156 bytes; exists: false
       Install file: /home/labuser/SmartBear/SoapUI-5.8.0/source/main/java/com/eviware/soapui/security/boundary/StringBoundary.java; size: 1556 bytes; exists: false
       Install file: /home/labuser/SmartBear/SoapUI-5.8.0/source/main/java/com/eviware/soapui/security/boundary/TimeBoundary.java; size: 2067 bytes; exists: false
       Install file: /home/labuser/SmartBear/SoapUI-5.8.0/source/main/java/com/eviware/soapui/security/boundary/enumeration/EnumerationValues.java; size: 2139 bytes; exists: false
       Install file: /home/labuser/SmartBear/SoapUI-5.8.0/source/main/java/com/eviware/soapui/security/log/FunctionalTestLogModel.java; size: 3481 bytes; exists: false
       Install file: /home/labuser/SmartBear/SoapUI-5.8.0/source/main/java/com/eviware/soapui/security/log/JFunctionalTestRunLog.java; size: 10479 bytes; exists: false
       Install file: /home/labuser/SmartBear/SoapUI-5.8.0/source/main/java/com/eviware/soapui/security/log/JSecurityTestRunLog.java; size: 18335 bytes; exists: false
       Install file: /home/labuser/SmartBear/SoapUI-5.8.0/source/main/java/com/eviware/soapui/security/log/SecurityTestLogModel.java; size: 11773 bytes; exists: false
       Install file: /home/labuser/SmartBear/SoapUI-5.8.0/source/main/java/com/eviware/soapui/security/panels/CustomTreeNode.java; size: 916 bytes; exists: false
       Install file: /home/labuser/SmartBear/SoapUI-5.8.0/source/main/java/com/eviware/soapui/security/panels/JSecurityTestTestStepList.java; size: 33397 bytes; exists: false
       Install file: /home/labuser/SmartBear/SoapUI-5.8.0/source/main/java/com/eviware/soapui/security/panels/ProjectSensitiveInformationPanel.java; size: 6319 bytes; exists: false
       Install file: /home/labuser/SmartBear/SoapUI-5.8.0/source/main/java/com/eviware/soapui/security/panels/ReleasableNode.java; size: 834 bytes; exists: false
       Install file: /home/labuser/SmartBear/SoapUI-5.8.0/source/main/java/com/eviware/soapui/security/panels/SecurityScanNode.java; size: 1261 bytes; exists: false
       Install file: /home/labuser/SmartBear/SoapUI-5.8.0/source/main/java/com/eviware/soapui/security/panels/SecurityScanTree.java; size: 4522 bytes; exists: false
       Install file: /home/labuser/SmartBear/SoapUI-5.8.0/source/main/java/com/eviware/soapui/security/panels/SecurityTestDesktopPanel.java; size: 32835 bytes; exists: false
       Install file: /home/labuser/SmartBear/SoapUI-5.8.0/source/main/java/com/eviware/soapui/security/panels/SecurityTestPanelBuilder.java; size: 1751 bytes; exists: false
       Install file: /home/labuser/SmartBear/SoapUI-5.8.0/source/main/java/com/eviware/soapui/security/panels/SecurityTreeCellRender.java; size: 18080 bytes; exists: false
       Install file: /home/labuser/SmartBear/SoapUI-5.8.0/source/main/java/com/eviware/soapui/security/panels/SecurityTreeRootNode.java; size: 2345 bytes; exists: false
       Install file: /home/labuser/SmartBear/SoapUI-5.8.0/source/main/java/com/eviware/soapui/security/panels/TestStepNode.java; size: 1759 bytes; exists: false
       Install file: /home/labuser/SmartBear/SoapUI-5.8.0/source/main/java/com/eviware/soapui/security/registry/AbstractSecurityScanFactory.java; size: 2325 bytes; exists: false
       Install file: /home/labuser/SmartBear/SoapUI-5.8.0/source/main/java/com/eviware/soapui/security/registry/BoundarySecurityScanFactory.java; size: 2297 bytes; exists: false
       Install file: /home/labuser/SmartBear/SoapUI-5.8.0/source/main/java/com/eviware/soapui/security/registry/CrossSiteScriptingScanFactory.java; size: 2431 bytes; exists: false
       Install file: /home/labuser/SmartBear/SoapUI-5.8.0/source/main/java/com/eviware/soapui/security/registry/FuzzerSecurityScanFactory.java; size: 2420 bytes; exists: false
       Install file: /home/labuser/SmartBear/SoapUI-5.8.0/source/main/java/com/eviware/soapui/security/registry/GroovySecurityScanFactory.java; size: 2480 bytes; exists: false
       Install file: /home/labuser/SmartBear/SoapUI-5.8.0/source/main/java/com/eviware/soapui/security/registry/InvalidTypesSecurityScanFactory.java; size: 2266 bytes; exists: false
       Install file: /home/labuser/SmartBear/SoapUI-5.8.0/source/main/java/com/eviware/soapui/security/registry/MalformedXmlSecurityScanFactory.java; size: 2147 bytes; exists: false
       Install file: /home/labuser/SmartBear/SoapUI-5.8.0/source/main/java/com/eviware/soapui/security/registry/MaliciousAttachmentSecurityScanFactory.java; size: 2519 bytes; exists: false
       Install file: /home/labuser/SmartBear/SoapUI-5.8.0/source/main/java/com/eviware/soapui/security/registry/SQLInjectionScanFactory.java; size: 2400 bytes; exists: false
       Install file: /home/labuser/SmartBear/SoapUI-5.8.0/source/main/java/com/eviware/soapui/security/registry/SecurityScanFactory.java; size: 1545 bytes; exists: false
       Install file: /home/labuser/SmartBear/SoapUI-5.8.0/source/main/java/com/eviware/soapui/security/registry/SecurityScanRegistry.java; size: 6196 bytes; exists: false
       Install file: /home/labuser/SmartBear/SoapUI-5.8.0/source/main/java/com/eviware/soapui/security/registry/XPathInjectionSecurityScanFactory.java; size: 2406 bytes; exists: false
       Install file: /home/labuser/SmartBear/SoapUI-5.8.0/source/main/java/com/eviware/soapui/security/registry/XmlBombSecurityScanFactory.java; size: 2167 bytes; exists: false
       Install file: /home/labuser/SmartBear/SoapUI-5.8.0/source/main/java/com/eviware/soapui/security/result/SecurityResult.java; size: 2289 bytes; exists: false
       Install file: /home/labuser/SmartBear/SoapUI-5.8.0/source/main/java/com/eviware/soapui/security/result/SecurityScanRequestResult.java; size: 6773 bytes; exists: false
       Install file: /home/labuser/SmartBear/SoapUI-5.8.0/source/main/java/com/eviware/soapui/security/result/SecurityScanResult.java; size: 8856 bytes; exists: false
       Install file: /home/labuser/SmartBear/SoapUI-5.8.0/source/main/java/com/eviware/soapui/security/result/SecurityTestStepResult.java; size: 11795 bytes; exists: false
       Install file: /home/labuser/SmartBear/SoapUI-5.8.0/source/main/java/com/eviware/soapui/security/scan/AbstractSecurityScan.java; size: 24740 bytes; exists: false
       Install file: /home/labuser/SmartBear/SoapUI-5.8.0/source/main/java/com/eviware/soapui/security/scan/AbstractSecurityScanWithProperties.java; size: 6140 bytes; exists: false
       Install file: /home/labuser/SmartBear/SoapUI-5.8.0/source/main/java/com/eviware/soapui/security/scan/BoundarySecurityScan.java; size: 16134 bytes; exists: false
       Install file: /home/labuser/SmartBear/SoapUI-5.8.0/source/main/java/com/eviware/soapui/security/scan/CrossSiteScriptingScan.java; size: 16983 bytes; exists: false
       Install file: /home/labuser/SmartBear/SoapUI-5.8.0/source/main/java/com/eviware/soapui/security/scan/FuzzerSecurityScan.java; size: 6605 bytes; exists: false
       Install file: /home/labuser/SmartBear/SoapUI-5.8.0/source/main/java/com/eviware/soapui/security/scan/GroovySecurityScan.java; size: 9121 bytes; exists: false
       Install file: /home/labuser/SmartBear/SoapUI-5.8.0/source/main/java/com/eviware/soapui/security/scan/InvalidTypesSecurityScan.java; size: 21666 bytes; exists: false
       Install file: /home/labuser/SmartBear/SoapUI-5.8.0/source/main/java/com/eviware/soapui/security/scan/MalformedXmlSecurityScan.java; size: 24044 bytes; exists: false
       Install file: /home/labuser/SmartBear/SoapUI-5.8.0/source/main/java/com/eviware/soapui/security/scan/MaliciousAttachmentSecurityScan.java; size: 14737 bytes; exists: false
       Install file: /home/labuser/SmartBear/SoapUI-5.8.0/source/main/java/com/eviware/soapui/security/scan/PropertyMutation.java; size: 3387 bytes; exists: false
       Install file: /home/labuser/SmartBear/SoapUI-5.8.0/source/main/java/com/eviware/soapui/security/scan/SQLInjectionScan.java; size: 17769 bytes; exists: false
       Install file: /home/labuser/SmartBear/SoapUI-5.8.0/source/main/java/com/eviware/soapui/security/scan/XPathInjectionSecurityScan.java; size: 17334 bytes; exists: false
       Install file: /home/labuser/SmartBear/SoapUI-5.8.0/source/main/java/com/eviware/soapui/security/scan/XmlBombSecurityScan.java; size: 11385 bytes; exists: false
       Install file: /home/labuser/SmartBear/SoapUI-5.8.0/source/main/java/com/eviware/soapui/security/support/FailedSecurityMessageExchange.java; size: 4594 bytes; exists: false
       Install file: /home/labuser/SmartBear/SoapUI-5.8.0/source/main/java/com/eviware/soapui/security/support/MaliciousAttachmentFilesListForm.java; size: 6743 bytes; exists: false
       Install file: /home/labuser/SmartBear/SoapUI-5.8.0/source/main/java/com/eviware/soapui/security/support/MaliciousAttachmentGenerateTableModel.java; size: 2913 bytes; exists: false
       Install file: /home/labuser/SmartBear/SoapUI-5.8.0/source/main/java/com/eviware/soapui/security/support/MaliciousAttachmentListToTableHolder.java; size: 5775 bytes; exists: false
       Install file: /home/labuser/SmartBear/SoapUI-5.8.0/source/main/java/com/eviware/soapui/security/support/MaliciousAttachmentReplaceTableModel.java; size: 3191 bytes; exists: false
       Install file: /home/labuser/SmartBear/SoapUI-5.8.0/source/main/java/com/eviware/soapui/security/support/MaliciousAttachmentTableModel.java; size: 1897 bytes; exists: false
       Install file: /home/labuser/SmartBear/SoapUI-5.8.0/source/main/java/com/eviware/soapui/security/support/ProgressBarSecurityScanAdapter.java; size: 10048 bytes; exists: false
       Install file: /home/labuser/SmartBear/SoapUI-5.8.0/source/main/java/com/eviware/soapui/security/support/ProgressBarSecurityTestAdapter.java; size: 7846 bytes; exists: false
       Install file: /home/labuser/SmartBear/SoapUI-5.8.0/source/main/java/com/eviware/soapui/security/support/ProgressBarSecurityTestStepAdapter.java; size: 13730 bytes; exists: false
       Install file: /home/labuser/SmartBear/SoapUI-5.8.0/source/main/java/com/eviware/soapui/security/support/SecurityCheckedParameterHolder.java; size: 8904 bytes; exists: false
       Install file: /home/labuser/SmartBear/SoapUI-5.8.0/source/main/java/com/eviware/soapui/security/support/SecurityCheckedParameterImpl.java; size: 3361 bytes; exists: false
       Install file: /home/labuser/SmartBear/SoapUI-5.8.0/source/main/java/com/eviware/soapui/security/support/SecurityScanParameterListenerAdapter.java; size: 3258 bytes; exists: false
       Install file: /home/labuser/SmartBear/SoapUI-5.8.0/source/main/java/com/eviware/soapui/security/support/SecurityTestRunListener.java; size: 2544 bytes; exists: false
       Install file: /home/labuser/SmartBear/SoapUI-5.8.0/source/main/java/com/eviware/soapui/security/support/SecurityTestRunListenerAdapter.java; size: 2801 bytes; exists: false
       Install file: /home/labuser/SmartBear/SoapUI-5.8.0/source/main/java/com/eviware/soapui/security/tools/AttachmentElement.java; size: 1373 bytes; exists: false
       Install file: /home/labuser/SmartBear/SoapUI-5.8.0/source/main/java/com/eviware/soapui/security/tools/AttachmentHolder.java; size: 1630 bytes; exists: false
       Install file: /home/labuser/SmartBear/SoapUI-5.8.0/source/main/java/com/eviware/soapui/security/tools/InfiniteAttachment.java; size: 1689 bytes; exists: false
       Install file: /home/labuser/SmartBear/SoapUI-5.8.0/source/main/java/com/eviware/soapui/security/tools/InfiniteInputStream.java; size: 1312 bytes; exists: false
       Install file: /home/labuser/SmartBear/SoapUI-5.8.0/source/main/java/com/eviware/soapui/security/tools/RandomFile.java; size: 2003 bytes; exists: false
       Install file: /home/labuser/SmartBear/SoapUI-5.8.0/source/main/java/com/eviware/soapui/security/ui/FuzzerScanAdvancedConfigPanel.java; size: 5108 bytes; exists: false
       Install file: /home/labuser/SmartBear/SoapUI-5.8.0/source/main/java/com/eviware/soapui/security/ui/GroovySecurityScanPanel.java; size: 2842 bytes; exists: false
       Install file: /home/labuser/SmartBear/SoapUI-5.8.0/source/main/java/com/eviware/soapui/security/ui/InvalidTypesTable.java; size: 12543 bytes; exists: false
       Install file: /home/labuser/SmartBear/SoapUI-5.8.0/source/main/java/com/eviware/soapui/security/ui/MalformedXmlAdvancedSettingsPanel.java; size: 9471 bytes; exists: false
       Install file: /home/labuser/SmartBear/SoapUI-5.8.0/source/main/java/com/eviware/soapui/security/ui/MaliciousAttachmentAdvancedSettingsPanel.java; size: 3211 bytes; exists: false
       Install file: /home/labuser/SmartBear/SoapUI-5.8.0/source/main/java/com/eviware/soapui/security/ui/MaliciousAttachmentMutationsPanel.java; size: 22640 bytes; exists: false
       Install file: /home/labuser/SmartBear/SoapUI-5.8.0/source/main/java/com/eviware/soapui/security/ui/SecurityCheckedParametersTablePanel.java; size: 15417 bytes; exists: false
       Install file: /home/labuser/SmartBear/SoapUI-5.8.0/source/main/java/com/eviware/soapui/security/ui/SecurityConfigurationDialog.java; size: 9575 bytes; exists: false
       Install file: /home/labuser/SmartBear/SoapUI-5.8.0/source/main/java/com/eviware/soapui/security/ui/SecurityConfigurationDialogBuilder.java; size: 2128 bytes; exists: false
       Install file: /home/labuser/SmartBear/SoapUI-5.8.0/source/main/java/com/eviware/soapui/security/ui/SecurityScanConfigPanel.java; size: 1124 bytes; exists: false
       Install file: /home/labuser/SmartBear/SoapUI-5.8.0/source/main/java/com/eviware/soapui/security/ui/XPathCellRender.java; size: 7377 bytes; exists: false
       Install file: /home/labuser/SmartBear/SoapUI-5.8.0/source/main/java/com/eviware/soapui/security/ui/XmlBombSecurityScanConfigPanel.java; size: 9212 bytes; exists: false
       Install file: /home/labuser/SmartBear/SoapUI-5.8.0/source/main/java/com/eviware/soapui/settings/AssertionDescriptionSettings.java; size: 1162 bytes; exists: false
       Install file: /home/labuser/SmartBear/SoapUI-5.8.0/source/main/java/com/eviware/soapui/settings/CommonSettings.java; size: 909 bytes; exists: false
       Install file: /home/labuser/SmartBear/SoapUI-5.8.0/source/main/java/com/eviware/soapui/settings/GlobalPropertySettings.java; size: 1181 bytes; exists: false
       Install file: /home/labuser/SmartBear/SoapUI-5.8.0/source/main/java/com/eviware/soapui/settings/HttpSettings.java; size: 7295 bytes; exists: false
       Install file: /home/labuser/SmartBear/SoapUI-5.8.0/source/main/java/com/eviware/soapui/settings/LoadUISettings.java; size: 1600 bytes; exists: false
       Install file: /home/labuser/SmartBear/SoapUI-5.8.0/source/main/java/com/eviware/soapui/settings/ProjectSettings.java; size: 1686 bytes; exists: false
       Install file: /home/labuser/SmartBear/SoapUI-5.8.0/source/main/java/com/eviware/soapui/settings/ProxySettings.java; size: 2303 bytes; exists: false
       Install file: /home/labuser/SmartBear/SoapUI-5.8.0/source/main/java/com/eviware/soapui/settings/RecentAssertionSettings.java; size: 1127 bytes; exists: false
       Install file: /home/labuser/SmartBear/SoapUI-5.8.0/source/main/java/com/eviware/soapui/settings/SSLSettings.java; size: 3213 bytes; exists: false
       Install file: /home/labuser/SmartBear/SoapUI-5.8.0/source/main/java/com/eviware/soapui/settings/SecuritySettings.java; size: 1396 bytes; exists: false
       Install file: /home/labuser/SmartBear/SoapUI-5.8.0/source/main/java/com/eviware/soapui/settings/Setting.java; size: 1470 bytes; exists: false
       Install file: /home/labuser/SmartBear/SoapUI-5.8.0/source/main/java/com/eviware/soapui/settings/SettingHandler.java; size: 801 bytes; exists: false
       Install file: /home/labuser/SmartBear/SoapUI-5.8.0/source/main/java/com/eviware/soapui/settings/ToolLocator.java; size: 1151 bytes; exists: false
       Install file: /home/labuser/SmartBear/SoapUI-5.8.0/source/main/java/com/eviware/soapui/settings/ToolsSettings.java; size: 2827 bytes; exists: false
       Install file: /home/labuser/SmartBear/SoapUI-5.8.0/source/main/java/com/eviware/soapui/settings/ToolsSupport.java; size: 1238 bytes; exists: false
       Install file: /home/labuser/SmartBear/SoapUI-5.8.0/source/main/java/com/eviware/soapui/settings/UISettings.java; size: 7714 bytes; exists: false
       Install file: /home/labuser/SmartBear/SoapUI-5.8.0/source/main/java/com/eviware/soapui/settings/VersionUpdateSettings.java; size: 1247 bytes; exists: false
       Install file: /home/labuser/SmartBear/SoapUI-5.8.0/source/main/java/com/eviware/soapui/settings/WSISettings.java; size: 4064 bytes; exists: false
       Install file: /home/labuser/SmartBear/SoapUI-5.8.0/source/main/java/com/eviware/soapui/settings/WsaSettings.java; size: 2349 bytes; exists: false
       Install file: /home/labuser/SmartBear/SoapUI-5.8.0/source/main/java/com/eviware/soapui/settings/WsdlSettings.java; size: 5451 bytes; exists: false
       Install file: /home/labuser/SmartBear/SoapUI-5.8.0/source/main/java/com/eviware/soapui/settings/impl/SettingsToolLocatorImpl.java; size: 1778 bytes; exists: false
       Install file: /home/labuser/SmartBear/SoapUI-5.8.0/source/main/java/com/eviware/soapui/settings/impl/package.html; size: 174 bytes; exists: false
       Install file: /home/labuser/SmartBear/SoapUI-5.8.0/source/main/java/com/eviware/soapui/settings/package.html; size: 168 bytes; exists: false
       Install file: /home/labuser/SmartBear/SoapUI-5.8.0/source/main/java/com/eviware/soapui/support/AbstractEditorModel.java; size: 1525 bytes; exists: false
       Install file: /home/labuser/SmartBear/SoapUI-5.8.0/source/main/java/com/eviware/soapui/support/AbstractPropertyChangeNotifier.java; size: 3561 bytes; exists: false
       Install file: /home/labuser/SmartBear/SoapUI-5.8.0/source/main/java/com/eviware/soapui/support/ClassUtils.java; size: 2558 bytes; exists: false
       Install file: /home/labuser/SmartBear/SoapUI-5.8.0/source/main/java/com/eviware/soapui/support/ClasspathHacker.java; size: 3887 bytes; exists: false
       Install file: /home/labuser/SmartBear/SoapUI-5.8.0/source/main/java/com/eviware/soapui/support/ConsoleDialogs.java; size: 3269 bytes; exists: false
       Install file: /home/labuser/SmartBear/SoapUI-5.8.0/source/main/java/com/eviware/soapui/support/DateObjectSerializer.java; size: 1799 bytes; exists: false
       Install file: /home/labuser/SmartBear/SoapUI-5.8.0/source/main/java/com/eviware/soapui/support/DateUtil.java; size: 2474 bytes; exists: false
       Install file: /home/labuser/SmartBear/SoapUI-5.8.0/source/main/java/com/eviware/soapui/support/DefaultEditorFactory.java; size: 4244 bytes; exists: false
       Install file: /home/labuser/SmartBear/SoapUI-5.8.0/source/main/java/com/eviware/soapui/support/DefaultHyperlinkListener.java; size: 1461 bytes; exists: false
       Install file: /home/labuser/SmartBear/SoapUI-5.8.0/source/main/java/com/eviware/soapui/support/DescriptionPanel.java; size: 2696 bytes; exists: false
       Install file: /home/labuser/SmartBear/SoapUI-5.8.0/source/main/java/com/eviware/soapui/support/DocumentListenerAdapter.java; size: 1691 bytes; exists: false
       Install file: /home/labuser/SmartBear/SoapUI-5.8.0/source/main/java/com/eviware/soapui/support/EditorFactory.java; size: 1121 bytes; exists: false
       Install file: /home/labuser/SmartBear/SoapUI-5.8.0/source/main/java/com/eviware/soapui/support/EditorModel.java; size: 2386 bytes; exists: false
       Install file: /home/labuser/SmartBear/SoapUI-5.8.0/source/main/java/com/eviware/soapui/support/ExtensionFileFilter.java; size: 1486 bytes; exists: false
       Install file: /home/labuser/SmartBear/SoapUI-5.8.0/source/main/java/com/eviware/soapui/support/GroovyUtils.java; size: 6369 bytes; exists: false
       Install file: /home/labuser/SmartBear/SoapUI-5.8.0/source/main/java/com/eviware/soapui/support/HelpActionMarker.java; size: 904 bytes; exists: false
       Install file: /home/labuser/SmartBear/SoapUI-5.8.0/source/main/java/com/eviware/soapui/support/HermesJMSClasspathHacker.java; size: 1401 bytes; exists: false
       Install file: /home/labuser/SmartBear/SoapUI-5.8.0/source/main/java/com/eviware/soapui/support/JsonLineNumberMapper.java; size: 2972 bytes; exists: false
       Install file: /home/labuser/SmartBear/SoapUI-5.8.0/source/main/java/com/eviware/soapui/support/JsonPathFacade.java; size: 3526 bytes; exists: false
       Install file: /home/labuser/SmartBear/SoapUI-5.8.0/source/main/java/com/eviware/soapui/support/JsonUtil.java; size: 9662 bytes; exists: false
       Install file: /home/labuser/SmartBear/SoapUI-5.8.0/source/main/java/com/eviware/soapui/support/ListDataChangeListener.java; size: 1341 bytes; exists: false
       Install file: /home/labuser/SmartBear/SoapUI-5.8.0/source/main/java/com/eviware/soapui/support/ListDataListenerAdapter.java; size: 1221 bytes; exists: false
       Install file: /home/labuser/SmartBear/SoapUI-5.8.0/source/main/java/com/eviware/soapui/support/MediaTypeComboBox.java; size: 1597 bytes; exists: false
       Install file: /home/labuser/SmartBear/SoapUI-5.8.0/source/main/java/com/eviware/soapui/support/MessageSupport.java; size: 4719 bytes; exists: false
       Install file: /home/labuser/SmartBear/SoapUI-5.8.0/source/main/java/com/eviware/soapui/support/ModelItemNamer.java; size: 3282 bytes; exists: false
       Install file: /home/labuser/SmartBear/SoapUI-5.8.0/source/main/java/com/eviware/soapui/support/ModelItemPropertyEditorModel.java; size: 2359 bytes; exists: false
       Install file: /home/labuser/SmartBear/SoapUI-5.8.0/source/main/java/com/eviware/soapui/support/MutableValue.java; size: 2811 bytes; exists: false
       Install file: /home/labuser/SmartBear/SoapUI-5.8.0/source/main/java/com/eviware/soapui/support/NodeRange.java; size: 927 bytes; exists: false
       Install file: /home/labuser/SmartBear/SoapUI-5.8.0/source/main/java/com/eviware/soapui/support/NullPathNode.java; size: 1124 bytes; exists: false
       Install file: /home/labuser/SmartBear/SoapUI-5.8.0/source/main/java/com/eviware/soapui/support/NullProgressDialog.java; size: 1662 bytes; exists: false
       Install file: /home/labuser/SmartBear/SoapUI-5.8.0/source/main/java/com/eviware/soapui/support/PlainJavaJsonProvider.java; size: 4469 bytes; exists: false
       Install file: /home/labuser/SmartBear/SoapUI-5.8.0/source/main/java/com/eviware/soapui/support/PropertyChangeNotifier.java; size: 1310 bytes; exists: false
       Install file: /home/labuser/SmartBear/SoapUI-5.8.0/source/main/java/com/eviware/soapui/support/RegexDocumentFilter.java; size: 1544 bytes; exists: false
       Install file: /home/labuser/SmartBear/SoapUI-5.8.0/source/main/java/com/eviware/soapui/support/ScriptingSupport.java; size: 3399 bytes; exists: false
       Install file: /home/labuser/SmartBear/SoapUI-5.8.0/source/main/java/com/eviware/soapui/support/SecurityScanUtil.java; size: 10768 bytes; exists: false
       Install file: /home/labuser/SmartBear/SoapUI-5.8.0/source/main/java/com/eviware/soapui/support/SoapUIException.java; size: 1208 bytes; exists: false
       Install file: /home/labuser/SmartBear/SoapUI-5.8.0/source/main/java/com/eviware/soapui/support/SoapUIUrl.java; size: 834 bytes; exists: false
       Install file: /home/labuser/SmartBear/SoapUI-5.8.0/source/main/java/com/eviware/soapui/support/StringUtils.java; size: 13689 bytes; exists: false
       Install file: /home/labuser/SmartBear/SoapUI-5.8.0/source/main/java/com/eviware/soapui/support/TimeUtils.java; size: 941 bytes; exists: false
       Install file: /home/labuser/SmartBear/SoapUI-5.8.0/source/main/java/com/eviware/soapui/support/Tools.java; size: 22044 bytes; exists: false
       Install file: /home/labuser/SmartBear/SoapUI-5.8.0/source/main/java/com/eviware/soapui/support/UISupport.java; size: 36827 bytes; exists: false
       Install file: /home/labuser/SmartBear/SoapUI-5.8.0/source/main/java/com/eviware/soapui/support/UIUtils.java; size: 1003 bytes; exists: false
       Install file: /home/labuser/SmartBear/SoapUI-5.8.0/source/main/java/com/eviware/soapui/support/WeakPropertyChangeListener.java; size: 1890 bytes; exists: false
       Install file: /home/labuser/SmartBear/SoapUI-5.8.0/source/main/java/com/eviware/soapui/support/XmlHolder.java; size: 7590 bytes; exists: false
       Install file: /home/labuser/SmartBear/SoapUI-5.8.0/source/main/java/com/eviware/soapui/support/action/SoapUIAction.java; size: 1388 bytes; exists: false
       Install file: /home/labuser/SmartBear/SoapUI-5.8.0/source/main/java/com/eviware/soapui/support/action/SoapUIActionGroup.java; size: 1448 bytes; exists: false
       Install file: /home/labuser/SmartBear/SoapUI-5.8.0/source/main/java/com/eviware/soapui/support/action/SoapUIActionMapping.java; size: 1589 bytes; exists: false
       Install file: /home/labuser/SmartBear/SoapUI-5.8.0/source/main/java/com/eviware/soapui/support/action/SoapUIActionRegistry.java; size: 11352 bytes; exists: false
       Install file: /home/labuser/SmartBear/SoapUI-5.8.0/source/main/java/com/eviware/soapui/support/action/SoapUIMultiAction.java; size: 1043 bytes; exists: false
       Install file: /home/labuser/SmartBear/SoapUI-5.8.0/source/main/java/com/eviware/soapui/support/action/package.html; size: 169 bytes; exists: false
       Install file: /home/labuser/SmartBear/SoapUI-5.8.0/source/main/java/com/eviware/soapui/support/action/support/AbstractSoapUIAction.java; size: 3223 bytes; exists: false
       Install file: /home/labuser/SmartBear/SoapUI-5.8.0/source/main/java/com/eviware/soapui/support/action/support/AbstractSoapUIActionGroup.java; size: 1784 bytes; exists: false
       Install file: /home/labuser/SmartBear/SoapUI-5.8.0/source/main/java/com/eviware/soapui/support/action/support/AbstractSoapUIMultiAction.java; size: 3247 bytes; exists: false
       Install file: /home/labuser/SmartBear/SoapUI-5.8.0/source/main/java/com/eviware/soapui/support/action/support/DefaultActionMapping.java; size: 3684 bytes; exists: false
       Install file: /home/labuser/SmartBear/SoapUI-5.8.0/source/main/java/com/eviware/soapui/support/action/support/DefaultSoapUIActionGroup.java; size: 2109 bytes; exists: false
       Install file: /home/labuser/SmartBear/SoapUI-5.8.0/source/main/java/com/eviware/soapui/support/action/support/SoapUIActionMappingList.java; size: 1795 bytes; exists: false
       Install file: /home/labuser/SmartBear/SoapUI-5.8.0/source/main/java/com/eviware/soapui/support/action/support/StandaloneActionMapping.java; size: 3303 bytes; exists: false
       Install file: /home/labuser/SmartBear/SoapUI-5.8.0/source/main/java/com/eviware/soapui/support/action/support/WrapperSoapUIAction.java; size: 1517 bytes; exists: false
       Install file: /home/labuser/SmartBear/SoapUI-5.8.0/source/main/java/com/eviware/soapui/support/action/support/package.html; size: 192 bytes; exists: false
       Install file: /home/labuser/SmartBear/SoapUI-5.8.0/source/main/java/com/eviware/soapui/support/action/swing/ActionComponentFactory.java; size: 1054 bytes; exists: false
       Install file: /home/labuser/SmartBear/SoapUI-5.8.0/source/main/java/com/eviware/soapui/support/action/swing/ActionComponentRegistry.java; size: 1441 bytes; exists: false
       Install file: /home/labuser/SmartBear/SoapUI-5.8.0/source/main/java/com/eviware/soapui/support/action/swing/ActionList.java; size: 1647 bytes; exists: false
       Install file: /home/labuser/SmartBear/SoapUI-5.8.0/source/main/java/com/eviware/soapui/support/action/swing/ActionListBuilder.java; size: 7994 bytes; exists: false
       Install file: /home/labuser/SmartBear/SoapUI-5.8.0/source/main/java/com/eviware/soapui/support/action/swing/ActionSupport.java; size: 6334 bytes; exists: false
       Install file: /home/labuser/SmartBear/SoapUI-5.8.0/source/main/java/com/eviware/soapui/support/action/swing/DefaultActionList.java; size: 4335 bytes; exists: false
       Install file: /home/labuser/SmartBear/SoapUI-5.8.0/source/main/java/com/eviware/soapui/support/action/swing/JXSoapUIActionListToolBar.java; size: 3335 bytes; exists: false
       Install file: /home/labuser/SmartBear/SoapUI-5.8.0/source/main/java/com/eviware/soapui/support/action/swing/SoapUIActionMarker.java; size: 953 bytes; exists: false
       Install file: /home/labuser/SmartBear/SoapUI-5.8.0/source/main/java/com/eviware/soapui/support/action/swing/SwingActionDelegate.java; size: 6769 bytes; exists: false
       Install file: /home/labuser/SmartBear/SoapUI-5.8.0/source/main/java/com/eviware/soapui/support/action/swing/SwingMultiActionDelegate.java; size: 4054 bytes; exists: false
       Install file: /home/labuser/SmartBear/SoapUI-5.8.0/source/main/java/com/eviware/soapui/support/action/swing/package.html; size: 178 bytes; exists: false
       Install file: /home/labuser/SmartBear/SoapUI-5.8.0/source/main/java/com/eviware/soapui/support/actions/ChangeSplitPaneOrientationAction.java; size: 1863 bytes; exists: false
       Install file: /home/labuser/SmartBear/SoapUI-5.8.0/source/main/java/com/eviware/soapui/support/actions/FindAndReplaceDialog.java; size: 16987 bytes; exists: false
       Install file: /home/labuser/SmartBear/SoapUI-5.8.0/source/main/java/com/eviware/soapui/support/actions/FindAndReplaceable.java; size: 1307 bytes; exists: false
       Install file: /home/labuser/SmartBear/SoapUI-5.8.0/source/main/java/com/eviware/soapui/support/actions/MarkerAction.java; size: 806 bytes; exists: false
       Install file: /home/labuser/SmartBear/SoapUI-5.8.0/source/main/java/com/eviware/soapui/support/actions/package.html; size: 172 bytes; exists: false
       Install file: /home/labuser/SmartBear/SoapUI-5.8.0/source/main/java/com/eviware/soapui/support/components/ComponentTitleHighlightListener.java; size: 1043 bytes; exists: false
       Install file: /home/labuser/SmartBear/SoapUI-5.8.0/source/main/java/com/eviware/soapui/support/components/ComponentTitledBorder.java; size: 3394 bytes; exists: false
       Install file: /home/labuser/SmartBear/SoapUI-5.8.0/source/main/java/com/eviware/soapui/support/components/ConfigurationDialog.java; size: 1678 bytes; exists: false
       Install file: /home/labuser/SmartBear/SoapUI-5.8.0/source/main/java/com/eviware/soapui/support/components/DNDList.java; size: 6337 bytes; exists: false
       Install file: /home/labuser/SmartBear/SoapUI-5.8.0/source/main/java/com/eviware/soapui/support/components/DirectoryFormComponent.java; size: 2706 bytes; exists: false
       Install file: /home/labuser/SmartBear/SoapUI-5.8.0/source/main/java/com/eviware/soapui/support/components/DisabledWebViewBasedBrowserComponent.java; size: 2467 bytes; exists: false
       Install file: /home/labuser/SmartBear/SoapUI-5.8.0/source/main/java/com/eviware/soapui/support/components/EnabledWebViewBasedBrowserComponent.java; size: 20470 bytes; exists: false
       Install file: /home/labuser/SmartBear/SoapUI-5.8.0/source/main/java/com/eviware/soapui/support/components/FileFormComponent.java; size: 2736 bytes; exists: false
       Install file: /home/labuser/SmartBear/SoapUI-5.8.0/source/main/java/com/eviware/soapui/support/components/FileListFormComponent.java; size: 3864 bytes; exists: false
       Install file: /home/labuser/SmartBear/SoapUI-5.8.0/source/main/java/com/eviware/soapui/support/components/GroovyEditorComponent.java; size: 5958 bytes; exists: false
       Install file: /home/labuser/SmartBear/SoapUI-5.8.0/source/main/java/com/eviware/soapui/support/components/GroovyEditorInspector.java; size: 1140 bytes; exists: false
       Install file: /home/labuser/SmartBear/SoapUI-5.8.0/source/main/java/com/eviware/soapui/support/components/HyperlinkLabelMouseAdapter.java; size: 1508 bytes; exists: false
       Install file: /home/labuser/SmartBear/SoapUI-5.8.0/source/main/java/com/eviware/soapui/support/components/Inspector.java; size: 1850 bytes; exists: false
       Install file: /home/labuser/SmartBear/SoapUI-5.8.0/source/main/java/com/eviware/soapui/support/components/JButtonBar.java; size: 2657 bytes; exists: false
       Install file: /home/labuser/SmartBear/SoapUI-5.8.0/source/main/java/com/eviware/soapui/support/components/JCollapsiblePanel.java; size: 5112 bytes; exists: false
       Install file: /home/labuser/SmartBear/SoapUI-5.8.0/source/main/java/com/eviware/soapui/support/components/JCollapsibleTablePanel.java; size: 1820 bytes; exists: false
       Install file: /home/labuser/SmartBear/SoapUI-5.8.0/source/main/java/com/eviware/soapui/support/components/JComponentInspector.java; size: 3736 bytes; exists: false
       Install file: /home/labuser/SmartBear/SoapUI-5.8.0/source/main/java/com/eviware/soapui/support/components/JDebugPropertiesTable.java; size: 9236 bytes; exists: false
       Install file: /home/labuser/SmartBear/SoapUI-5.8.0/source/main/java/com/eviware/soapui/support/components/JEditorStatusBar.java; size: 4548 bytes; exists: false
       Install file: /home/labuser/SmartBear/SoapUI-5.8.0/source/main/java/com/eviware/soapui/support/components/JEditorStatusBarWithProgress.java; size: 1865 bytes; exists: false
       Install file: /home/labuser/SmartBear/SoapUI-5.8.0/source/main/java/com/eviware/soapui/support/components/JFocusableComponentInspector.java; size: 3923 bytes; exists: false
       Install file: /home/labuser/SmartBear/SoapUI-5.8.0/source/main/java/com/eviware/soapui/support/components/JFormComponent.java; size: 869 bytes; exists: false
       Install file: /home/labuser/SmartBear/SoapUI-5.8.0/source/main/java/com/eviware/soapui/support/components/JFriendlyTextField.java; size: 5753 bytes; exists: false
       Install file: /home/labuser/SmartBear/SoapUI-5.8.0/source/main/java/com/eviware/soapui/support/components/JHyperlinkLabel.java; size: 2277 bytes; exists: false
       Install file: /home/labuser/SmartBear/SoapUI-5.8.0/source/main/java/com/eviware/soapui/support/components/JInspectorPanel.java; size: 1664 bytes; exists: false
       Install file: /home/labuser/SmartBear/SoapUI-5.8.0/source/main/java/com/eviware/soapui/support/components/JInspectorPanelFactory.java; size: 1653 bytes; exists: false
       Install file: /home/labuser/SmartBear/SoapUI-5.8.0/source/main/java/com/eviware/soapui/support/components/JInspectorPanelImpl.java; size: 14325 bytes; exists: false
       Install file: /home/labuser/SmartBear/SoapUI-5.8.0/source/main/java/com/eviware/soapui/support/components/JPropertiesTable.java; size: 17992 bytes; exists: false
       Install file: /home/labuser/SmartBear/SoapUI-5.8.0/source/main/java/com/eviware/soapui/support/components/JUndoableFormattedTextField.java; size: 5236 bytes; exists: false
       Install file: /home/labuser/SmartBear/SoapUI-5.8.0/source/main/java/com/eviware/soapui/support/components/JUndoableTextArea.java; size: 6254 bytes; exists: false
       Install file: /home/labuser/SmartBear/SoapUI-5.8.0/source/main/java/com/eviware/soapui/support/components/JUndoableTextField.java; size: 5392 bytes; exists: false
       Install file: /home/labuser/SmartBear/SoapUI-5.8.0/source/main/java/com/eviware/soapui/support/components/JXToolBar.java; size: 3364 bytes; exists: false
       Install file: /home/labuser/SmartBear/SoapUI-5.8.0/source/main/java/com/eviware/soapui/support/components/MetricsPanel.java; size: 9054 bytes; exists: false
       Install file: /home/labuser/SmartBear/SoapUI-5.8.0/source/main/java/com/eviware/soapui/support/components/ModelItemListDesktopPanel.java; size: 10238 bytes; exists: false
       Install file: /home/labuser/SmartBear/SoapUI-5.8.0/source/main/java/com/eviware/soapui/support/components/PagePropertyMapper.java; size: 142 bytes; exists: false
       Install file: /home/labuser/SmartBear/SoapUI-5.8.0/source/main/java/com/eviware/soapui/support/components/PreviewCorner.java; size: 13544 bytes; exists: false
       Install file: /home/labuser/SmartBear/SoapUI-5.8.0/source/main/java/com/eviware/soapui/support/components/ProgressDialog.java; size: 4717 bytes; exists: false
       Install file: /home/labuser/SmartBear/SoapUI-5.8.0/source/main/java/com/eviware/soapui/support/components/PropertyComponent.java; size: 1668 bytes; exists: false
       Install file: /home/labuser/SmartBear/SoapUI-5.8.0/source/main/java/com/eviware/soapui/support/components/ShowPopupAction.java; size: 1503 bytes; exists: false
       Install file: /home/labuser/SmartBear/SoapUI-5.8.0/source/main/java/com/eviware/soapui/support/components/SimpleBindingForm.java; size: 6363 bytes; exists: false
       Install file: /home/labuser/SmartBear/SoapUI-5.8.0/source/main/java/com/eviware/soapui/support/components/SimpleForm.java; size: 26272 bytes; exists: false
       Install file: /home/labuser/SmartBear/SoapUI-5.8.0/source/main/java/com/eviware/soapui/support/components/StringListFormComponent.java; size: 7300 bytes; exists: false
       Install file: /home/labuser/SmartBear/SoapUI-5.8.0/source/main/java/com/eviware/soapui/support/components/SwingConfigurationDialogImpl.java; size: 7057 bytes; exists: false
       Install file: /home/labuser/SmartBear/SoapUI-5.8.0/source/main/java/com/eviware/soapui/support/components/TestStepComboBoxModel.java; size: 4555 bytes; exists: false
       Install file: /home/labuser/SmartBear/SoapUI-5.8.0/source/main/java/com/eviware/soapui/support/components/TestStepPropertyComboBoxModel.java; size: 4487 bytes; exists: false
       Install file: /home/labuser/SmartBear/SoapUI-5.8.0/source/main/java/com/eviware/soapui/support/components/Undoable.java; size: 921 bytes; exists: false
       Install file: /home/labuser/SmartBear/SoapUI-5.8.0/source/main/java/com/eviware/soapui/support/components/VTextIcon.java; size: 14205 bytes; exists: false
       Install file: /home/labuser/SmartBear/SoapUI-5.8.0/source/main/java/com/eviware/soapui/support/components/VerticalMetalTabbedPaneUI.java; size: 1336 bytes; exists: false
       Install file: /home/labuser/SmartBear/SoapUI-5.8.0/source/main/java/com/eviware/soapui/support/components/VerticalWindowsTabbedPaneUI.java; size: 1327 bytes; exists: false
       Install file: /home/labuser/SmartBear/SoapUI-5.8.0/source/main/java/com/eviware/soapui/support/components/WebViewBasedBrowserComponent.java; size: 2085 bytes; exists: false
       Install file: /home/labuser/SmartBear/SoapUI-5.8.0/source/main/java/com/eviware/soapui/support/components/WebViewBasedBrowserComponentFactory.java; size: 1696 bytes; exists: false
       Install file: /home/labuser/SmartBear/SoapUI-5.8.0/source/main/java/com/eviware/soapui/support/components/WebViewNavigationBar.java; size: 8564 bytes; exists: false
       Install file: /home/labuser/SmartBear/SoapUI-5.8.0/source/main/java/com/eviware/soapui/support/components/package.html; size: 166 bytes; exists: false
       Install file: /home/labuser/SmartBear/SoapUI-5.8.0/source/main/java/com/eviware/soapui/support/dnd/AbstractSoapUIDropTarget.java; size: 3624 bytes; exists: false
       Install file: /home/labuser/SmartBear/SoapUI-5.8.0/source/main/java/com/eviware/soapui/support/dnd/DropType.java; size: 1017 bytes; exists: false
       Install file: /home/labuser/SmartBear/SoapUI-5.8.0/source/main/java/com/eviware/soapui/support/dnd/JListDragAndDropable.java; size: 2195 bytes; exists: false
       Install file: /home/labuser/SmartBear/SoapUI-5.8.0/source/main/java/com/eviware/soapui/support/dnd/JTableTestPropertyDropTarget.java; size: 5180 bytes; exists: false
       Install file: /home/labuser/SmartBear/SoapUI-5.8.0/source/main/java/com/eviware/soapui/support/dnd/JTreeDragAndDropable.java; size: 2512 bytes; exists: false
       Install file: /home/labuser/SmartBear/SoapUI-5.8.0/source/main/java/com/eviware/soapui/support/dnd/ModelItemDropHandler.java; size: 1070 bytes; exists: false
       Install file: /home/labuser/SmartBear/SoapUI-5.8.0/source/main/java/com/eviware/soapui/support/dnd/ModelItemTransferable.java; size: 2150 bytes; exists: false
       Install file: /home/labuser/SmartBear/SoapUI-5.8.0/source/main/java/com/eviware/soapui/support/dnd/NavigatorDragAndDropable.java; size: 2333 bytes; exists: false
       Install file: /home/labuser/SmartBear/SoapUI-5.8.0/source/main/java/com/eviware/soapui/support/dnd/SoapUIDragAndDropHandler.java; size: 21591 bytes; exists: false
       Install file: /home/labuser/SmartBear/SoapUI-5.8.0/source/main/java/com/eviware/soapui/support/dnd/SoapUIDragAndDropable.java; size: 1250 bytes; exists: false
       Install file: /home/labuser/SmartBear/SoapUI-5.8.0/source/main/java/com/eviware/soapui/support/dnd/handlers/AbstractAfterModelItemDropHandler.java; size: 2273 bytes; exists: false
       Install file: /home/labuser/SmartBear/SoapUI-5.8.0/source/main/java/com/eviware/soapui/support/dnd/handlers/AbstractBeforeAfterModelItemDropHandler.java; size: 1699 bytes; exists: false
       Install file: /home/labuser/SmartBear/SoapUI-5.8.0/source/main/java/com/eviware/soapui/support/dnd/handlers/AbstractBeforeModelItemDropHandler.java; size: 2269 bytes; exists: false
       Install file: /home/labuser/SmartBear/SoapUI-5.8.0/source/main/java/com/eviware/soapui/support/dnd/handlers/AbstractCopyingModelItemDropHandler.java; size: 2716 bytes; exists: false
       Install file: /home/labuser/SmartBear/SoapUI-5.8.0/source/main/java/com/eviware/soapui/support/dnd/handlers/AbstractModelItemDropHandler.java; size: 7782 bytes; exists: false
       Install file: /home/labuser/SmartBear/SoapUI-5.8.0/source/main/java/com/eviware/soapui/support/dnd/handlers/DragAndDropSupport.java; size: 5072 bytes; exists: false
       Install file: /home/labuser/SmartBear/SoapUI-5.8.0/source/main/java/com/eviware/soapui/support/dnd/handlers/InterfaceToProjectDropHandler.java; size: 4585 bytes; exists: false
       Install file: /home/labuser/SmartBear/SoapUI-5.8.0/source/main/java/com/eviware/soapui/support/dnd/handlers/MockResponseToTestCaseDropHandler.java; size: 2576 bytes; exists: false
       Install file: /home/labuser/SmartBear/SoapUI-5.8.0/source/main/java/com/eviware/soapui/support/dnd/handlers/MockResponseToTestStepDropHandler.java; size: 2689 bytes; exists: false
       Install file: /home/labuser/SmartBear/SoapUI-5.8.0/source/main/java/com/eviware/soapui/support/dnd/handlers/MockResponseToTestStepsDropHandler.java; size: 2732 bytes; exists: false
       Install file: /home/labuser/SmartBear/SoapUI-5.8.0/source/main/java/com/eviware/soapui/support/dnd/handlers/MockServiceToProjectDropHandler.java; size: 3532 bytes; exists: false
       Install file: /home/labuser/SmartBear/SoapUI-5.8.0/source/main/java/com/eviware/soapui/support/dnd/handlers/OperationToMockServiceDropHandler.java; size: 2534 bytes; exists: false
       Install file: /home/labuser/SmartBear/SoapUI-5.8.0/source/main/java/com/eviware/soapui/support/dnd/handlers/RequestToMockOperationDropHandler.java; size: 2867 bytes; exists: false
       Install file: /home/labuser/SmartBear/SoapUI-5.8.0/source/main/java/com/eviware/soapui/support/dnd/handlers/RequestToTestCaseDropHandler.java; size: 2691 bytes; exists: false
       Install file: /home/labuser/SmartBear/SoapUI-5.8.0/source/main/java/com/eviware/soapui/support/dnd/handlers/RequestToTestStepDropHandler.java; size: 2828 bytes; exists: false
       Install file: /home/labuser/SmartBear/SoapUI-5.8.0/source/main/java/com/eviware/soapui/support/dnd/handlers/RequestToTestStepsDropHandler.java; size: 2924 bytes; exists: false
       Install file: /home/labuser/SmartBear/SoapUI-5.8.0/source/main/java/com/eviware/soapui/support/dnd/handlers/TestCaseToProjectDropHandler.java; size: 4483 bytes; exists: false
       Install file: /home/labuser/SmartBear/SoapUI-5.8.0/source/main/java/com/eviware/soapui/support/dnd/handlers/TestCaseToTestCaseDropHandler.java; size: 3993 bytes; exists: false
       Install file: /home/labuser/SmartBear/SoapUI-5.8.0/source/main/java/com/eviware/soapui/support/dnd/handlers/TestCaseToTestSuiteDropHandler.java; size: 5988 bytes; exists: false
       Install file: /home/labuser/SmartBear/SoapUI-5.8.0/source/main/java/com/eviware/soapui/support/dnd/handlers/TestStepToTestCaseDropHandler.java; size: 3234 bytes; exists: false
       Install file: /home/labuser/SmartBear/SoapUI-5.8.0/source/main/java/com/eviware/soapui/support/dnd/handlers/TestStepToTestStepDropHandler.java; size: 3658 bytes; exists: false
       Install file: /home/labuser/SmartBear/SoapUI-5.8.0/source/main/java/com/eviware/soapui/support/dnd/handlers/TestStepToTestStepsDropHandler.java; size: 2565 bytes; exists: false
       Install file: /home/labuser/SmartBear/SoapUI-5.8.0/source/main/java/com/eviware/soapui/support/dnd/handlers/TestSuiteToProjectDropHandler.java; size: 3280 bytes; exists: false
       Install file: /home/labuser/SmartBear/SoapUI-5.8.0/source/main/java/com/eviware/soapui/support/dnd/handlers/TestSuiteToTestSuiteDropHandler.java; size: 7079 bytes; exists: false
       Install file: /home/labuser/SmartBear/SoapUI-5.8.0/source/main/java/com/eviware/soapui/support/editor/Editor.java; size: 10701 bytes; exists: false
       Install file: /home/labuser/SmartBear/SoapUI-5.8.0/source/main/java/com/eviware/soapui/support/editor/EditorDocument.java; size: 1348 bytes; exists: false
       Install file: /home/labuser/SmartBear/SoapUI-5.8.0/source/main/java/com/eviware/soapui/support/editor/EditorInspector.java; size: 1212 bytes; exists: false
       Install file: /home/labuser/SmartBear/SoapUI-5.8.0/source/main/java/com/eviware/soapui/support/editor/EditorLocation.java; size: 889 bytes; exists: false
       Install file: /home/labuser/SmartBear/SoapUI-5.8.0/source/main/java/com/eviware/soapui/support/editor/EditorLocationListener.java; size: 974 bytes; exists: false
       Install file: /home/labuser/SmartBear/SoapUI-5.8.0/source/main/java/com/eviware/soapui/support/editor/EditorView.java; size: 2233 bytes; exists: false
       Install file: /home/labuser/SmartBear/SoapUI-5.8.0/source/main/java/com/eviware/soapui/support/editor/inspectors/AbstractXmlInspector.java; size: 5207 bytes; exists: false
       Install file: /home/labuser/SmartBear/SoapUI-5.8.0/source/main/java/com/eviware/soapui/support/editor/inspectors/amfheader/AMFHeadersInspector.java; size: 7376 bytes; exists: false
       Install file: /home/labuser/SmartBear/SoapUI-5.8.0/source/main/java/com/eviware/soapui/support/editor/inspectors/amfheader/AMFHeadersInspectorFactory.java; size: 6910 bytes; exists: false
       Install file: /home/labuser/SmartBear/SoapUI-5.8.0/source/main/java/com/eviware/soapui/support/editor/inspectors/amfheader/AMFHeadersInspectorModel.java; size: 3316 bytes; exists: false
       Install file: /home/labuser/SmartBear/SoapUI-5.8.0/source/main/java/com/eviware/soapui/support/editor/inspectors/attachments/AttachmentTableModel.java; size: 1110 bytes; exists: false
       Install file: /home/labuser/SmartBear/SoapUI-5.8.0/source/main/java/com/eviware/soapui/support/editor/inspectors/attachments/AttachmentsInspector.java; size: 2446 bytes; exists: false
       Install file: /home/labuser/SmartBear/SoapUI-5.8.0/source/main/java/com/eviware/soapui/support/editor/inspectors/attachments/AttachmentsInspectorFactory.java; size: 13173 bytes; exists: false
       Install file: /home/labuser/SmartBear/SoapUI-5.8.0/source/main/java/com/eviware/soapui/support/editor/inspectors/attachments/AttachmentsPanel.java; size: 16831 bytes; exists: false
       Install file: /home/labuser/SmartBear/SoapUI-5.8.0/source/main/java/com/eviware/soapui/support/editor/inspectors/attachments/AttachmentsTableModel.java; size: 6370 bytes; exists: false
       Install file: /home/labuser/SmartBear/SoapUI-5.8.0/source/main/java/com/eviware/soapui/support/editor/inspectors/attachments/ContentTypeHandler.java; size: 16682 bytes; exists: false
       Install file: /home/labuser/SmartBear/SoapUI-5.8.0/source/main/java/com/eviware/soapui/support/editor/inspectors/attachments/FileTransferHandler.java; size: 2873 bytes; exists: false
       Install file: /home/labuser/SmartBear/SoapUI-5.8.0/source/main/java/com/eviware/soapui/support/editor/inspectors/attachments/package.html; size: 177 bytes; exists: false
       Install file: /home/labuser/SmartBear/SoapUI-5.8.0/source/main/java/com/eviware/soapui/support/editor/inspectors/auth/AbstractAuthenticationForm.java; size: 2658 bytes; exists: false
       Install file: /home/labuser/SmartBear/SoapUI-5.8.0/source/main/java/com/eviware/soapui/support/editor/inspectors/auth/AuthInspectorFactory.java; size: 1637 bytes; exists: false
       Install file: /home/labuser/SmartBear/SoapUI-5.8.0/source/main/java/com/eviware/soapui/support/editor/inspectors/auth/AuthorizationSelectionDialog.java; size: 10026 bytes; exists: false
       Install file: /home/labuser/SmartBear/SoapUI-5.8.0/source/main/java/com/eviware/soapui/support/editor/inspectors/auth/BasicAuthenticationForm.java; size: 4769 bytes; exists: false
       Install file: /home/labuser/SmartBear/SoapUI-5.8.0/source/main/java/com/eviware/soapui/support/editor/inspectors/auth/ExpirationTimeChooser.java; size: 7181 bytes; exists: false
       Install file: /home/labuser/SmartBear/SoapUI-5.8.0/source/main/java/com/eviware/soapui/support/editor/inspectors/auth/OAuth1AdvancedOptionsDialog.java; size: 2060 bytes; exists: false
       Install file: /home/labuser/SmartBear/SoapUI-5.8.0/source/main/java/com/eviware/soapui/support/editor/inspectors/auth/OAuth1Form.java; size: 19157 bytes; exists: false
       Install file: /home/labuser/SmartBear/SoapUI-5.8.0/source/main/java/com/eviware/soapui/support/editor/inspectors/auth/OAuth1GetTokenForm.java; size: 10013 bytes; exists: false
       Install file: /home/labuser/SmartBear/SoapUI-5.8.0/source/main/java/com/eviware/soapui/support/editor/inspectors/auth/OAuth1TokenStatusChangeListener.java; size: 487 bytes; exists: false
       Install file: /home/labuser/SmartBear/SoapUI-5.8.0/source/main/java/com/eviware/soapui/support/editor/inspectors/auth/OAuth1TokenStatusChangeManager.java; size: 2012 bytes; exists: false
       Install file: /home/labuser/SmartBear/SoapUI-5.8.0/source/main/java/com/eviware/soapui/support/editor/inspectors/auth/OAuth2AccessTokenStatusChangeListener.java; size: 1221 bytes; exists: false
       Install file: /home/labuser/SmartBear/SoapUI-5.8.0/source/main/java/com/eviware/soapui/support/editor/inspectors/auth/OAuth2AccessTokenStatusChangeManager.java; size: 2409 bytes; exists: false
       Install file: /home/labuser/SmartBear/SoapUI-5.8.0/source/main/java/com/eviware/soapui/support/editor/inspectors/auth/OAuth2AdvancedOptionsDialog.java; size: 5509 bytes; exists: false
       Install file: /home/labuser/SmartBear/SoapUI-5.8.0/source/main/java/com/eviware/soapui/support/editor/inspectors/auth/OAuth2Form.java; size: 18804 bytes; exists: false
       Install file: /home/labuser/SmartBear/SoapUI-5.8.0/source/main/java/com/eviware/soapui/support/editor/inspectors/auth/OAuth2GetAccessTokenForm.java; size: 15264 bytes; exists: false
       Install file: /home/labuser/SmartBear/SoapUI-5.8.0/source/main/java/com/eviware/soapui/support/editor/inspectors/auth/OAuth2ScriptsDesktopPanel.java; size: 1702 bytes; exists: false
       Install file: /home/labuser/SmartBear/SoapUI-5.8.0/source/main/java/com/eviware/soapui/support/editor/inspectors/auth/OAuth2ScriptsEditor.java; size: 16429 bytes; exists: false
       Install file: /home/labuser/SmartBear/SoapUI-5.8.0/source/main/java/com/eviware/soapui/support/editor/inspectors/auth/ProfileSelectionForm.java; size: 24618 bytes; exists: false
       Install file: /home/labuser/SmartBear/SoapUI-5.8.0/source/main/java/com/eviware/soapui/support/editor/inspectors/auth/WSSAuthenticationForm.java; size: 2363 bytes; exists: false
       Install file: /home/labuser/SmartBear/SoapUI-5.8.0/source/main/java/com/eviware/soapui/support/editor/inspectors/httpheaders/HttpHeadersInspector.java; size: 7571 bytes; exists: false
       Install file: /home/labuser/SmartBear/SoapUI-5.8.0/source/main/java/com/eviware/soapui/support/editor/inspectors/httpheaders/HttpHeadersInspectorFactory.java; size: 14171 bytes; exists: false
       Install file: /home/labuser/SmartBear/SoapUI-5.8.0/source/main/java/com/eviware/soapui/support/editor/inspectors/httpheaders/HttpHeadersInspectorModel.java; size: 3324 bytes; exists: false
       Install file: /home/labuser/SmartBear/SoapUI-5.8.0/source/main/java/com/eviware/soapui/support/editor/inspectors/httpheaders/MockResponseHeadersModel.java; size: 1699 bytes; exists: false
       Install file: /home/labuser/SmartBear/SoapUI-5.8.0/source/main/java/com/eviware/soapui/support/editor/inspectors/jms/header/AbstractJMSHeaderInspector.java; size: 2722 bytes; exists: false
       Install file: /home/labuser/SmartBear/SoapUI-5.8.0/source/main/java/com/eviware/soapui/support/editor/inspectors/jms/header/JMSHeaderInspectorFactory.java; size: 2015 bytes; exists: false
       Install file: /home/labuser/SmartBear/SoapUI-5.8.0/source/main/java/com/eviware/soapui/support/editor/inspectors/jms/header/RequestJMSHeaderInspector.java; size: 4289 bytes; exists: false
       Install file: /home/labuser/SmartBear/SoapUI-5.8.0/source/main/java/com/eviware/soapui/support/editor/inspectors/jms/property/JMSHeaderAndPropertyInspector.java; size: 3965 bytes; exists: false
       Install file: /home/labuser/SmartBear/SoapUI-5.8.0/source/main/java/com/eviware/soapui/support/editor/inspectors/jms/property/JMSHeaderAndPropertyInspectorFactory.java; size: 8475 bytes; exists: false
       Install file: /home/labuser/SmartBear/SoapUI-5.8.0/source/main/java/com/eviware/soapui/support/editor/inspectors/jms/property/JMSHeaderAndPropertyInspectorModel.java; size: 3269 bytes; exists: false
       Install file: /home/labuser/SmartBear/SoapUI-5.8.0/source/main/java/com/eviware/soapui/support/editor/inspectors/jms/property/JMSPropertyInspector.java; size: 7406 bytes; exists: false
       Install file: /home/labuser/SmartBear/SoapUI-5.8.0/source/main/java/com/eviware/soapui/support/editor/inspectors/jms/property/JMSPropertyInspectorFactory.java; size: 4813 bytes; exists: false
       Install file: /home/labuser/SmartBear/SoapUI-5.8.0/source/main/java/com/eviware/soapui/support/editor/inspectors/jms/property/JMSPropertyInspectorModel.java; size: 3203 bytes; exists: false
       Install file: /home/labuser/SmartBear/SoapUI-5.8.0/source/main/java/com/eviware/soapui/support/editor/inspectors/package.html; size: 179 bytes; exists: false
       Install file: /home/labuser/SmartBear/SoapUI-5.8.0/source/main/java/com/eviware/soapui/support/editor/inspectors/script/MockResponseScriptInspector.java; size: 6750 bytes; exists: false
       Install file: /home/labuser/SmartBear/SoapUI-5.8.0/source/main/java/com/eviware/soapui/support/editor/inspectors/script/ScriptInspectorFactory.java; size: 1550 bytes; exists: false
       Install file: /home/labuser/SmartBear/SoapUI-5.8.0/source/main/java/com/eviware/soapui/support/editor/inspectors/ssl/ResponseSSLInspector.java; size: 5454 bytes; exists: false
       Install file: /home/labuser/SmartBear/SoapUI-5.8.0/source/main/java/com/eviware/soapui/support/editor/inspectors/ssl/SSLInspectorFactory.java; size: 1647 bytes; exists: false
       Install file: /home/labuser/SmartBear/SoapUI-5.8.0/source/main/java/com/eviware/soapui/support/editor/inspectors/wsa/AbstractWsaInspector.java; size: 2641 bytes; exists: false
       Install file: /home/labuser/SmartBear/SoapUI-5.8.0/source/main/java/com/eviware/soapui/support/editor/inspectors/wsa/WsaInspectorFactory.java; size: 1976 bytes; exists: false
       Install file: /home/labuser/SmartBear/SoapUI-5.8.0/source/main/java/com/eviware/soapui/support/editor/inspectors/wsa/WsdlMockresponseWsaInspector.java; size: 5302 bytes; exists: false
       Install file: /home/labuser/SmartBear/SoapUI-5.8.0/source/main/java/com/eviware/soapui/support/editor/inspectors/wsa/WsdlRequestWsaInspector.java; size: 5417 bytes; exists: false
       Install file: /home/labuser/SmartBear/SoapUI-5.8.0/source/main/java/com/eviware/soapui/support/editor/inspectors/wsrm/AbstractWsrmInspector.java; size: 2666 bytes; exists: false
       Install file: /home/labuser/SmartBear/SoapUI-5.8.0/source/main/java/com/eviware/soapui/support/editor/inspectors/wsrm/WsdlRequestWsrmInspector.java; size: 6644 bytes; exists: false
       Install file: /home/labuser/SmartBear/SoapUI-5.8.0/source/main/java/com/eviware/soapui/support/editor/inspectors/wsrm/WsdlRequestWsrmPiggybackInspector.java; size: 3759 bytes; exists: false
       Install file: /home/labuser/SmartBear/SoapUI-5.8.0/source/main/java/com/eviware/soapui/support/editor/inspectors/wsrm/WsrmInspectorFactory.java; size: 1537 bytes; exists: false
       Install file: /home/labuser/SmartBear/SoapUI-5.8.0/source/main/java/com/eviware/soapui/support/editor/inspectors/wsrm/WsrmPiggybackInspectorFactory.java; size: 1567 bytes; exists: false
       Install file: /home/labuser/SmartBear/SoapUI-5.8.0/source/main/java/com/eviware/soapui/support/editor/inspectors/wss/AbstractWssInspector.java; size: 3157 bytes; exists: false
       Install file: /home/labuser/SmartBear/SoapUI-5.8.0/source/main/java/com/eviware/soapui/support/editor/inspectors/wss/WssInspectorFactory.java; size: 6265 bytes; exists: false
       Install file: /home/labuser/SmartBear/SoapUI-5.8.0/source/main/java/com/eviware/soapui/support/editor/package.html; size: 186 bytes; exists: false
       Install file: /home/labuser/SmartBear/SoapUI-5.8.0/source/main/java/com/eviware/soapui/support/editor/registry/EditorViewFactory.java; size: 953 bytes; exists: false
       Install file: /home/labuser/SmartBear/SoapUI-5.8.0/source/main/java/com/eviware/soapui/support/editor/registry/EditorViewFactoryRegistry.java; size: 4042 bytes; exists: false
       Install file: /home/labuser/SmartBear/SoapUI-5.8.0/source/main/java/com/eviware/soapui/support/editor/registry/InspectorFactory.java; size: 936 bytes; exists: false
       Install file: /home/labuser/SmartBear/SoapUI-5.8.0/source/main/java/com/eviware/soapui/support/editor/registry/InspectorRegistry.java; size: 3141 bytes; exists: false
       Install file: /home/labuser/SmartBear/SoapUI-5.8.0/source/main/java/com/eviware/soapui/support/editor/registry/RequestEditorViewFactory.java; size: 1163 bytes; exists: false
       Install file: /home/labuser/SmartBear/SoapUI-5.8.0/source/main/java/com/eviware/soapui/support/editor/registry/RequestInspectorFactory.java; size: 1168 bytes; exists: false
       Install file: /home/labuser/SmartBear/SoapUI-5.8.0/source/main/java/com/eviware/soapui/support/editor/registry/RequestMessageEditor.java; size: 2535 bytes; exists: false
       Install file: /home/labuser/SmartBear/SoapUI-5.8.0/source/main/java/com/eviware/soapui/support/editor/registry/ResponseEditorViewFactory.java; size: 1165 bytes; exists: false
       Install file: /home/labuser/SmartBear/SoapUI-5.8.0/source/main/java/com/eviware/soapui/support/editor/registry/ResponseInspectorFactory.java; size: 1171 bytes; exists: false
       Install file: /home/labuser/SmartBear/SoapUI-5.8.0/source/main/java/com/eviware/soapui/support/editor/registry/ResponseMessageEditor.java; size: 2545 bytes; exists: false
       Install file: /home/labuser/SmartBear/SoapUI-5.8.0/source/main/java/com/eviware/soapui/support/editor/support/AbstractEditorView.java; size: 4956 bytes; exists: false
       Install file: /home/labuser/SmartBear/SoapUI-5.8.0/source/main/java/com/eviware/soapui/support/editor/views/AbstractXmlEditorView.java; size: 6530 bytes; exists: false
       Install file: /home/labuser/SmartBear/SoapUI-5.8.0/source/main/java/com/eviware/soapui/support/editor/views/package.html; size: 172 bytes; exists: false
       Install file: /home/labuser/SmartBear/SoapUI-5.8.0/source/main/java/com/eviware/soapui/support/editor/views/xml/raw/RawXmlEditor.java; size: 2497 bytes; exists: false
       Install file: /home/labuser/SmartBear/SoapUI-5.8.0/source/main/java/com/eviware/soapui/support/editor/views/xml/raw/RawXmlEditorFactory.java; size: 14755 bytes; exists: false
       Install file: /home/labuser/SmartBear/SoapUI-5.8.0/source/main/java/com/eviware/soapui/support/editor/views/xml/source/XmlSourceEditorView.java; size: 31198 bytes; exists: false
       Install file: /home/labuser/SmartBear/SoapUI-5.8.0/source/main/java/com/eviware/soapui/support/editor/views/xml/source/XmlSourceEditorViewFactory.java; size: 16529 bytes; exists: false
       Install file: /home/labuser/SmartBear/SoapUI-5.8.0/source/main/java/com/eviware/soapui/support/editor/views/xml/source/package.html; size: 173 bytes; exists: false
       Install file: /home/labuser/SmartBear/SoapUI-5.8.0/source/main/java/com/eviware/soapui/support/editor/xml/XmlDocument.java; size: 1059 bytes; exists: false
       Install file: /home/labuser/SmartBear/SoapUI-5.8.0/source/main/java/com/eviware/soapui/support/editor/xml/XmlEditor.java; size: 1487 bytes; exists: false
       Install file: /home/labuser/SmartBear/SoapUI-5.8.0/source/main/java/com/eviware/soapui/support/editor/xml/XmlEditorView.java; size: 1056 bytes; exists: false
       Install file: /home/labuser/SmartBear/SoapUI-5.8.0/source/main/java/com/eviware/soapui/support/editor/xml/XmlInspector.java; size: 1418 bytes; exists: false
       Install file: /home/labuser/SmartBear/SoapUI-5.8.0/source/main/java/com/eviware/soapui/support/editor/xml/XmlLocation.java; size: 2426 bytes; exists: false
       Install file: /home/labuser/SmartBear/SoapUI-5.8.0/source/main/java/com/eviware/soapui/support/editor/xml/support/AbstractXmlDocument.java; size: 2333 bytes; exists: false
       Install file: /home/labuser/SmartBear/SoapUI-5.8.0/source/main/java/com/eviware/soapui/support/editor/xml/support/DefaultXmlDocument.java; size: 2484 bytes; exists: false
       Install file: /home/labuser/SmartBear/SoapUI-5.8.0/source/main/java/com/eviware/soapui/support/editor/xml/support/ValidationError.java; size: 928 bytes; exists: false
       Install file: /home/labuser/SmartBear/SoapUI-5.8.0/source/main/java/com/eviware/soapui/support/editor/xml/support/package.html; size: 197 bytes; exists: false
       Install file: /home/labuser/SmartBear/SoapUI-5.8.0/source/main/java/com/eviware/soapui/support/factory/InitializableFactory.java; size: 927 bytes; exists: false
       Install file: /home/labuser/SmartBear/SoapUI-5.8.0/source/main/java/com/eviware/soapui/support/factory/SoapUIFactoryRegistry.java; size: 5337 bytes; exists: false
       Install file: /home/labuser/SmartBear/SoapUI-5.8.0/source/main/java/com/eviware/soapui/support/factory/SoapUIFactoryRegistryListener.java; size: 1011 bytes; exists: false
       Install file: /home/labuser/SmartBear/SoapUI-5.8.0/source/main/java/com/eviware/soapui/support/jdbc/JdbcUtils.java; size: 3216 bytes; exists: false
       Install file: /home/labuser/SmartBear/SoapUI-5.8.0/source/main/java/com/eviware/soapui/support/jnlp/WebstartUtil.java; size: 3978 bytes; exists: false
       Install file: /home/labuser/SmartBear/SoapUI-5.8.0/source/main/java/com/eviware/soapui/support/jnlp/WebstartUtilCore.java; size: 1696 bytes; exists: false
       Install file: /home/labuser/SmartBear/SoapUI-5.8.0/source/main/java/com/eviware/soapui/support/listener/InitializableListener.java; size: 932 bytes; exists: false
       Install file: /home/labuser/SmartBear/SoapUI-5.8.0/source/main/java/com/eviware/soapui/support/listener/ListenerRegistry.java; size: 1507 bytes; exists: false
       Install file: /home/labuser/SmartBear/SoapUI-5.8.0/source/main/java/com/eviware/soapui/support/listener/SoapUIListenerRegistry.java; size: 8430 bytes; exists: false
       Install file: /home/labuser/SmartBear/SoapUI-5.8.0/source/main/java/com/eviware/soapui/support/log/InspectorLog4JMonitor.java; size: 6460 bytes; exists: false
       Install file: /home/labuser/SmartBear/SoapUI-5.8.0/source/main/java/com/eviware/soapui/support/log/JLogList.java; size: 19290 bytes; exists: false
       Install file: /home/labuser/SmartBear/SoapUI-5.8.0/source/main/java/com/eviware/soapui/support/log/JettyLogger.java; size: 2471 bytes; exists: false
       Install file: /home/labuser/SmartBear/SoapUI-5.8.0/source/main/java/com/eviware/soapui/support/log/Log4JMonitor.java; size: 1352 bytes; exists: false
       Install file: /home/labuser/SmartBear/SoapUI-5.8.0/source/main/java/com/eviware/soapui/support/log/LogDisablingTestMonitorListener.java; size: 3483 bytes; exists: false
       Install file: /home/labuser/SmartBear/SoapUI-5.8.0/source/main/java/com/eviware/soapui/support/log/SoapUIAppender.java; size: 2246 bytes; exists: false
       Install file: /home/labuser/SmartBear/SoapUI-5.8.0/source/main/java/com/eviware/soapui/support/log/TabbedLog4JMonitor.java; size: 3736 bytes; exists: false
       Install file: /home/labuser/SmartBear/SoapUI-5.8.0/source/main/java/com/eviware/soapui/support/log/package.html; size: 163 bytes; exists: false
       Install file: /home/labuser/SmartBear/SoapUI-5.8.0/source/main/java/com/eviware/soapui/support/monitor/MonitorPanel.java; size: 10753 bytes; exists: false
       Install file: /home/labuser/SmartBear/SoapUI-5.8.0/source/main/java/com/eviware/soapui/support/monitor/MonitorSource.java; size: 891 bytes; exists: false
       Install file: /home/labuser/SmartBear/SoapUI-5.8.0/source/main/java/com/eviware/soapui/support/monitor/RuntimeMemoryMonitorSource.java; size: 1111 bytes; exists: false
       Install file: /home/labuser/SmartBear/SoapUI-5.8.0/source/main/java/com/eviware/soapui/support/package.html; size: 165 bytes; exists: false
       Install file: /home/labuser/SmartBear/SoapUI-5.8.0/source/main/java/com/eviware/soapui/support/preferences/UserPreferences.java; size: 4667 bytes; exists: false
       Install file: /home/labuser/SmartBear/SoapUI-5.8.0/source/main/java/com/eviware/soapui/support/propertyexpansion/AbstractPropertyExpansionTarget.java; size: 2147 bytes; exists: false
       Install file: /home/labuser/SmartBear/SoapUI-5.8.0/source/main/java/com/eviware/soapui/support/propertyexpansion/GroovyEditorPropertyExpansionTarget.java; size: 3208 bytes; exists: false
       Install file: /home/labuser/SmartBear/SoapUI-5.8.0/source/main/java/com/eviware/soapui/support/propertyexpansion/JTextComponentPropertyExpansionTarget.java; size: 2586 bytes; exists: false
       Install file: /home/labuser/SmartBear/SoapUI-5.8.0/source/main/java/com/eviware/soapui/support/propertyexpansion/PropertyExpansionDropTarget.java; size: 5367 bytes; exists: false
       Install file: /home/labuser/SmartBear/SoapUI-5.8.0/source/main/java/com/eviware/soapui/support/propertyexpansion/PropertyExpansionPopupListener.java; size: 16250 bytes; exists: false
       Install file: /home/labuser/SmartBear/SoapUI-5.8.0/source/main/java/com/eviware/soapui/support/propertyexpansion/PropertyExpansionTarget.java; size: 1185 bytes; exists: false
       Install file: /home/labuser/SmartBear/SoapUI-5.8.0/source/main/java/com/eviware/soapui/support/propertyexpansion/RSyntaxTextAreaPropertyExpansionTarget.java; size: 2316 bytes; exists: false
       Install file: /home/labuser/SmartBear/SoapUI-5.8.0/source/main/java/com/eviware/soapui/support/propertyexpansion/scrollmenu/ScrollableMenu.java; size: 11022 bytes; exists: false
       Install file: /home/labuser/SmartBear/SoapUI-5.8.0/source/main/java/com/eviware/soapui/support/propertyexpansion/scrollmenu/ScrollableMenuContainer.java; size: 1184 bytes; exists: false
       Install file: /home/labuser/SmartBear/SoapUI-5.8.0/source/main/java/com/eviware/soapui/support/propertyexpansion/scrollmenu/ScrollablePopup.java; size: 9964 bytes; exists: false
       Install file: /home/labuser/SmartBear/SoapUI-5.8.0/source/main/java/com/eviware/soapui/support/registry/AbstractRegistry.java; size: 2723 bytes; exists: false
       Install file: /home/labuser/SmartBear/SoapUI-5.8.0/source/main/java/com/eviware/soapui/support/registry/RegistryEntry.java; size: 962 bytes; exists: false
       Install file: /home/labuser/SmartBear/SoapUI-5.8.0/source/main/java/com/eviware/soapui/support/resolver/ChangeOperationResolver.java; size: 4780 bytes; exists: false
       Install file: /home/labuser/SmartBear/SoapUI-5.8.0/source/main/java/com/eviware/soapui/support/resolver/ChangeRestMethodResolver.java; size: 5812 bytes; exists: false
       Install file: /home/labuser/SmartBear/SoapUI-5.8.0/source/main/java/com/eviware/soapui/support/resolver/ChooseAnotherPropertySourceResolver.java; size: 9176 bytes; exists: false
       Install file: /home/labuser/SmartBear/SoapUI-5.8.0/source/main/java/com/eviware/soapui/support/resolver/ChooseAnotherPropertyTargetResolver.java; size: 9045 bytes; exists: false
       Install file: /home/labuser/SmartBear/SoapUI-5.8.0/source/main/java/com/eviware/soapui/support/resolver/ChooseAnotherTestCase.java; size: 7663 bytes; exists: false
       Install file: /home/labuser/SmartBear/SoapUI-5.8.0/source/main/java/com/eviware/soapui/support/resolver/CreateMissingPropertyResolver.java; size: 3175 bytes; exists: false
       Install file: /home/labuser/SmartBear/SoapUI-5.8.0/source/main/java/com/eviware/soapui/support/resolver/CreateNewEmptyTestCase.java; size: 1919 bytes; exists: false
       Install file: /home/labuser/SmartBear/SoapUI-5.8.0/source/main/java/com/eviware/soapui/support/resolver/DisablePropertyTransferResolver.java; size: 1787 bytes; exists: false
       Install file: /home/labuser/SmartBear/SoapUI-5.8.0/source/main/java/com/eviware/soapui/support/resolver/ImportInterfaceResolver.java; size: 6221 bytes; exists: false
       Install file: /home/labuser/SmartBear/SoapUI-5.8.0/source/main/java/com/eviware/soapui/support/resolver/RemoveTestStepResolver.java; size: 1817 bytes; exists: false
       Install file: /home/labuser/SmartBear/SoapUI-5.8.0/source/main/java/com/eviware/soapui/support/resolver/ResolveContext.java; size: 10133 bytes; exists: false
       Install file: /home/labuser/SmartBear/SoapUI-5.8.0/source/main/java/com/eviware/soapui/support/resolver/ResolveDialog.java; size: 15758 bytes; exists: false
       Install file: /home/labuser/SmartBear/SoapUI-5.8.0/source/main/java/com/eviware/soapui/support/resolver/RunTestCaseRemoveResolver.java; size: 1918 bytes; exists: false
       Install file: /home/labuser/SmartBear/SoapUI-5.8.0/source/main/java/com/eviware/soapui/support/scripting/ScriptEnginePool.java; size: 2940 bytes; exists: false
       Install file: /home/labuser/SmartBear/SoapUI-5.8.0/source/main/java/com/eviware/soapui/support/scripting/SoapUIScriptEngine.java; size: 1151 bytes; exists: false
       Install file: /home/labuser/SmartBear/SoapUI-5.8.0/source/main/java/com/eviware/soapui/support/scripting/SoapUIScriptEngineFactory.java; size: 1119 bytes; exists: false
       Install file: /home/labuser/SmartBear/SoapUI-5.8.0/source/main/java/com/eviware/soapui/support/scripting/SoapUIScriptEngineRegistry.java; size: 3255 bytes; exists: false
       Install file: /home/labuser/SmartBear/SoapUI-5.8.0/source/main/java/com/eviware/soapui/support/scripting/SoapUIScriptGenerator.java; size: 1082 bytes; exists: false
       Install file: /home/labuser/SmartBear/SoapUI-5.8.0/source/main/java/com/eviware/soapui/support/scripting/groovy/GroovyScriptEngineFactory.java; size: 2963 bytes; exists: false
       Install file: /home/labuser/SmartBear/SoapUI-5.8.0/source/main/java/com/eviware/soapui/support/scripting/groovy/SoapUIGroovyScriptEngine.java; size: 5280 bytes; exists: false
       Install file: /home/labuser/SmartBear/SoapUI-5.8.0/source/main/java/com/eviware/soapui/support/scripting/groovy/package.html; size: 177 bytes; exists: false
       Install file: /home/labuser/SmartBear/SoapUI-5.8.0/source/main/java/com/eviware/soapui/support/scripting/js/JsScriptEngine.java; size: 2887 bytes; exists: false
       Install file: /home/labuser/SmartBear/SoapUI-5.8.0/source/main/java/com/eviware/soapui/support/scripting/js/JsScriptEngineFactory.java; size: 2954 bytes; exists: false
       Install file: /home/labuser/SmartBear/SoapUI-5.8.0/source/main/java/com/eviware/soapui/support/scripting/js/package.html; size: 177 bytes; exists: false
       Install file: /home/labuser/SmartBear/SoapUI-5.8.0/source/main/java/com/eviware/soapui/support/scripting/package.html; size: 171 bytes; exists: false
       Install file: /home/labuser/SmartBear/SoapUI-5.8.0/source/main/java/com/eviware/soapui/support/swing/AbstractListMouseListener.java; size: 3428 bytes; exists: false
       Install file: /home/labuser/SmartBear/SoapUI-5.8.0/source/main/java/com/eviware/soapui/support/swing/AbstractModelItemTableMouseListener.java; size: 1711 bytes; exists: false
       Install file: /home/labuser/SmartBear/SoapUI-5.8.0/source/main/java/com/eviware/soapui/support/swing/AbstractTableMouseListener.java; size: 3143 bytes; exists: false
       Install file: /home/labuser/SmartBear/SoapUI-5.8.0/source/main/java/com/eviware/soapui/support/swing/AutoscrollSupport.java; size: 3425 bytes; exists: false
       Install file: /home/labuser/SmartBear/SoapUI-5.8.0/source/main/java/com/eviware/soapui/support/swing/ComponentBag.java; size: 2039 bytes; exists: false
       Install file: /home/labuser/SmartBear/SoapUI-5.8.0/source/main/java/com/eviware/soapui/support/swing/ExtendedComboBoxModel.java; size: 5263 bytes; exists: false
       Install file: /home/labuser/SmartBear/SoapUI-5.8.0/source/main/java/com/eviware/soapui/support/swing/GradientLabel.java; size: 2259 bytes; exists: false
       Install file: /home/labuser/SmartBear/SoapUI-5.8.0/source/main/java/com/eviware/soapui/support/swing/GradientPanel.java; size: 4156 bytes; exists: false
       Install file: /home/labuser/SmartBear/SoapUI-5.8.0/source/main/java/com/eviware/soapui/support/swing/JTableFactory.java; size: 3864 bytes; exists: false
       Install file: /home/labuser/SmartBear/SoapUI-5.8.0/source/main/java/com/eviware/soapui/support/swing/JTextComponentPopupMenu.java; size: 8459 bytes; exists: false
       Install file: /home/labuser/SmartBear/SoapUI-5.8.0/source/main/java/com/eviware/soapui/support/swing/JXButtonPanel.java; size: 11497 bytes; exists: false
       Install file: /home/labuser/SmartBear/SoapUI-5.8.0/source/main/java/com/eviware/soapui/support/swing/MenuBuilderHelper.java; size: 7122 bytes; exists: false
       Install file: /home/labuser/SmartBear/SoapUI-5.8.0/source/main/java/com/eviware/soapui/support/swing/MenuScroller.java; size: 22321 bytes; exists: false
       Install file: /home/labuser/SmartBear/SoapUI-5.8.0/source/main/java/com/eviware/soapui/support/swing/ModalFrameDialog.java; size: 3936 bytes; exists: false
       Install file: /home/labuser/SmartBear/SoapUI-5.8.0/source/main/java/com/eviware/soapui/support/swing/ModalFrameUtil.java; size: 3374 bytes; exists: false
       Install file: /home/labuser/SmartBear/SoapUI-5.8.0/source/main/java/com/eviware/soapui/support/swing/ModelItemListCellRenderer.java; size: 1546 bytes; exists: false
       Install file: /home/labuser/SmartBear/SoapUI-5.8.0/source/main/java/com/eviware/soapui/support/swing/ModelItemListKeyListener.java; size: 2007 bytes; exists: false
       Install file: /home/labuser/SmartBear/SoapUI-5.8.0/source/main/java/com/eviware/soapui/support/swing/ModelItemListMouseListener.java; size: 1624 bytes; exists: false
       Install file: /home/labuser/SmartBear/SoapUI-5.8.0/source/main/java/com/eviware/soapui/support/swing/RSyntaxAreaPopupMenu.java; size: 5765 bytes; exists: false
       Install file: /home/labuser/SmartBear/SoapUI-5.8.0/source/main/java/com/eviware/soapui/support/swing/SoapUISplitPaneUI.java; size: 8068 bytes; exists: false
       Install file: /home/labuser/SmartBear/SoapUI-5.8.0/source/main/java/com/eviware/soapui/support/swing/SwingUtils.java; size: 1917 bytes; exists: false
       Install file: /home/labuser/SmartBear/SoapUI-5.8.0/source/main/java/com/eviware/soapui/support/swing/SwingWorker.java; size: 4414 bytes; exists: false
       Install file: /home/labuser/SmartBear/SoapUI-5.8.0/source/main/java/com/eviware/soapui/support/swing/SwingWorkerDelegator.java; size: 1983 bytes; exists: false
       Install file: /home/labuser/SmartBear/SoapUI-5.8.0/source/main/java/com/eviware/soapui/support/swing/TreePathUtils.java; size: 1414 bytes; exists: false
       Install file: /home/labuser/SmartBear/SoapUI-5.8.0/source/main/java/com/eviware/soapui/support/swing/TreeUtils.java; size: 1625 bytes; exists: false
       Install file: /home/labuser/SmartBear/SoapUI-5.8.0/source/main/java/com/eviware/soapui/support/swing/package.html; size: 173 bytes; exists: false
       Install file: /home/labuser/SmartBear/SoapUI-5.8.0/source/main/java/com/eviware/soapui/support/types/StringList.java; size: 2858 bytes; exists: false
       Install file: /home/labuser/SmartBear/SoapUI-5.8.0/source/main/java/com/eviware/soapui/support/types/StringToObjectMap.java; size: 1344 bytes; exists: false
       Install file: /home/labuser/SmartBear/SoapUI-5.8.0/source/main/java/com/eviware/soapui/support/types/StringToStringMap.java; size: 5266 bytes; exists: false
       Install file: /home/labuser/SmartBear/SoapUI-5.8.0/source/main/java/com/eviware/soapui/support/types/StringToStringsMap.java; size: 7221 bytes; exists: false
       Install file: /home/labuser/SmartBear/SoapUI-5.8.0/source/main/java/com/eviware/soapui/support/types/TupleList.java; size: 2052 bytes; exists: false
       Install file: /home/labuser/SmartBear/SoapUI-5.8.0/source/main/java/com/eviware/soapui/support/types/package.html; size: 150 bytes; exists: false
       Install file: /home/labuser/SmartBear/SoapUI-5.8.0/source/main/java/com/eviware/soapui/support/uri/HttpParser.java; size: 2577 bytes; exists: false
       Install file: /home/labuser/SmartBear/SoapUI-5.8.0/source/main/java/com/eviware/soapui/support/xml/DefaultXPathModifier.java; size: 1308 bytes; exists: false
       Install file: /home/labuser/SmartBear/SoapUI-5.8.0/source/main/java/com/eviware/soapui/support/xml/ProxyFindAndReplacable.java; size: 4032 bytes; exists: false
       Install file: /home/labuser/SmartBear/SoapUI-5.8.0/source/main/java/com/eviware/soapui/support/xml/SyntaxEditorUtil.java; size: 7557 bytes; exists: false
       Install file: /home/labuser/SmartBear/SoapUI-5.8.0/source/main/java/com/eviware/soapui/support/xml/XPathComponent.java; size: 2932 bytes; exists: false
       Install file: /home/labuser/SmartBear/SoapUI-5.8.0/source/main/java/com/eviware/soapui/support/xml/XPathData.java; size: 8850 bytes; exists: false
       Install file: /home/labuser/SmartBear/SoapUI-5.8.0/source/main/java/com/eviware/soapui/support/xml/XPathModifier.java; size: 894 bytes; exists: false
       Install file: /home/labuser/SmartBear/SoapUI-5.8.0/source/main/java/com/eviware/soapui/support/xml/XmlObjectConfigurationBuilder.java; size: 2485 bytes; exists: false
       Install file: /home/labuser/SmartBear/SoapUI-5.8.0/source/main/java/com/eviware/soapui/support/xml/XmlObjectConfigurationReader.java; size: 3273 bytes; exists: false
       Install file: /home/labuser/SmartBear/SoapUI-5.8.0/source/main/java/com/eviware/soapui/support/xml/XmlObjectPersistable.java; size: 1304 bytes; exists: false
       Install file: /home/labuser/SmartBear/SoapUI-5.8.0/source/main/java/com/eviware/soapui/support/xml/XmlObjectTreeModel.java; size: 26440 bytes; exists: false
       Install file: /home/labuser/SmartBear/SoapUI-5.8.0/source/main/java/com/eviware/soapui/support/xml/XmlUtils.java; size: 52706 bytes; exists: false
       Install file: /home/labuser/SmartBear/SoapUI-5.8.0/source/main/java/com/eviware/soapui/support/xml/actions/EnableLineNumbersAction.java; size: 1649 bytes; exists: false
       Install file: /home/labuser/SmartBear/SoapUI-5.8.0/source/main/java/com/eviware/soapui/support/xml/actions/FormatAction.java; size: 1872 bytes; exists: false
       Install file: /home/labuser/SmartBear/SoapUI-5.8.0/source/main/java/com/eviware/soapui/support/xml/actions/FormatXmlAction.java; size: 2283 bytes; exists: false
       Install file: /home/labuser/SmartBear/SoapUI-5.8.0/source/main/java/com/eviware/soapui/support/xml/actions/GoToLineAction.java; size: 2184 bytes; exists: false
       Install file: /home/labuser/SmartBear/SoapUI-5.8.0/source/main/java/com/eviware/soapui/support/xml/actions/InsertBase64FileTextAreaAction.java; size: 2699 bytes; exists: false
       Install file: /home/labuser/SmartBear/SoapUI-5.8.0/source/main/java/com/eviware/soapui/support/xml/actions/LoadXmlTextAreaAction.java; size: 2225 bytes; exists: false
       Install file: /home/labuser/SmartBear/SoapUI-5.8.0/source/main/java/com/eviware/soapui/support/xml/actions/SaveXmlTextAreaAction.java; size: 3178 bytes; exists: false
       Install file: /home/labuser/SmartBear/SoapUI-5.8.0/source/main/java/com/eviware/soapui/support/xml/actions/package.html; size: 161 bytes; exists: false
       Install file: /home/labuser/SmartBear/SoapUI-5.8.0/source/main/java/com/eviware/soapui/support/xml/package.html; size: 159 bytes; exists: false
       Install file: /home/labuser/SmartBear/SoapUI-5.8.0/source/main/java/com/eviware/soapui/testondemand/DependencyValidator.java; size: 3434 bytes; exists: false
       Install file: /home/labuser/SmartBear/SoapUI-5.8.0/source/main/java/com/eviware/soapui/testondemand/Location.java; size: 2059 bytes; exists: false
       Install file: /home/labuser/SmartBear/SoapUI-5.8.0/source/main/java/com/eviware/soapui/testondemand/TestOnDemandCaller.java; size: 16126 bytes; exists: false
       Install file: /home/labuser/SmartBear/SoapUI-5.8.0/source/main/java/com/eviware/soapui/tools/AbstractSoapUIRunner.java; size: 15754 bytes; exists: false
       Install file: /home/labuser/SmartBear/SoapUI-5.8.0/source/main/java/com/eviware/soapui/tools/AbstractSoapUITestRunner.java; size: 6521 bytes; exists: false
       Install file: /home/labuser/SmartBear/SoapUI-5.8.0/source/main/java/com/eviware/soapui/tools/CmdLineRunner.java; size: 1033 bytes; exists: false
       Install file: /home/labuser/SmartBear/SoapUI-5.8.0/source/main/java/com/eviware/soapui/tools/DebugWatch.java; size: 1204 bytes; exists: false
       Install file: /home/labuser/SmartBear/SoapUI-5.8.0/source/main/java/com/eviware/soapui/tools/JarPackager.java; size: 5751 bytes; exists: false
       Install file: /home/labuser/SmartBear/SoapUI-5.8.0/source/main/java/com/eviware/soapui/tools/JavaFXTools.java; size: 889 bytes; exists: false
       Install file: /home/labuser/SmartBear/SoapUI-5.8.0/source/main/java/com/eviware/soapui/tools/JfxrtLocator.java; size: 1096 bytes; exists: false
       Install file: /home/labuser/SmartBear/SoapUI-5.8.0/source/main/java/com/eviware/soapui/tools/MockAsWar.java; size: 13723 bytes; exists: false
       Install file: /home/labuser/SmartBear/SoapUI-5.8.0/source/main/java/com/eviware/soapui/tools/PropertyExpansionRemover.java; size: 2524 bytes; exists: false
       Install file: /home/labuser/SmartBear/SoapUI-5.8.0/source/main/java/com/eviware/soapui/tools/SecureTools.java; size: 1609 bytes; exists: false
       Install file: /home/labuser/SmartBear/SoapUI-5.8.0/source/main/java/com/eviware/soapui/tools/SoapUILoadTestRunner.java; size: 18498 bytes; exists: false
       Install file: /home/labuser/SmartBear/SoapUI-5.8.0/source/main/java/com/eviware/soapui/tools/SoapUIMockAsWarGenerator.java; size: 6258 bytes; exists: false
       Install file: /home/labuser/SmartBear/SoapUI-5.8.0/source/main/java/com/eviware/soapui/tools/SoapUIMockServiceRunner.java; size: 10791 bytes; exists: false
       Install file: /home/labuser/SmartBear/SoapUI-5.8.0/source/main/java/com/eviware/soapui/tools/SoapUIMockServlet.java; size: 3137 bytes; exists: false
       Install file: /home/labuser/SmartBear/SoapUI-5.8.0/source/main/java/com/eviware/soapui/tools/SoapUISecurityTestRunner.java; size: 20579 bytes; exists: false
       Install file: /home/labuser/SmartBear/SoapUI-5.8.0/source/main/java/com/eviware/soapui/tools/SoapUITestCaseRunner.java; size: 30526 bytes; exists: false
       Install file: /home/labuser/SmartBear/SoapUI-5.8.0/source/main/java/com/eviware/soapui/tools/SoapUIToolRunner.java; size: 7850 bytes; exists: false
       Install file: /home/labuser/SmartBear/SoapUI-5.8.0/source/main/java/com/eviware/soapui/tools/SplashScreenStomper.java; size: 2684 bytes; exists: false
       Install file: /home/labuser/SmartBear/SoapUI-5.8.0/source/main/java/com/eviware/soapui/tools/ToolActionFactory.java; size: 4557 bytes; exists: false
       Install file: /home/labuser/SmartBear/SoapUI-5.8.0/source/main/java/com/eviware/soapui/tools/package.html; size: 167 bytes; exists: false
       Install file: /home/labuser/SmartBear/SoapUI-5.8.0/source/main/java/com/eviware/soapui/ui/JDesktopPanelsList.java; size: 5835 bytes; exists: false
       Install file: /home/labuser/SmartBear/SoapUI-5.8.0/source/main/java/com/eviware/soapui/ui/OverviewPanel.java; size: 1005 bytes; exists: false
       Install file: /home/labuser/SmartBear/SoapUI-5.8.0/source/main/java/com/eviware/soapui/ui/URLDesktopPanel.java; size: 3250 bytes; exists: false
       Install file: /home/labuser/SmartBear/SoapUI-5.8.0/source/main/java/com/eviware/soapui/ui/desktop/AbstractSoapUIDesktop.java; size: 8961 bytes; exists: false
       Install file: /home/labuser/SmartBear/SoapUI-5.8.0/source/main/java/com/eviware/soapui/ui/desktop/DesktopFactory.java; size: 1015 bytes; exists: false
       Install file: /home/labuser/SmartBear/SoapUI-5.8.0/source/main/java/com/eviware/soapui/ui/desktop/DesktopListener.java; size: 1081 bytes; exists: false
       Install file: /home/labuser/SmartBear/SoapUI-5.8.0/source/main/java/com/eviware/soapui/ui/desktop/DesktopPanel.java; size: 2331 bytes; exists: false
       Install file: /home/labuser/SmartBear/SoapUI-5.8.0/source/main/java/com/eviware/soapui/ui/desktop/DesktopRegistry.java; size: 1781 bytes; exists: false
       Install file: /home/labuser/SmartBear/SoapUI-5.8.0/source/main/java/com/eviware/soapui/ui/desktop/NullDesktop.java; size: 2400 bytes; exists: false
       Install file: /home/labuser/SmartBear/SoapUI-5.8.0/source/main/java/com/eviware/soapui/ui/desktop/SoapUIDesktop.java; size: 1998 bytes; exists: false
       Install file: /home/labuser/SmartBear/SoapUI-5.8.0/source/main/java/com/eviware/soapui/ui/desktop/package.html; size: 186 bytes; exists: false
       Install file: /home/labuser/SmartBear/SoapUI-5.8.0/source/main/java/com/eviware/soapui/ui/desktop/standalone/MostRecentlyUsedOrderDesktopManager.java; size: 6144 bytes; exists: false
       Install file: /home/labuser/SmartBear/SoapUI-5.8.0/source/main/java/com/eviware/soapui/ui/desktop/standalone/StandaloneDesktop.java; size: 29049 bytes; exists: false
       Install file: /home/labuser/SmartBear/SoapUI-5.8.0/source/main/java/com/eviware/soapui/ui/desktop/standalone/StandaloneDesktopFactory.java; size: 1199 bytes; exists: false
       Install file: /home/labuser/SmartBear/SoapUI-5.8.0/source/main/java/com/eviware/soapui/ui/desktop/standalone/package.html; size: 172 bytes; exists: false
       Install file: /home/labuser/SmartBear/SoapUI-5.8.0/source/main/java/com/eviware/soapui/ui/navigator/Navigator.java; size: 17006 bytes; exists: false
       Install file: /home/labuser/SmartBear/SoapUI-5.8.0/source/main/java/com/eviware/soapui/ui/navigator/NavigatorListener.java; size: 991 bytes; exists: false
       Install file: /home/labuser/SmartBear/SoapUI-5.8.0/source/main/java/com/eviware/soapui/ui/navigator/NavigatorTree.java; size: 1953 bytes; exists: false
       Install file: /home/labuser/SmartBear/SoapUI-5.8.0/source/main/java/com/eviware/soapui/ui/navigator/state/NavigatorNodesExpandStateEngine.java; size: 4589 bytes; exists: false
       Install file: /home/labuser/SmartBear/SoapUI-5.8.0/source/main/java/com/eviware/soapui/ui/navigator/state/NavigatorTreeExpanedListener.java; size: 1357 bytes; exists: false
       Install file: /home/labuser/SmartBear/SoapUI-5.8.0/source/main/java/com/eviware/soapui/ui/package.html; size: 172 bytes; exists: false
       Install file: /home/labuser/SmartBear/SoapUI-5.8.0/source/main/java/com/eviware/soapui/ui/starterpage/StarterPageButtonCallback.java; size: 1912 bytes; exists: false
       Install file: /home/labuser/SmartBear/SoapUI-5.8.0/source/main/java/com/eviware/soapui/ui/support/AbstractMockOperationDesktopPanel.java; size: 12818 bytes; exists: false
       Install file: /home/labuser/SmartBear/SoapUI-5.8.0/source/main/java/com/eviware/soapui/ui/support/AbstractMockResponseDesktopPanel.java; size: 18992 bytes; exists: false
       Install file: /home/labuser/SmartBear/SoapUI-5.8.0/source/main/java/com/eviware/soapui/ui/support/DefaultDesktopPanel.java; size: 3468 bytes; exists: false
       Install file: /home/labuser/SmartBear/SoapUI-5.8.0/source/main/java/com/eviware/soapui/ui/support/DesktopListenerAdapter.java; size: 1252 bytes; exists: false
       Install file: /home/labuser/SmartBear/SoapUI-5.8.0/source/main/java/com/eviware/soapui/ui/support/FindAndReplaceDialogView.java; size: 10546 bytes; exists: false
       Install file: /home/labuser/SmartBear/SoapUI-5.8.0/source/main/java/com/eviware/soapui/ui/support/JProgressBarWrapper.java; size: 1787 bytes; exists: false
       Install file: /home/labuser/SmartBear/SoapUI-5.8.0/source/main/java/com/eviware/soapui/ui/support/KeySensitiveModelItemDesktopPanel.java; size: 2080 bytes; exists: false
       Install file: /home/labuser/SmartBear/SoapUI-5.8.0/source/main/java/com/eviware/soapui/ui/support/ModelItemDesktopPanel.java; size: 4023 bytes; exists: false
       Install file: /home/labuser/SmartBear/SoapUI-5.8.0/source/main/java/com/eviware/soapui/ui/support/package.html; size: 169 bytes; exists: false
       Install file: /home/labuser/SmartBear/SoapUI-5.8.0/source/main/java/com/eviware/x/dialogs/Worker.java; size: 1189 bytes; exists: false
       Install file: /home/labuser/SmartBear/SoapUI-5.8.0/source/main/java/com/eviware/x/dialogs/XDialogs.java; size: 2195 bytes; exists: false
       Install file: /home/labuser/SmartBear/SoapUI-5.8.0/source/main/java/com/eviware/x/dialogs/XFileDialogs.java; size: 1385 bytes; exists: false
       Install file: /home/labuser/SmartBear/SoapUI-5.8.0/source/main/java/com/eviware/x/dialogs/XProgressDialog.java; size: 954 bytes; exists: false
       Install file: /home/labuser/SmartBear/SoapUI-5.8.0/source/main/java/com/eviware/x/dialogs/XProgressMonitor.java; size: 844 bytes; exists: false
       Install file: /home/labuser/SmartBear/SoapUI-5.8.0/source/main/java/com/eviware/x/form/AbstractXFormField.java; size: 3899 bytes; exists: false
       Install file: /home/labuser/SmartBear/SoapUI-5.8.0/source/main/java/com/eviware/x/form/ComponentEnabler.java; size: 2253 bytes; exists: false
       Install file: /home/labuser/SmartBear/SoapUI-5.8.0/source/main/java/com/eviware/x/form/ValidationMessage.java; size: 1352 bytes; exists: false
       Install file: /home/labuser/SmartBear/SoapUI-5.8.0/source/main/java/com/eviware/x/form/WizardPage.java; size: 1677 bytes; exists: false
       Install file: /home/labuser/SmartBear/SoapUI-5.8.0/source/main/java/com/eviware/x/form/XForm.java; size: 2215 bytes; exists: false
       Install file: /home/labuser/SmartBear/SoapUI-5.8.0/source/main/java/com/eviware/x/form/XFormBuilder.java; size: 898 bytes; exists: false
       Install file: /home/labuser/SmartBear/SoapUI-5.8.0/source/main/java/com/eviware/x/form/XFormDialog.java; size: 2128 bytes; exists: false
       Install file: /home/labuser/SmartBear/SoapUI-5.8.0/source/main/java/com/eviware/x/form/XFormDialogBuilder.java; size: 1811 bytes; exists: false
       Install file: /home/labuser/SmartBear/SoapUI-5.8.0/source/main/java/com/eviware/x/form/XFormFactory.java; size: 1101 bytes; exists: false
       Install file: /home/labuser/SmartBear/SoapUI-5.8.0/source/main/java/com/eviware/x/form/XFormField.java; size: 1733 bytes; exists: false
       Install file: /home/labuser/SmartBear/SoapUI-5.8.0/source/main/java/com/eviware/x/form/XFormFieldListener.java; size: 883 bytes; exists: false
       Install file: /home/labuser/SmartBear/SoapUI-5.8.0/source/main/java/com/eviware/x/form/XFormFieldValidator.java; size: 864 bytes; exists: false
       Install file: /home/labuser/SmartBear/SoapUI-5.8.0/source/main/java/com/eviware/x/form/XFormOptionsField.java; size: 1112 bytes; exists: false
       Install file: /home/labuser/SmartBear/SoapUI-5.8.0/source/main/java/com/eviware/x/form/XFormTextField.java; size: 849 bytes; exists: false
       Install file: /home/labuser/SmartBear/SoapUI-5.8.0/source/main/java/com/eviware/x/form/support/ADialogBuilder.java; size: 14802 bytes; exists: false
       Install file: /home/labuser/SmartBear/SoapUI-5.8.0/source/main/java/com/eviware/x/form/support/AField.java; size: 1670 bytes; exists: false
       Install file: /home/labuser/SmartBear/SoapUI-5.8.0/source/main/java/com/eviware/x/form/support/AForm.java; size: 1255 bytes; exists: false
       Install file: /home/labuser/SmartBear/SoapUI-5.8.0/source/main/java/com/eviware/x/form/support/AFormHandler.java; size: 912 bytes; exists: false
       Install file: /home/labuser/SmartBear/SoapUI-5.8.0/source/main/java/com/eviware/x/form/support/APage.java; size: 1154 bytes; exists: false
       Install file: /home/labuser/SmartBear/SoapUI-5.8.0/source/main/java/com/eviware/x/form/support/XFormMultiSelectList.java; size: 8767 bytes; exists: false
       Install file: /home/labuser/SmartBear/SoapUI-5.8.0/source/main/java/com/eviware/x/form/support/XFormRadioGroup.java; size: 4057 bytes; exists: false
       Install file: /home/labuser/SmartBear/SoapUI-5.8.0/source/main/java/com/eviware/x/form/support/XFormRadioGroupTopButtonPosition.java; size: 1711 bytes; exists: false
       Install file: /home/labuser/SmartBear/SoapUI-5.8.0/source/main/java/com/eviware/x/form/validators/RequiredValidator.java; size: 1952 bytes; exists: false
       Install file: /home/labuser/SmartBear/SoapUI-5.8.0/source/main/java/com/eviware/x/impl/swing/AbstractSwingXFormField.java; size: 1754 bytes; exists: false
       Install file: /home/labuser/SmartBear/SoapUI-5.8.0/source/main/java/com/eviware/x/impl/swing/ActionFormFieldComponent.java; size: 1600 bytes; exists: false
       Install file: /home/labuser/SmartBear/SoapUI-5.8.0/source/main/java/com/eviware/x/impl/swing/FileFormField.java; size: 7719 bytes; exists: false
       Install file: /home/labuser/SmartBear/SoapUI-5.8.0/source/main/java/com/eviware/x/impl/swing/JCheckBoxFormField.java; size: 1638 bytes; exists: false
       Install file: /home/labuser/SmartBear/SoapUI-5.8.0/source/main/java/com/eviware/x/impl/swing/JComboBoxFormField.java; size: 3173 bytes; exists: false
       Install file: /home/labuser/SmartBear/SoapUI-5.8.0/source/main/java/com/eviware/x/impl/swing/JComponentFormField.java; size: 2390 bytes; exists: false
       Install file: /home/labuser/SmartBear/SoapUI-5.8.0/source/main/java/com/eviware/x/impl/swing/JFormDialog.java; size: 7204 bytes; exists: false
       Install file: /home/labuser/SmartBear/SoapUI-5.8.0/source/main/java/com/eviware/x/impl/swing/JLabelFormField.java; size: 1284 bytes; exists: false
       Install file: /home/labuser/SmartBear/SoapUI-5.8.0/source/main/java/com/eviware/x/impl/swing/JMultilineLabelTextField.java; size: 1900 bytes; exists: false
       Install file: /home/labuser/SmartBear/SoapUI-5.8.0/source/main/java/com/eviware/x/impl/swing/JPasswordFieldFormField.java; size: 1995 bytes; exists: false
       Install file: /home/labuser/SmartBear/SoapUI-5.8.0/source/main/java/com/eviware/x/impl/swing/JStringListFormField.java; size: 2312 bytes; exists: false
       Install file: /home/labuser/SmartBear/SoapUI-5.8.0/source/main/java/com/eviware/x/impl/swing/JTabbedFormDialog.java; size: 7009 bytes; exists: false
       Install file: /home/labuser/SmartBear/SoapUI-5.8.0/source/main/java/com/eviware/x/impl/swing/JTableFormField.java; size: 2984 bytes; exists: false
       Install file: /home/labuser/SmartBear/SoapUI-5.8.0/source/main/java/com/eviware/x/impl/swing/JTextAreaFormField.java; size: 2543 bytes; exists: false
       Install file: /home/labuser/SmartBear/SoapUI-5.8.0/source/main/java/com/eviware/x/impl/swing/JTextFieldFormField.java; size: 2645 bytes; exists: false
       Install file: /home/labuser/SmartBear/SoapUI-5.8.0/source/main/java/com/eviware/x/impl/swing/JWizardDialog.java; size: 11589 bytes; exists: false
       Install file: /home/labuser/SmartBear/SoapUI-5.8.0/source/main/java/com/eviware/x/impl/swing/JWizardDialogBuilder.java; size: 1775 bytes; exists: false
       Install file: /home/labuser/SmartBear/SoapUI-5.8.0/source/main/java/com/eviware/x/impl/swing/SwingDialogs.java; size: 13006 bytes; exists: false
       Install file: /home/labuser/SmartBear/SoapUI-5.8.0/source/main/java/com/eviware/x/impl/swing/SwingFileDialogs.java; size: 6748 bytes; exists: false
       Install file: /home/labuser/SmartBear/SoapUI-5.8.0/source/main/java/com/eviware/x/impl/swing/SwingFormFactory.java; size: 1057 bytes; exists: false
       Install file: /home/labuser/SmartBear/SoapUI-5.8.0/source/main/java/com/eviware/x/impl/swing/SwingXFormDialog.java; size: 2128 bytes; exists: false
       Install file: /home/labuser/SmartBear/SoapUI-5.8.0/source/main/java/com/eviware/x/impl/swing/SwingXFormDialogBuilder.java; size: 5438 bytes; exists: false
       Install file: /home/labuser/SmartBear/SoapUI-5.8.0/source/main/java/com/eviware/x/impl/swing/SwingXFormImpl.java; size: 10554 bytes; exists: false
       Install file: /home/labuser/SmartBear/SoapUI-5.8.0/source/main/java/com/smartbear/integrations/swaggerhub/PublishToSwaggerHubAction.java; size: 8202 bytes; exists: false
       Install file: /home/labuser/SmartBear/SoapUI-5.8.0/source/main/java/com/smartbear/integrations/swaggerhub/ReadFromSwaggerHubAction.java; size: 790 bytes; exists: false
       Install file: /home/labuser/SmartBear/SoapUI-5.8.0/source/main/java/com/smartbear/integrations/swaggerhub/component/ImportFromSwaggerHubDialog.java; size: 10621 bytes; exists: false
       Install file: /home/labuser/SmartBear/SoapUI-5.8.0/source/main/java/com/smartbear/integrations/swaggerhub/component/SwaggerHubAPITable.java; size: 2218 bytes; exists: false
       Install file: /home/labuser/SmartBear/SoapUI-5.8.0/source/main/java/com/smartbear/integrations/swaggerhub/component/SwaggerHubAPITableModel.java; size: 3401 bytes; exists: false
       Install file: /home/labuser/SmartBear/SoapUI-5.8.0/source/main/java/com/smartbear/integrations/swaggerhub/engine/ApiDescriptor.java; size: 584 bytes; exists: false
       Install file: /home/labuser/SmartBear/SoapUI-5.8.0/source/main/java/com/smartbear/integrations/swaggerhub/engine/ApisJsonImporter.java; size: 2732 bytes; exists: false
       Install file: /home/labuser/SmartBear/SoapUI-5.8.0/source/main/java/com/smartbear/soapui/core/Logging.java; size: 2895 bytes; exists: false
       Install file: /home/labuser/SmartBear/SoapUI-5.8.0/source/main/java/com/smartbear/swagger/AddSwaggerAction.java; size: 3282 bytes; exists: false
       Install file: /home/labuser/SmartBear/SoapUI-5.8.0/source/main/java/com/smartbear/swagger/ExportSwaggerAction.java; size: 8229 bytes; exists: false
       Install file: /home/labuser/SmartBear/SoapUI-5.8.0/source/main/java/com/smartbear/swagger/Swagger2Exporter.java; size: 6506 bytes; exists: false
       Install file: /home/labuser/SmartBear/SoapUI-5.8.0/source/main/java/com/smartbear/swagger/Swagger2Importer.java; size: 20044 bytes; exists: false
       Install file: /home/labuser/SmartBear/SoapUI-5.8.0/source/main/java/com/smartbear/swagger/SwaggerExporter.java; size: 278 bytes; exists: false
       Install file: /home/labuser/SmartBear/SoapUI-5.8.0/source/main/java/com/smartbear/swagger/SwaggerImporter.java; size: 472 bytes; exists: false
       Install file: /home/labuser/SmartBear/SoapUI-5.8.0/source/main/java/com/smartbear/swagger/SwaggerUtils.java; size: 9105 bytes; exists: false
       Install file: /home/labuser/SmartBear/SoapUI-5.8.0/source/main/java/org/apache/commons/httpclient/HttpClientError.java; size: 2844 bytes; exists: false
       Install file: /home/labuser/SmartBear/SoapUI-5.8.0/source/main/java/org/apache/commons/httpclient/HttpException.java; size: 9420 bytes; exists: false
       Install file: /home/labuser/SmartBear/SoapUI-5.8.0/source/main/java/org/apache/commons/httpclient/HttpStatus.java; size: 15699 bytes; exists: false
       Install file: /home/labuser/SmartBear/SoapUI-5.8.0/source/main/java/org/apache/commons/httpclient/NameValuePair.java; size: 5139 bytes; exists: false
       Install file: /home/labuser/SmartBear/SoapUI-5.8.0/source/main/java/org/apache/commons/httpclient/URI.java; size: 130892 bytes; exists: false
       Install file: /home/labuser/SmartBear/SoapUI-5.8.0/source/main/java/org/apache/commons/httpclient/URIException.java; size: 5527 bytes; exists: false
       Install file: /home/labuser/SmartBear/SoapUI-5.8.0/source/main/java/org/apache/commons/httpclient/util/EncodingUtil.java; size: 11057 bytes; exists: false
       Install file: /home/labuser/SmartBear/SoapUI-5.8.0/source/main/java/org/apache/commons/httpclient/util/LangUtils.java; size: 3128 bytes; exists: false
       Install file: /home/labuser/SmartBear/SoapUI-5.8.0/source/main/java/org/apache/commons/httpclient/util/URIUtil.java; size: 22948 bytes; exists: false
       Install file: /home/labuser/SmartBear/SoapUI-5.8.0/source/main/java/org/apache/http/localserver/BasicAuthTokenExtractor.java; size: 3505 bytes; exists: false
       Install file: /home/labuser/SmartBear/SoapUI-5.8.0/source/main/java/org/apache/http/localserver/BasicServerTestBase.java; size: 2804 bytes; exists: false
       Install file: /home/labuser/SmartBear/SoapUI-5.8.0/source/main/java/org/apache/http/localserver/EchoHandler.java; size: 4366 bytes; exists: false
       Install file: /home/labuser/SmartBear/SoapUI-5.8.0/source/main/java/org/apache/http/localserver/LocalTestServer.java; size: 14618 bytes; exists: false
       Install file: /home/labuser/SmartBear/SoapUI-5.8.0/source/main/java/org/apache/http/localserver/RandomHandler.java; size: 8817 bytes; exists: false
       Install file: /home/labuser/SmartBear/SoapUI-5.8.0/source/main/java/org/apache/http/localserver/RequestBasicAuth.java; size: 2615 bytes; exists: false
       Install file: /home/labuser/SmartBear/SoapUI-5.8.0/source/main/java/org/apache/http/localserver/ResponseBasicUnauthorized.java; size: 2603 bytes; exists: false
       Install file: /home/labuser/SmartBear/SoapUI-5.8.0/source/main/java/org/apache/http/localserver/ServerTestBase.java; size: 7627 bytes; exists: false
       Install file: /home/labuser/SmartBear/SoapUI-5.8.0/source/main/java/org/syntax/jedit/DefaultInputHandler.java; size: 11378 bytes; exists: false
       Install file: /home/labuser/SmartBear/SoapUI-5.8.0/source/main/java/org/syntax/jedit/InputHandler.java; size: 36152 bytes; exists: false
       Install file: /home/labuser/SmartBear/SoapUI-5.8.0/source/main/java/org/syntax/jedit/JEditTextArea.java; size: 68658 bytes; exists: false
       Install file: /home/labuser/SmartBear/SoapUI-5.8.0/source/main/java/org/syntax/jedit/KeywordMap.java; size: 4309 bytes; exists: false
       Install file: /home/labuser/SmartBear/SoapUI-5.8.0/source/main/java/org/syntax/jedit/SyntaxDocument.java; size: 5387 bytes; exists: false
       Install file: /home/labuser/SmartBear/SoapUI-5.8.0/source/main/java/org/syntax/jedit/SyntaxStyle.java; size: 4039 bytes; exists: false
       Install file: /home/labuser/SmartBear/SoapUI-5.8.0/source/main/java/org/syntax/jedit/SyntaxUtilities.java; size: 6082 bytes; exists: false
       Install file: /home/labuser/SmartBear/SoapUI-5.8.0/source/main/java/org/syntax/jedit/TextAreaDefaults.java; size: 3085 bytes; exists: false
       Install file: /home/labuser/SmartBear/SoapUI-5.8.0/source/main/java/org/syntax/jedit/TextAreaPainter.java; size: 21659 bytes; exists: false
       Install file: /home/labuser/SmartBear/SoapUI-5.8.0/source/main/java/org/syntax/jedit/TextUtilities.java; size: 6410 bytes; exists: false
       Install file: /home/labuser/SmartBear/SoapUI-5.8.0/source/main/java/org/syntax/jedit/package.html; size: 163 bytes; exists: false
       Install file: /home/labuser/SmartBear/SoapUI-5.8.0/source/main/java/org/syntax/jedit/tokenmarker/BatchFileTokenMarker.java; size: 4118 bytes; exists: false
       Install file: /home/labuser/SmartBear/SoapUI-5.8.0/source/main/java/org/syntax/jedit/tokenmarker/CCTokenMarker.java; size: 5523 bytes; exists: false
       Install file: /home/labuser/SmartBear/SoapUI-5.8.0/source/main/java/org/syntax/jedit/tokenmarker/CTokenMarker.java; size: 10686 bytes; exists: false
       Install file: /home/labuser/SmartBear/SoapUI-5.8.0/source/main/java/org/syntax/jedit/tokenmarker/EiffelTokenMarker.java; size: 10613 bytes; exists: false
       Install file: /home/labuser/SmartBear/SoapUI-5.8.0/source/main/java/org/syntax/jedit/tokenmarker/GroovyTokenMarker.java; size: 2716 bytes; exists: false
       Install file: /home/labuser/SmartBear/SoapUI-5.8.0/source/main/java/org/syntax/jedit/tokenmarker/HTMLTokenMarker.java; size: 9595 bytes; exists: false
       Install file: /home/labuser/SmartBear/SoapUI-5.8.0/source/main/java/org/syntax/jedit/tokenmarker/IDLTokenMarker.java; size: 3381 bytes; exists: false
       Install file: /home/labuser/SmartBear/SoapUI-5.8.0/source/main/java/org/syntax/jedit/tokenmarker/JavaScriptTokenMarker.java; size: 2386 bytes; exists: false
       Install file: /home/labuser/SmartBear/SoapUI-5.8.0/source/main/java/org/syntax/jedit/tokenmarker/JavaTokenMarker.java; size: 4024 bytes; exists: false
       Install file: /home/labuser/SmartBear/SoapUI-5.8.0/source/main/java/org/syntax/jedit/tokenmarker/MakefileTokenMarker.java; size: 6073 bytes; exists: false
       Install file: /home/labuser/SmartBear/SoapUI-5.8.0/source/main/java/org/syntax/jedit/tokenmarker/PHPTokenMarker.java; size: 14011 bytes; exists: false
       Install file: /home/labuser/SmartBear/SoapUI-5.8.0/source/main/java/org/syntax/jedit/tokenmarker/PLSQLTokenMarker.java; size: 19461 bytes; exists: false
       Install file: /home/labuser/SmartBear/SoapUI-5.8.0/source/main/java/org/syntax/jedit/tokenmarker/PatchTokenMarker.java; size: 1765 bytes; exists: false
       Install file: /home/labuser/SmartBear/SoapUI-5.8.0/source/main/java/org/syntax/jedit/tokenmarker/PerlTokenMarker.java; size: 32500 bytes; exists: false
       Install file: /home/labuser/SmartBear/SoapUI-5.8.0/source/main/java/org/syntax/jedit/tokenmarker/PropsTokenMarker.java; size: 3112 bytes; exists: false
       Install file: /home/labuser/SmartBear/SoapUI-5.8.0/source/main/java/org/syntax/jedit/tokenmarker/PythonTokenMarker.java; size: 8668 bytes; exists: false
       Install file: /home/labuser/SmartBear/SoapUI-5.8.0/source/main/java/org/syntax/jedit/tokenmarker/SQLTokenMarker.java; size: 7483 bytes; exists: false
       Install file: /home/labuser/SmartBear/SoapUI-5.8.0/source/main/java/org/syntax/jedit/tokenmarker/ShellScriptTokenMarker.java; size: 10461 bytes; exists: false
       Install file: /home/labuser/SmartBear/SoapUI-5.8.0/source/main/java/org/syntax/jedit/tokenmarker/TSQLTokenMarker.java; size: 56489 bytes; exists: false
       Install file: /home/labuser/SmartBear/SoapUI-5.8.0/source/main/java/org/syntax/jedit/tokenmarker/TeXTokenMarker.java; size: 5454 bytes; exists: false
       Install file: /home/labuser/SmartBear/SoapUI-5.8.0/source/main/java/org/syntax/jedit/tokenmarker/Token.java; size: 4251 bytes; exists: false
       Install file: /home/labuser/SmartBear/SoapUI-5.8.0/source/main/java/org/syntax/jedit/tokenmarker/TokenMarker.java; size: 10881 bytes; exists: false
       Install file: /home/labuser/SmartBear/SoapUI-5.8.0/source/main/java/org/syntax/jedit/tokenmarker/XMLTokenMarker.java; size: 7550 bytes; exists: false
       Install file: /home/labuser/SmartBear/SoapUI-5.8.0/source/main/java/org/syntax/jedit/tokenmarker/package.html; size: 183 bytes; exists: false
       Install file: /home/labuser/SmartBear/SoapUI-5.8.0/source/main/java/package.html; size: 161 bytes; exists: false
       Install file: /home/labuser/SmartBear/SoapUI-5.8.0/source/main/java/skt/swing/tree/ChildrenEnumeration.java; size: 2277 bytes; exists: false
       Install file: /home/labuser/SmartBear/SoapUI-5.8.0/source/main/java/skt/swing/tree/PreorderEnumeration.java; size: 2569 bytes; exists: false
       Install file: /home/labuser/SmartBear/SoapUI-5.8.0/source/main/java/skt/swing/tree/check/CheckTreeCellRenderer.java; size: 3121 bytes; exists: false
       Install file: /home/labuser/SmartBear/SoapUI-5.8.0/source/main/java/skt/swing/tree/check/CheckTreeManager.java; size: 3798 bytes; exists: false
       Install file: /home/labuser/SmartBear/SoapUI-5.8.0/source/main/java/skt/swing/tree/check/CheckTreeSelectionModel.java; size: 8558 bytes; exists: false
       Install file: /home/labuser/SmartBear/SoapUI-5.8.0/source/main/java/skt/swing/tree/check/TreePathSelectable.java; size: 1556 bytes; exists: false
       Install file: /home/labuser/SmartBear/SoapUI-5.8.0/source/main/java/skt/swing/tree/check/TristateCheckBox.java; size: 9787 bytes; exists: false
       Install file: /home/labuser/SmartBear/SoapUI-5.8.0/source/main/resources/branded/branded.properties; size: 17 bytes; exists: false
       Install file: /home/labuser/SmartBear/SoapUI-5.8.0/source/main/resources/buildinfo.properties; size: 44 bytes; exists: false
       Install file: /home/labuser/SmartBear/SoapUI-5.8.0/source/main/resources/com/eviware/soapui/explorer/css/jquery-ui.css; size: 37403 bytes; exists: false
       Install file: /home/labuser/SmartBear/SoapUI-5.8.0/source/main/resources/com/eviware/soapui/explorer/css/jquery-ui.structure.css; size: 19594 bytes; exists: false
       Install file: /home/labuser/SmartBear/SoapUI-5.8.0/source/main/resources/com/eviware/soapui/explorer/css/jquery-ui.theme.css; size: 17879 bytes; exists: false
       Install file: /home/labuser/SmartBear/SoapUI-5.8.0/source/main/resources/com/eviware/soapui/explorer/css/starter-page-main-api-inspection.css; size: 3621 bytes; exists: false
       Install file: /home/labuser/SmartBear/SoapUI-5.8.0/source/main/resources/com/eviware/soapui/explorer/js/common.js; size: 5825 bytes; exists: false
       Install file: /home/labuser/SmartBear/SoapUI-5.8.0/source/main/resources/com/eviware/soapui/explorer/js/jquery-1.11.1min.js; size: 95790 bytes; exists: false
       Install file: /home/labuser/SmartBear/SoapUI-5.8.0/source/main/resources/com/eviware/soapui/explorer/js/jquery-ui.js; size: 539422 bytes; exists: false
       Install file: /home/labuser/SmartBear/SoapUI-5.8.0/source/main/resources/com/eviware/soapui/explorer/soapui-pro-api-endpoint-explorer-starter-page.html; size: 42673 bytes; exists: false
       Install file: /home/labuser/SmartBear/SoapUI-5.8.0/source/main/resources/com/eviware/soapui/images/jquery-ui/ui-icons_222222_256x240.png; size: 4193 bytes; exists: false
       Install file: /home/labuser/SmartBear/SoapUI-5.8.0/source/main/resources/com/eviware/soapui/impl/Bundle.properties; size: 2159 bytes; exists: false
       Install file: /home/labuser/SmartBear/SoapUI-5.8.0/source/main/resources/com/eviware/soapui/impl/actions/Bundle.properties; size: 8477 bytes; exists: false
       Install file: /home/labuser/SmartBear/SoapUI-5.8.0/source/main/resources/com/eviware/soapui/impl/rest/actions/method/Bundle.properties; size: 1005 bytes; exists: false
       Install file: /home/labuser/SmartBear/SoapUI-5.8.0/source/main/resources/com/eviware/soapui/impl/rest/actions/mock/Bundle.properties; size: 146 bytes; exists: false
       Install file: /home/labuser/SmartBear/SoapUI-5.8.0/source/main/resources/com/eviware/soapui/impl/rest/actions/oauth/Bundle.properties; size: 1587 bytes; exists: false
       Install file: /home/labuser/SmartBear/SoapUI-5.8.0/source/main/resources/com/eviware/soapui/impl/rest/actions/project/Bundle.properties; size: 1297 bytes; exists: false
       Install file: /home/labuser/SmartBear/SoapUI-5.8.0/source/main/resources/com/eviware/soapui/impl/rest/actions/resource/Bundle.properties; size: 2071 bytes; exists: false
       Install file: /home/labuser/SmartBear/SoapUI-5.8.0/source/main/resources/com/eviware/soapui/impl/rest/actions/service/Bundle.properties; size: 1053 bytes; exists: false
       Install file: /home/labuser/SmartBear/SoapUI-5.8.0/source/main/resources/com/eviware/soapui/impl/rest/actions/support/Bundle.properties; size: 1423 bytes; exists: false
       Install file: /home/labuser/SmartBear/SoapUI-5.8.0/source/main/resources/com/eviware/soapui/impl/rest/mock/dispatching-script-sample.groovy; size: 1432 bytes; exists: false
       Install file: /home/labuser/SmartBear/SoapUI-5.8.0/source/main/resources/com/eviware/soapui/impl/wsdl/actions/iface/tools/axis1/Bundle.properties; size: 2114 bytes; exists: false
       Install file: /home/labuser/SmartBear/SoapUI-5.8.0/source/main/resources/com/eviware/soapui/impl/wsdl/actions/project/Bundle.properties; size: 1874 bytes; exists: false
       Install file: /home/labuser/SmartBear/SoapUI-5.8.0/source/main/resources/com/eviware/soapui/impl/wsdl/panels/teststeps/Bundle.properties; size: 226 bytes; exists: false
       Install file: /home/labuser/SmartBear/SoapUI-5.8.0/source/main/resources/com/eviware/soapui/impl/wsdl/teststeps/assertions/basic/Bundle.properties; size: 294 bytes; exists: false
       Install file: /home/labuser/SmartBear/SoapUI-5.8.0/source/main/resources/com/eviware/soapui/impl/wsdl/teststeps/registry/Bundle.properties; size: 1543 bytes; exists: false
       Install file: /home/labuser/SmartBear/SoapUI-5.8.0/source/main/resources/com/eviware/soapui/resources/conf/soapui-actions.xml; size: 58048 bytes; exists: false
       Install file: /home/labuser/SmartBear/SoapUI-5.8.0/source/main/resources/com/eviware/soapui/resources/conf/soapui-log4j.xml; size: 2783 bytes; exists: false
       Install file: /home/labuser/SmartBear/SoapUI-5.8.0/source/main/resources/com/eviware/soapui/resources/doc/wadl_documentation.xsl; size: 41494 bytes; exists: false
       Install file: /home/labuser/SmartBear/SoapUI-5.8.0/source/main/resources/com/eviware/soapui/resources/doc/wsdl-viewer.xsl; size: 104206 bytes; exists: false
       Install file: /home/labuser/SmartBear/SoapUI-5.8.0/source/main/resources/com/eviware/soapui/resources/html/starter-page.html; size: 1396 bytes; exists: false
       Install file: /home/labuser/SmartBear/SoapUI-5.8.0/source/main/resources/com/eviware/soapui/resources/images/Proxy_Turned-off.png; size: 1332 bytes; exists: false
       Install file: /home/labuser/SmartBear/SoapUI-5.8.0/source/main/resources/com/eviware/soapui/resources/images/Proxy_Turned-on.png; size: 1346 bytes; exists: false
       Install file: /home/labuser/SmartBear/SoapUI-5.8.0/source/main/resources/com/eviware/soapui/resources/images/Save-all.png; size: 1181 bytes; exists: false
       Install file: /home/labuser/SmartBear/SoapUI-5.8.0/source/main/resources/com/eviware/soapui/resources/images/SoapUI-OS.ico; size: 555782 bytes; exists: false
       Install file: /home/labuser/SmartBear/SoapUI-5.8.0/source/main/resources/com/eviware/soapui/resources/images/SoapUI-OS_16-16.png; size: 868 bytes; exists: false
       Install file: /home/labuser/SmartBear/SoapUI-5.8.0/source/main/resources/com/eviware/soapui/resources/images/SoapUI-OS_24-24.png; size: 1581 bytes; exists: false
       Install file: /home/labuser/SmartBear/SoapUI-5.8.0/source/main/resources/com/eviware/soapui/resources/images/SoapUI-OS_256-256.png; size: 21046 bytes; exists: false
       Install file: /home/labuser/SmartBear/SoapUI-5.8.0/source/main/resources/com/eviware/soapui/resources/images/SoapUI-OS_32-32.png; size: 2283 bytes; exists: false
       Install file: /home/labuser/SmartBear/SoapUI-5.8.0/source/main/resources/com/eviware/soapui/resources/images/SoapUI-OS_48-48.png; size: 3682 bytes; exists: false
       Install file: /home/labuser/SmartBear/SoapUI-5.8.0/source/main/resources/com/eviware/soapui/resources/images/SoapUI-Spashscreen.png; size: 38016 bytes; exists: false
       Install file: /home/labuser/SmartBear/SoapUI-5.8.0/source/main/resources/com/eviware/soapui/resources/images/SoapUI-blank.png; size: 38016 bytes; exists: false
       Install file: /home/labuser/SmartBear/SoapUI-5.8.0/source/main/resources/com/eviware/soapui/resources/images/Trial_16-16.png; size: 1901 bytes; exists: false
       Install file: /home/labuser/SmartBear/SoapUI-5.8.0/source/main/resources/com/eviware/soapui/resources/images/Trial_20-20.png; size: 766 bytes; exists: false
       Install file: /home/labuser/SmartBear/SoapUI-5.8.0/source/main/resources/com/eviware/soapui/resources/images/add.png; size: 1081 bytes; exists: false
       Install file: /home/labuser/SmartBear/SoapUI-5.8.0/source/main/resources/com/eviware/soapui/resources/images/addAsMockResponseStep.gif; size: 190 bytes; exists: false
       Install file: /home/labuser/SmartBear/SoapUI-5.8.0/source/main/resources/com/eviware/soapui/resources/images/addAssertion.gif; size: 885 bytes; exists: false
       Install file: /home/labuser/SmartBear/SoapUI-5.8.0/source/main/resources/com/eviware/soapui/resources/images/addToMockService.gif; size: 190 bytes; exists: false
       Install file: /home/labuser/SmartBear/SoapUI-5.8.0/source/main/resources/com/eviware/soapui/resources/images/addToRestMockAction.gif; size: 1150 bytes; exists: false
       Install file: /home/labuser/SmartBear/SoapUI-5.8.0/source/main/resources/com/eviware/soapui/resources/images/addToTestCase.gif; size: 870 bytes; exists: false
       Install file: /home/labuser/SmartBear/SoapUI-5.8.0/source/main/resources/com/eviware/soapui/resources/images/add_environment.gif; size: 1324 bytes; exists: false
       Install file: /home/labuser/SmartBear/SoapUI-5.8.0/source/main/resources/com/eviware/soapui/resources/images/add_property.gif; size: 873 bytes; exists: false
       Install file: /home/labuser/SmartBear/SoapUI-5.8.0/source/main/resources/com/eviware/soapui/resources/images/add_security_scan.gif; size: 1324 bytes; exists: false
       Install file: /home/labuser/SmartBear/SoapUI-5.8.0/source/main/resources/com/eviware/soapui/resources/images/add_to_test_case.png; size: 1261 bytes; exists: false
       Install file: /home/labuser/SmartBear/SoapUI-5.8.0/source/main/resources/com/eviware/soapui/resources/images/alert.png; size: 1151 bytes; exists: false
       Install file: /home/labuser/SmartBear/SoapUI-5.8.0/source/main/resources/com/eviware/soapui/resources/images/amf.gif; size: 877 bytes; exists: false
       Install file: /home/labuser/SmartBear/SoapUI-5.8.0/source/main/resources/com/eviware/soapui/resources/images/amf_request.png; size: 1262 bytes; exists: false
       Install file: /home/labuser/SmartBear/SoapUI-5.8.0/source/main/resources/com/eviware/soapui/resources/images/amf_request_1.png; size: 1261 bytes; exists: false
       Install file: /home/labuser/SmartBear/SoapUI-5.8.0/source/main/resources/com/eviware/soapui/resources/images/amf_request_2.png; size: 1261 bytes; exists: false
       Install file: /home/labuser/SmartBear/SoapUI-5.8.0/source/main/resources/com/eviware/soapui/resources/images/amf_request_3.png; size: 1268 bytes; exists: false
       Install file: /home/labuser/SmartBear/SoapUI-5.8.0/source/main/resources/com/eviware/soapui/resources/images/amf_request_4.png; size: 1269 bytes; exists: false
       Install file: /home/labuser/SmartBear/SoapUI-5.8.0/source/main/resources/com/eviware/soapui/resources/images/amf_request_step.png; size: 1237 bytes; exists: false
       Install file: /home/labuser/SmartBear/SoapUI-5.8.0/source/main/resources/com/eviware/soapui/resources/images/amin_exec_request.gif; size: 3457 bytes; exists: false
       Install file: /home/labuser/SmartBear/SoapUI-5.8.0/source/main/resources/com/eviware/soapui/resources/images/applications-system.png; size: 2544 bytes; exists: false
       Install file: /home/labuser/SmartBear/SoapUI-5.8.0/source/main/resources/com/eviware/soapui/resources/images/arrow_down.png; size: 379 bytes; exists: false
       Install file: /home/labuser/SmartBear/SoapUI-5.8.0/source/main/resources/com/eviware/soapui/resources/images/arrow_left.png; size: 1003 bytes; exists: false
       Install file: /home/labuser/SmartBear/SoapUI-5.8.0/source/main/resources/com/eviware/soapui/resources/images/arrow_right.png; size: 999 bytes; exists: false
       Install file: /home/labuser/SmartBear/SoapUI-5.8.0/source/main/resources/com/eviware/soapui/resources/images/assertion_test_step.gif; size: 1657 bytes; exists: false
       Install file: /home/labuser/SmartBear/SoapUI-5.8.0/source/main/resources/com/eviware/soapui/resources/images/assertions.png; size: 1278 bytes; exists: false
       Install file: /home/labuser/SmartBear/SoapUI-5.8.0/source/main/resources/com/eviware/soapui/resources/images/asyncResponseStep.gif; size: 190 bytes; exists: false
       Install file: /home/labuser/SmartBear/SoapUI-5.8.0/source/main/resources/com/eviware/soapui/resources/images/attribute.png; size: 4238 bytes; exists: false
       Install file: /home/labuser/SmartBear/SoapUI-5.8.0/source/main/resources/com/eviware/soapui/resources/images/average_loadtest_assertion.gif; size: 851 bytes; exists: false
       Install file: /home/labuser/SmartBear/SoapUI-5.8.0/source/main/resources/com/eviware/soapui/resources/images/big_arrow.png; size: 318 bytes; exists: false
       Install file: /home/labuser/SmartBear/SoapUI-5.8.0/source/main/resources/com/eviware/soapui/resources/images/boundary_scan.gif; size: 1247 bytes; exists: false
       Install file: /home/labuser/SmartBear/SoapUI-5.8.0/source/main/resources/com/eviware/soapui/resources/images/breakpoint_disabled.gif; size: 1273 bytes; exists: false
       Install file: /home/labuser/SmartBear/SoapUI-5.8.0/source/main/resources/com/eviware/soapui/resources/images/breakpoint_enabled.gif; size: 1281 bytes; exists: false
       Install file: /home/labuser/SmartBear/SoapUI-5.8.0/source/main/resources/com/eviware/soapui/resources/images/bullet_black.png; size: 211 bytes; exists: false
       Install file: /home/labuser/SmartBear/SoapUI-5.8.0/source/main/resources/com/eviware/soapui/resources/images/bullet_blue.png; size: 289 bytes; exists: false
       Install file: /home/labuser/SmartBear/SoapUI-5.8.0/source/main/resources/com/eviware/soapui/resources/images/bullet_green.png; size: 295 bytes; exists: false
       Install file: /home/labuser/SmartBear/SoapUI-5.8.0/source/main/resources/com/eviware/soapui/resources/images/bullet_red.png; size: 287 bytes; exists: false
       Install file: /home/labuser/SmartBear/SoapUI-5.8.0/source/main/resources/com/eviware/soapui/resources/images/button1.gif; size: 894 bytes; exists: false
       Install file: /home/labuser/SmartBear/SoapUI-5.8.0/source/main/resources/com/eviware/soapui/resources/images/button2.gif; size: 892 bytes; exists: false
       Install file: /home/labuser/SmartBear/SoapUI-5.8.0/source/main/resources/com/eviware/soapui/resources/images/cancel_request.png; size: 974 bytes; exists: false
       Install file: /home/labuser/SmartBear/SoapUI-5.8.0/source/main/resources/com/eviware/soapui/resources/images/check.png; size: 1172 bytes; exists: false
       Install file: /home/labuser/SmartBear/SoapUI-5.8.0/source/main/resources/com/eviware/soapui/resources/images/checkmark-dummy.png; size: 1071 bytes; exists: false
       Install file: /home/labuser/SmartBear/SoapUI-5.8.0/source/main/resources/com/eviware/soapui/resources/images/clear.png; size: 1293 bytes; exists: false
       Install file: /home/labuser/SmartBear/SoapUI-5.8.0/source/main/resources/com/eviware/soapui/resources/images/clear_database_props.gif; size: 854 bytes; exists: false
       Install file: /home/labuser/SmartBear/SoapUI-5.8.0/source/main/resources/com/eviware/soapui/resources/images/clear_errors.gif; size: 881 bytes; exists: false
       Install file: /home/labuser/SmartBear/SoapUI-5.8.0/source/main/resources/com/eviware/soapui/resources/images/clear_loadtest.gif; size: 872 bytes; exists: false
       Install file: /home/labuser/SmartBear/SoapUI-5.8.0/source/main/resources/com/eviware/soapui/resources/images/clear_properties.gif; size: 869 bytes; exists: false
       Install file: /home/labuser/SmartBear/SoapUI-5.8.0/source/main/resources/com/eviware/soapui/resources/images/clone.gif; size: 871 bytes; exists: false
       Install file: /home/labuser/SmartBear/SoapUI-5.8.0/source/main/resources/com/eviware/soapui/resources/images/clone.png; size: 1131 bytes; exists: false
       Install file: /home/labuser/SmartBear/SoapUI-5.8.0/source/main/resources/com/eviware/soapui/resources/images/clone_parameters.gif; size: 1230 bytes; exists: false
       Install file: /home/labuser/SmartBear/SoapUI-5.8.0/source/main/resources/com/eviware/soapui/resources/images/clone_parameters.png; size: 1215 bytes; exists: false
       Install file: /home/labuser/SmartBear/SoapUI-5.8.0/source/main/resources/com/eviware/soapui/resources/images/clone_request.gif; size: 871 bytes; exists: false
       Install file: /home/labuser/SmartBear/SoapUI-5.8.0/source/main/resources/com/eviware/soapui/resources/images/clone_sec_scan.gif; size: 1331 bytes; exists: false
       Install file: /home/labuser/SmartBear/SoapUI-5.8.0/source/main/resources/com/eviware/soapui/resources/images/closedEncryptedProject.gif; size: 118 bytes; exists: false
       Install file: /home/labuser/SmartBear/SoapUI-5.8.0/source/main/resources/com/eviware/soapui/resources/images/closedProject.gif; size: 508 bytes; exists: false
       Install file: /home/labuser/SmartBear/SoapUI-5.8.0/source/main/resources/com/eviware/soapui/resources/images/closed_project.png; size: 1090 bytes; exists: false
       Install file: /home/labuser/SmartBear/SoapUI-5.8.0/source/main/resources/com/eviware/soapui/resources/images/conditional_goto_step.png; size: 1193 bytes; exists: false
       Install file: /home/labuser/SmartBear/SoapUI-5.8.0/source/main/resources/com/eviware/soapui/resources/images/connector.png; size: 138 bytes; exists: false
       Install file: /home/labuser/SmartBear/SoapUI-5.8.0/source/main/resources/com/eviware/soapui/resources/images/convertLoadTestToLoadUI.png; size: 1499 bytes; exists: false
       Install file: /home/labuser/SmartBear/SoapUI-5.8.0/source/main/resources/com/eviware/soapui/resources/images/copy.png; size: 1167 bytes; exists: false
       Install file: /home/labuser/SmartBear/SoapUI-5.8.0/source/main/resources/com/eviware/soapui/resources/images/copy_method.png; size: 397 bytes; exists: false
       Install file: /home/labuser/SmartBear/SoapUI-5.8.0/source/main/resources/com/eviware/soapui/resources/images/copy_parameters.gif; size: 1238 bytes; exists: false
       Install file: /home/labuser/SmartBear/SoapUI-5.8.0/source/main/resources/com/eviware/soapui/resources/images/coverage.gif; size: 81 bytes; exists: false
       Install file: /home/labuser/SmartBear/SoapUI-5.8.0/source/main/resources/com/eviware/soapui/resources/images/coverageReport-unused.gif; size: 115 bytes; exists: false
       Install file: /home/labuser/SmartBear/SoapUI-5.8.0/source/main/resources/com/eviware/soapui/resources/images/create_empty_fault.gif; size: 135 bytes; exists: false
       Install file: /home/labuser/SmartBear/SoapUI-5.8.0/source/main/resources/com/eviware/soapui/resources/images/create_empty_method.gif; size: 869 bytes; exists: false
       Install file: /home/labuser/SmartBear/SoapUI-5.8.0/source/main/resources/com/eviware/soapui/resources/images/create_empty_request.gif; size: 869 bytes; exists: false
       Install file: /home/labuser/SmartBear/SoapUI-5.8.0/source/main/resources/com/eviware/soapui/resources/images/create_request_from_result.gif; size: 875 bytes; exists: false
       Install file: /home/labuser/SmartBear/SoapUI-5.8.0/source/main/resources/com/eviware/soapui/resources/images/cross_site_script_scan.gif; size: 1244 bytes; exists: false
       Install file: /home/labuser/SmartBear/SoapUI-5.8.0/source/main/resources/com/eviware/soapui/resources/images/datagen_step.png; size: 1286 bytes; exists: false
       Install file: /home/labuser/SmartBear/SoapUI-5.8.0/source/main/resources/com/eviware/soapui/resources/images/datasink_step.png; size: 1301 bytes; exists: false
       Install file: /home/labuser/SmartBear/SoapUI-5.8.0/source/main/resources/com/eviware/soapui/resources/images/datasource_failed.gif; size: 1285 bytes; exists: false
       Install file: /home/labuser/SmartBear/SoapUI-5.8.0/source/main/resources/com/eviware/soapui/resources/images/datasource_loop_step.png; size: 1502 bytes; exists: false
       Install file: /home/labuser/SmartBear/SoapUI-5.8.0/source/main/resources/com/eviware/soapui/resources/images/datasource_step.png; size: 1309 bytes; exists: false
       Install file: /home/labuser/SmartBear/SoapUI-5.8.0/source/main/resources/com/eviware/soapui/resources/images/declareNs.gif; size: 854 bytes; exists: false
       Install file: /home/labuser/SmartBear/SoapUI-5.8.0/source/main/resources/com/eviware/soapui/resources/images/default_properties.gif; size: 127 bytes; exists: false
       Install file: /home/labuser/SmartBear/SoapUI-5.8.0/source/main/resources/com/eviware/soapui/resources/images/delay_step.png; size: 1313 bytes; exists: false
       Install file: /home/labuser/SmartBear/SoapUI-5.8.0/source/main/resources/com/eviware/soapui/resources/images/delete.png; size: 1215 bytes; exists: false
       Install file: /home/labuser/SmartBear/SoapUI-5.8.0/source/main/resources/com/eviware/soapui/resources/images/delete_method.png; size: 1194 bytes; exists: false
       Install file: /home/labuser/SmartBear/SoapUI-5.8.0/source/main/resources/com/eviware/soapui/resources/images/disabledProject.gif; size: 891 bytes; exists: false
       Install file: /home/labuser/SmartBear/SoapUI-5.8.0/source/main/resources/com/eviware/soapui/resources/images/disabled_amf_request_step.png; size: 1243 bytes; exists: false
       Install file: /home/labuser/SmartBear/SoapUI-5.8.0/source/main/resources/com/eviware/soapui/resources/images/disabled_encrypted_project.png; size: 1183 bytes; exists: false
       Install file: /home/labuser/SmartBear/SoapUI-5.8.0/source/main/resources/com/eviware/soapui/resources/images/disabled_http_request_step.png; size: 1235 bytes; exists: false
       Install file: /home/labuser/SmartBear/SoapUI-5.8.0/source/main/resources/com/eviware/soapui/resources/images/disabled_jdbc_request_step.png; size: 1265 bytes; exists: false
       Install file: /home/labuser/SmartBear/SoapUI-5.8.0/source/main/resources/com/eviware/soapui/resources/images/disabled_project.png; size: 1205 bytes; exists: false
       Install file: /home/labuser/SmartBear/SoapUI-5.8.0/source/main/resources/com/eviware/soapui/resources/images/disabled_request.gif; size: 1266 bytes; exists: false
       Install file: /home/labuser/SmartBear/SoapUI-5.8.0/source/main/resources/com/eviware/soapui/resources/images/disabled_rest_request.gif; size: 128 bytes; exists: false
       Install file: /home/labuser/SmartBear/SoapUI-5.8.0/source/main/resources/com/eviware/soapui/resources/images/disabled_rest_request_step.png; size: 1254 bytes; exists: false
       Install file: /home/labuser/SmartBear/SoapUI-5.8.0/source/main/resources/com/eviware/soapui/resources/images/disk_multiple.png; size: 691 bytes; exists: false
       Install file: /home/labuser/SmartBear/SoapUI-5.8.0/source/main/resources/com/eviware/soapui/resources/images/disk_multiple_toolbar.png; size: 1104 bytes; exists: false
       Install file: /home/labuser/SmartBear/SoapUI-5.8.0/source/main/resources/com/eviware/soapui/resources/images/dot.gif; size: 807 bytes; exists: false
       Install file: /home/labuser/SmartBear/SoapUI-5.8.0/source/main/resources/com/eviware/soapui/resources/images/down_arrow.gif; size: 833 bytes; exists: false
       Install file: /home/labuser/SmartBear/SoapUI-5.8.0/source/main/resources/com/eviware/soapui/resources/images/element.png; size: 4319 bytes; exists: false
       Install file: /home/labuser/SmartBear/SoapUI-5.8.0/source/main/resources/com/eviware/soapui/resources/images/encrypted_project.png; size: 1141 bytes; exists: false
       Install file: /home/labuser/SmartBear/SoapUI-5.8.0/source/main/resources/com/eviware/soapui/resources/images/errors_loadtest_assertion.gif; size: 856 bytes; exists: false
       Install file: /home/labuser/SmartBear/SoapUI-5.8.0/source/main/resources/com/eviware/soapui/resources/images/exclamation-dummy.png; size: 974 bytes; exists: false
       Install file: /home/labuser/SmartBear/SoapUI-5.8.0/source/main/resources/com/eviware/soapui/resources/images/exec_http_request_1.gif; size: 85 bytes; exists: false
       Install file: /home/labuser/SmartBear/SoapUI-5.8.0/source/main/resources/com/eviware/soapui/resources/images/exec_http_request_2.gif; size: 85 bytes; exists: false
       Install file: /home/labuser/SmartBear/SoapUI-5.8.0/source/main/resources/com/eviware/soapui/resources/images/exec_http_request_3.gif; size: 84 bytes; exists: false
       Install file: /home/labuser/SmartBear/SoapUI-5.8.0/source/main/resources/com/eviware/soapui/resources/images/exec_http_request_4.gif; size: 85 bytes; exists: false
       Install file: /home/labuser/SmartBear/SoapUI-5.8.0/source/main/resources/com/eviware/soapui/resources/images/exec_jdbc_request.gif; size: 82 bytes; exists: false
       Install file: /home/labuser/SmartBear/SoapUI-5.8.0/source/main/resources/com/eviware/soapui/resources/images/exec_jdbc_request_1.gif; size: 85 bytes; exists: false
       Install file: /home/labuser/SmartBear/SoapUI-5.8.0/source/main/resources/com/eviware/soapui/resources/images/exec_jdbc_request_2.gif; size: 87 bytes; exists: false
       Install file: /home/labuser/SmartBear/SoapUI-5.8.0/source/main/resources/com/eviware/soapui/resources/images/exec_jdbc_request_3.gif; size: 85 bytes; exists: false
       Install file: /home/labuser/SmartBear/SoapUI-5.8.0/source/main/resources/com/eviware/soapui/resources/images/exec_jdbc_request_4.gif; size: 87 bytes; exists: false
       Install file: /home/labuser/SmartBear/SoapUI-5.8.0/source/main/resources/com/eviware/soapui/resources/images/exec_mockResponse_1.gif; size: 101 bytes; exists: false
       Install file: /home/labuser/SmartBear/SoapUI-5.8.0/source/main/resources/com/eviware/soapui/resources/images/exec_mockResponse_2.gif; size: 103 bytes; exists: false
       Install file: /home/labuser/SmartBear/SoapUI-5.8.0/source/main/resources/com/eviware/soapui/resources/images/exec_mockResponse_3.gif; size: 100 bytes; exists: false
       Install file: /home/labuser/SmartBear/SoapUI-5.8.0/source/main/resources/com/eviware/soapui/resources/images/exec_mockResponse_4.gif; size: 102 bytes; exists: false
       Install file: /home/labuser/SmartBear/SoapUI-5.8.0/source/main/resources/com/eviware/soapui/resources/images/exec_request.png; size: 1339 bytes; exists: false
       Install file: /home/labuser/SmartBear/SoapUI-5.8.0/source/main/resources/com/eviware/soapui/resources/images/exec_request_1.png; size: 1345 bytes; exists: false
       Install file: /home/labuser/SmartBear/SoapUI-5.8.0/source/main/resources/com/eviware/soapui/resources/images/exec_request_2.png; size: 1347 bytes; exists: false
       Install file: /home/labuser/SmartBear/SoapUI-5.8.0/source/main/resources/com/eviware/soapui/resources/images/exec_request_3.png; size: 1348 bytes; exists: false
       Install file: /home/labuser/SmartBear/SoapUI-5.8.0/source/main/resources/com/eviware/soapui/resources/images/exec_request_4.png; size: 1343 bytes; exists: false
       Install file: /home/labuser/SmartBear/SoapUI-5.8.0/source/main/resources/com/eviware/soapui/resources/images/exec_rest_request.png; size: 1305 bytes; exists: false
       Install file: /home/labuser/SmartBear/SoapUI-5.8.0/source/main/resources/com/eviware/soapui/resources/images/exec_rest_request_1.png; size: 1308 bytes; exists: false
       Install file: /home/labuser/SmartBear/SoapUI-5.8.0/source/main/resources/com/eviware/soapui/resources/images/exec_rest_request_2.png; size: 1311 bytes; exists: false
       Install file: /home/labuser/SmartBear/SoapUI-5.8.0/source/main/resources/com/eviware/soapui/resources/images/exec_rest_request_3.png; size: 1305 bytes; exists: false
       Install file: /home/labuser/SmartBear/SoapUI-5.8.0/source/main/resources/com/eviware/soapui/resources/images/exec_rest_request_4.png; size: 1310 bytes; exists: false
       Install file: /home/labuser/SmartBear/SoapUI-5.8.0/source/main/resources/com/eviware/soapui/resources/images/export.png; size: 1240 bytes; exists: false
       Install file: /home/labuser/SmartBear/SoapUI-5.8.0/source/main/resources/com/eviware/soapui/resources/images/export2.gif; size: 889 bytes; exists: false
       Install file: /home/labuser/SmartBear/SoapUI-5.8.0/source/main/resources/com/eviware/soapui/resources/images/exportDefinition.gif; size: 889 bytes; exists: false
       Install file: /home/labuser/SmartBear/SoapUI-5.8.0/source/main/resources/com/eviware/soapui/resources/images/failed_assertion.gif; size: 881 bytes; exists: false
       Install file: /home/labuser/SmartBear/SoapUI-5.8.0/source/main/resources/com/eviware/soapui/resources/images/failed_groovy_step.png; size: 1207 bytes; exists: false
       Install file: /home/labuser/SmartBear/SoapUI-5.8.0/source/main/resources/com/eviware/soapui/resources/images/failed_properties_step.png; size: 1195 bytes; exists: false
       Install file: /home/labuser/SmartBear/SoapUI-5.8.0/source/main/resources/com/eviware/soapui/resources/images/failed_property_transfer_step.png; size: 1174 bytes; exists: false
       Install file: /home/labuser/SmartBear/SoapUI-5.8.0/source/main/resources/com/eviware/soapui/resources/images/failed_securitytest.gif; size: 881 bytes; exists: false
       Install file: /home/labuser/SmartBear/SoapUI-5.8.0/source/main/resources/com/eviware/soapui/resources/images/favicon.png; size: 868 bytes; exists: false
       Install file: /home/labuser/SmartBear/SoapUI-5.8.0/source/main/resources/com/eviware/soapui/resources/images/favicon_toolbar.png; size: 1016 bytes; exists: false
       Install file: /home/labuser/SmartBear/SoapUI-5.8.0/source/main/resources/com/eviware/soapui/resources/images/find.png; size: 659 bytes; exists: false
       Install file: /home/labuser/SmartBear/SoapUI-5.8.0/source/main/resources/com/eviware/soapui/resources/images/format_request.gif; size: 878 bytes; exists: false
       Install file: /home/labuser/SmartBear/SoapUI-5.8.0/source/main/resources/com/eviware/soapui/resources/images/forum.png; size: 1265 bytes; exists: false
       Install file: /home/labuser/SmartBear/SoapUI-5.8.0/source/main/resources/com/eviware/soapui/resources/images/fuzzer_security_scan.gif; size: 1304 bytes; exists: false
       Install file: /home/labuser/SmartBear/SoapUI-5.8.0/source/main/resources/com/eviware/soapui/resources/images/get_data_button.gif; size: 864 bytes; exists: false
       Install file: /home/labuser/SmartBear/SoapUI-5.8.0/source/main/resources/com/eviware/soapui/resources/images/get_method.png; size: 1205 bytes; exists: false
       Install file: /home/labuser/SmartBear/SoapUI-5.8.0/source/main/resources/com/eviware/soapui/resources/images/graphql-request-disabled.png; size: 500 bytes; exists: false
       Install file: /home/labuser/SmartBear/SoapUI-5.8.0/source/main/resources/com/eviware/soapui/resources/images/graphql-request-fail.png; size: 586 bytes; exists: false
       Install file: /home/labuser/SmartBear/SoapUI-5.8.0/source/main/resources/com/eviware/soapui/resources/images/graphql-request-pass.png; size: 589 bytes; exists: false
       Install file: /home/labuser/SmartBear/SoapUI-5.8.0/source/main/resources/com/eviware/soapui/resources/images/graphql-request.png; size: 572 bytes; exists: false
       Install file: /home/labuser/SmartBear/SoapUI-5.8.0/source/main/resources/com/eviware/soapui/resources/images/groovy_script_scan.gif; size: 1215 bytes; exists: false
       Install file: /home/labuser/SmartBear/SoapUI-5.8.0/source/main/resources/com/eviware/soapui/resources/images/groovy_script_step.png; size: 1224 bytes; exists: false
       Install file: /home/labuser/SmartBear/SoapUI-5.8.0/source/main/resources/com/eviware/soapui/resources/images/group_go.png; size: 842 bytes; exists: false
       Install file: /home/labuser/SmartBear/SoapUI-5.8.0/source/main/resources/com/eviware/soapui/resources/images/head_method.gif; size: 100 bytes; exists: false
       Install file: /home/labuser/SmartBear/SoapUI-5.8.0/source/main/resources/com/eviware/soapui/resources/images/help-browser.png; size: 1012 bytes; exists: false
       Install file: /home/labuser/SmartBear/SoapUI-5.8.0/source/main/resources/com/eviware/soapui/resources/images/hermes-16x16.gif; size: 242 bytes; exists: false
       Install file: /home/labuser/SmartBear/SoapUI-5.8.0/source/main/resources/com/eviware/soapui/resources/images/http_request.gif; size: 93 bytes; exists: false
       Install file: /home/labuser/SmartBear/SoapUI-5.8.0/source/main/resources/com/eviware/soapui/resources/images/http_request.png; size: 1233 bytes; exists: false
       Install file: /home/labuser/SmartBear/SoapUI-5.8.0/source/main/resources/com/eviware/soapui/resources/images/http_request_1.png; size: 1237 bytes; exists: false
       Install file: /home/labuser/SmartBear/SoapUI-5.8.0/source/main/resources/com/eviware/soapui/resources/images/http_request_2.png; size: 1235 bytes; exists: false
       Install file: /home/labuser/SmartBear/SoapUI-5.8.0/source/main/resources/com/eviware/soapui/resources/images/http_request_3.png; size: 1233 bytes; exists: false
       Install file: /home/labuser/SmartBear/SoapUI-5.8.0/source/main/resources/com/eviware/soapui/resources/images/http_request_4.png; size: 1243 bytes; exists: false
       Install file: /home/labuser/SmartBear/SoapUI-5.8.0/source/main/resources/com/eviware/soapui/resources/images/http_request_5.png; size: 1235 bytes; exists: false
       Install file: /home/labuser/SmartBear/SoapUI-5.8.0/source/main/resources/com/eviware/soapui/resources/images/http_request_step.png; size: 1232 bytes; exists: false
       Install file: /home/labuser/SmartBear/SoapUI-5.8.0/source/main/resources/com/eviware/soapui/resources/images/icon_resize.gif; size: 61 bytes; exists: false
       Install file: /home/labuser/SmartBear/SoapUI-5.8.0/source/main/resources/com/eviware/soapui/resources/images/import_project.gif; size: 881 bytes; exists: false
       Install file: /home/labuser/SmartBear/SoapUI-5.8.0/source/main/resources/com/eviware/soapui/resources/images/import_toolbar_icon.png; size: 1197 bytes; exists: false
       Install file: /home/labuser/SmartBear/SoapUI-5.8.0/source/main/resources/com/eviware/soapui/resources/images/interface.png; size: 1245 bytes; exists: false
       Install file: /home/labuser/SmartBear/SoapUI-5.8.0/source/main/resources/com/eviware/soapui/resources/images/invalid_amf_request_step.png; size: 1236 bytes; exists: false
       Install file: /home/labuser/SmartBear/SoapUI-5.8.0/source/main/resources/com/eviware/soapui/resources/images/invalid_http_request_step.png; size: 1251 bytes; exists: false
       Install file: /home/labuser/SmartBear/SoapUI-5.8.0/source/main/resources/com/eviware/soapui/resources/images/invalid_jdbc_request_step.png; size: 1329 bytes; exists: false
       Install file: /home/labuser/SmartBear/SoapUI-5.8.0/source/main/resources/com/eviware/soapui/resources/images/invalid_rest_request.gif; size: 914 bytes; exists: false
       Install file: /home/labuser/SmartBear/SoapUI-5.8.0/source/main/resources/com/eviware/soapui/resources/images/invalid_rest_request_step.png; size: 1284 bytes; exists: false
       Install file: /home/labuser/SmartBear/SoapUI-5.8.0/source/main/resources/com/eviware/soapui/resources/images/invalid_soap_request_step.png; size: 1332 bytes; exists: false
       Install file: /home/labuser/SmartBear/SoapUI-5.8.0/source/main/resources/com/eviware/soapui/resources/images/invalid_types_scan.gif; size: 1225 bytes; exists: false
       Install file: /home/labuser/SmartBear/SoapUI-5.8.0/source/main/resources/com/eviware/soapui/resources/images/jdbc_request.png; size: 1295 bytes; exists: false
       Install file: /home/labuser/SmartBear/SoapUI-5.8.0/source/main/resources/com/eviware/soapui/resources/images/jdbc_request_1.png; size: 1294 bytes; exists: false
       Install file: /home/labuser/SmartBear/SoapUI-5.8.0/source/main/resources/com/eviware/soapui/resources/images/jdbc_request_2.png; size: 1298 bytes; exists: false
       Install file: /home/labuser/SmartBear/SoapUI-5.8.0/source/main/resources/com/eviware/soapui/resources/images/jdbc_request_3.png; size: 1300 bytes; exists: false
       Install file: /home/labuser/SmartBear/SoapUI-5.8.0/source/main/resources/com/eviware/soapui/resources/images/jdbc_request_4.png; size: 1300 bytes; exists: false
       Install file: /home/labuser/SmartBear/SoapUI-5.8.0/source/main/resources/com/eviware/soapui/resources/images/jdbc_request_5.png; size: 1302 bytes; exists: false
       Install file: /home/labuser/SmartBear/SoapUI-5.8.0/source/main/resources/com/eviware/soapui/resources/images/jdbc_request_step.png; size: 1287 bytes; exists: false
       Install file: /home/labuser/SmartBear/SoapUI-5.8.0/source/main/resources/com/eviware/soapui/resources/images/jdbcrequest.gif; size: 897 bytes; exists: false
       Install file: /home/labuser/SmartBear/SoapUI-5.8.0/source/main/resources/com/eviware/soapui/resources/images/jdbcrequest_failed.gif; size: 889 bytes; exists: false
       Install file: /home/labuser/SmartBear/SoapUI-5.8.0/source/main/resources/com/eviware/soapui/resources/images/launchLoadUI.png; size: 1490 bytes; exists: false
       Install file: /home/labuser/SmartBear/SoapUI-5.8.0/source/main/resources/com/eviware/soapui/resources/images/left_arrow.gif; size: 833 bytes; exists: false
       Install file: /home/labuser/SmartBear/SoapUI-5.8.0/source/main/resources/com/eviware/soapui/resources/images/link.png; size: 343 bytes; exists: false
       Install file: /home/labuser/SmartBear/SoapUI-5.8.0/source/main/resources/com/eviware/soapui/resources/images/loadTest.png; size: 1311 bytes; exists: false
       Install file: /home/labuser/SmartBear/SoapUI-5.8.0/source/main/resources/com/eviware/soapui/resources/images/load_properties.gif; size: 894 bytes; exists: false
       Install file: /home/labuser/SmartBear/SoapUI-5.8.0/source/main/resources/com/eviware/soapui/resources/images/loadtest_log_message.gif; size: 842 bytes; exists: false
       Install file: /home/labuser/SmartBear/SoapUI-5.8.0/source/main/resources/com/eviware/soapui/resources/images/loadtests.png; size: 1427 bytes; exists: false
       Install file: /home/labuser/SmartBear/SoapUI-5.8.0/source/main/resources/com/eviware/soapui/resources/images/lock.png; size: 1223 bytes; exists: false
       Install file: /home/labuser/SmartBear/SoapUI-5.8.0/source/main/resources/com/eviware/soapui/resources/images/lock_method.png; size: 360 bytes; exists: false
       Install file: /home/labuser/SmartBear/SoapUI-5.8.0/source/main/resources/com/eviware/soapui/resources/images/loop.gif; size: 903 bytes; exists: false
       Install file: /home/labuser/SmartBear/SoapUI-5.8.0/source/main/resources/com/eviware/soapui/resources/images/loop.png; size: 1298 bytes; exists: false
       Install file: /home/labuser/SmartBear/SoapUI-5.8.0/source/main/resources/com/eviware/soapui/resources/images/malformed_xml_scan.gif; size: 1210 bytes; exists: false
       Install file: /home/labuser/SmartBear/SoapUI-5.8.0/source/main/resources/com/eviware/soapui/resources/images/malicious_attachment_scan.gif; size: 1245 bytes; exists: false
       Install file: /home/labuser/SmartBear/SoapUI-5.8.0/source/main/resources/com/eviware/soapui/resources/images/manual_step.png; size: 1152 bytes; exists: false
       Install file: /home/labuser/SmartBear/SoapUI-5.8.0/source/main/resources/com/eviware/soapui/resources/images/max_loadtest_assertion.gif; size: 849 bytes; exists: false
       Install file: /home/labuser/SmartBear/SoapUI-5.8.0/source/main/resources/com/eviware/soapui/resources/images/minus.gif; size: 158 bytes; exists: false
       Install file: /home/labuser/SmartBear/SoapUI-5.8.0/source/main/resources/com/eviware/soapui/resources/images/missing_assertion.gif; size: 1215 bytes; exists: false
       Install file: /home/labuser/SmartBear/SoapUI-5.8.0/source/main/resources/com/eviware/soapui/resources/images/mockOperation.gif; size: 875 bytes; exists: false
       Install file: /home/labuser/SmartBear/SoapUI-5.8.0/source/main/resources/com/eviware/soapui/resources/images/mockResponse.gif; size: 190 bytes; exists: false
       Install file: /home/labuser/SmartBear/SoapUI-5.8.0/source/main/resources/com/eviware/soapui/resources/images/mockResponseStep.gif; size: 190 bytes; exists: false
       Install file: /home/labuser/SmartBear/SoapUI-5.8.0/source/main/resources/com/eviware/soapui/resources/images/mockService_1.gif; size: 860 bytes; exists: false
       Install file: /home/labuser/SmartBear/SoapUI-5.8.0/source/main/resources/com/eviware/soapui/resources/images/mockService_2.gif; size: 861 bytes; exists: false
       Install file: /home/labuser/SmartBear/SoapUI-5.8.0/source/main/resources/com/eviware/soapui/resources/images/mockService_3.gif; size: 858 bytes; exists: false
       Install file: /home/labuser/SmartBear/SoapUI-5.8.0/source/main/resources/com/eviware/soapui/resources/images/mockService_4.gif; size: 862 bytes; exists: false
       Install file: /home/labuser/SmartBear/SoapUI-5.8.0/source/main/resources/com/eviware/soapui/resources/images/mock_delete_method.gif; size: 1142 bytes; exists: false
       Install file: /home/labuser/SmartBear/SoapUI-5.8.0/source/main/resources/com/eviware/soapui/resources/images/mock_get_method.gif; size: 1139 bytes; exists: false
       Install file: /home/labuser/SmartBear/SoapUI-5.8.0/source/main/resources/com/eviware/soapui/resources/images/mock_head_method.gif; size: 1154 bytes; exists: false
       Install file: /home/labuser/SmartBear/SoapUI-5.8.0/source/main/resources/com/eviware/soapui/resources/images/mock_options_method.gif; size: 1144 bytes; exists: false
       Install file: /home/labuser/SmartBear/SoapUI-5.8.0/source/main/resources/com/eviware/soapui/resources/images/mock_patch_method.gif; size: 1152 bytes; exists: false
       Install file: /home/labuser/SmartBear/SoapUI-5.8.0/source/main/resources/com/eviware/soapui/resources/images/mock_post_method.gif; size: 1148 bytes; exists: false
       Install file: /home/labuser/SmartBear/SoapUI-5.8.0/source/main/resources/com/eviware/soapui/resources/images/mock_put_method.gif; size: 1141 bytes; exists: false
       Install file: /home/labuser/SmartBear/SoapUI-5.8.0/source/main/resources/com/eviware/soapui/resources/images/mock_trace_method.gif; size: 1153 bytes; exists: false
       Install file: /home/labuser/SmartBear/SoapUI-5.8.0/source/main/resources/com/eviware/soapui/resources/images/mocknotificationoperation.gif; size: 73 bytes; exists: false
       Install file: /home/labuser/SmartBear/SoapUI-5.8.0/source/main/resources/com/eviware/soapui/resources/images/mocksolicitresponseoperation.gif; size: 90 bytes; exists: false
       Install file: /home/labuser/SmartBear/SoapUI-5.8.0/source/main/resources/com/eviware/soapui/resources/images/new-empty-project-icon.png; size: 1283 bytes; exists: false
       Install file: /home/labuser/SmartBear/SoapUI-5.8.0/source/main/resources/com/eviware/soapui/resources/images/new-rest-project-icon.png; size: 1401 bytes; exists: false
       Install file: /home/labuser/SmartBear/SoapUI-5.8.0/source/main/resources/com/eviware/soapui/resources/images/new-soap-project-icon.png; size: 1391 bytes; exists: false
       Install file: /home/labuser/SmartBear/SoapUI-5.8.0/source/main/resources/com/eviware/soapui/resources/images/notificationoperation.gif; size: 72 bytes; exists: false
       Install file: /home/labuser/SmartBear/SoapUI-5.8.0/source/main/resources/com/eviware/soapui/resources/images/onewaymockoperation.gif; size: 846 bytes; exists: false
       Install file: /home/labuser/SmartBear/SoapUI-5.8.0/source/main/resources/com/eviware/soapui/resources/images/onewayoperation.gif; size: 842 bytes; exists: false
       Install file: /home/labuser/SmartBear/SoapUI-5.8.0/source/main/resources/com/eviware/soapui/resources/images/online_help.gif; size: 861 bytes; exists: false
       Install file: /home/labuser/SmartBear/SoapUI-5.8.0/source/main/resources/com/eviware/soapui/resources/images/openEncryptedProject.gif; size: 133 bytes; exists: false
       Install file: /home/labuser/SmartBear/SoapUI-5.8.0/source/main/resources/com/eviware/soapui/resources/images/open_request.gif; size: 884 bytes; exists: false
       Install file: /home/labuser/SmartBear/SoapUI-5.8.0/source/main/resources/com/eviware/soapui/resources/images/operation.png; size: 1281 bytes; exists: false
       Install file: /home/labuser/SmartBear/SoapUI-5.8.0/source/main/resources/com/eviware/soapui/resources/images/options.png; size: 611 bytes; exists: false
       Install file: /home/labuser/SmartBear/SoapUI-5.8.0/source/main/resources/com/eviware/soapui/resources/images/options_method.gif; size: 90 bytes; exists: false
       Install file: /home/labuser/SmartBear/SoapUI-5.8.0/source/main/resources/com/eviware/soapui/resources/images/options_old.gif; size: 878 bytes; exists: false
       Install file: /home/labuser/SmartBear/SoapUI-5.8.0/source/main/resources/com/eviware/soapui/resources/images/options_toolbar.png; size: 1105 bytes; exists: false
       Install file: /home/labuser/SmartBear/SoapUI-5.8.0/source/main/resources/com/eviware/soapui/resources/images/parallell.gif; size: 864 bytes; exists: false
       Install file: /home/labuser/SmartBear/SoapUI-5.8.0/source/main/resources/com/eviware/soapui/resources/images/patch_method.png; size: 1281 bytes; exists: false
       Install file: /home/labuser/SmartBear/SoapUI-5.8.0/source/main/resources/com/eviware/soapui/resources/images/plus.gif; size: 163 bytes; exists: false
       Install file: /home/labuser/SmartBear/SoapUI-5.8.0/source/main/resources/com/eviware/soapui/resources/images/plus_greyout.gif; size: 237 bytes; exists: false
       Install file: /home/labuser/SmartBear/SoapUI-5.8.0/source/main/resources/com/eviware/soapui/resources/images/pop-down-close.png; size: 1021 bytes; exists: false
       Install file: /home/labuser/SmartBear/SoapUI-5.8.0/source/main/resources/com/eviware/soapui/resources/images/pop-down-open.png; size: 1012 bytes; exists: false
       Install file: /home/labuser/SmartBear/SoapUI-5.8.0/source/main/resources/com/eviware/soapui/resources/images/post_method.png; size: 1279 bytes; exists: false
       Install file: /home/labuser/SmartBear/SoapUI-5.8.0/source/main/resources/com/eviware/soapui/resources/images/preferences-system-small.png; size: 3525 bytes; exists: false
       Install file: /home/labuser/SmartBear/SoapUI-5.8.0/source/main/resources/com/eviware/soapui/resources/images/preferences-system.png; size: 2129 bytes; exists: false
       Install file: /home/labuser/SmartBear/SoapUI-5.8.0/source/main/resources/com/eviware/soapui/resources/images/preferences.png; size: 1235 bytes; exists: false
       Install file: /home/labuser/SmartBear/SoapUI-5.8.0/source/main/resources/com/eviware/soapui/resources/images/preferences_toolbar_icon.png; size: 1371 bytes; exists: false
       Install file: /home/labuser/SmartBear/SoapUI-5.8.0/source/main/resources/com/eviware/soapui/resources/images/previewscroller.gif; size: 852 bytes; exists: false
       Install file: /home/labuser/SmartBear/SoapUI-5.8.0/source/main/resources/com/eviware/soapui/resources/images/project.png; size: 1095 bytes; exists: false
       Install file: /home/labuser/SmartBear/SoapUI-5.8.0/source/main/resources/com/eviware/soapui/resources/images/properties_step.png; size: 1088 bytes; exists: false
       Install file: /home/labuser/SmartBear/SoapUI-5.8.0/source/main/resources/com/eviware/soapui/resources/images/property_transfer_step.png; size: 1182 bytes; exists: false
       Install file: /home/labuser/SmartBear/SoapUI-5.8.0/source/main/resources/com/eviware/soapui/resources/images/propfind_method.png; size: 357 bytes; exists: false
       Install file: /home/labuser/SmartBear/SoapUI-5.8.0/source/main/resources/com/eviware/soapui/resources/images/proxyDisabled.png; size: 918 bytes; exists: false
       Install file: /home/labuser/SmartBear/SoapUI-5.8.0/source/main/resources/com/eviware/soapui/resources/images/proxyDisabled_toolbar.png; size: 1012 bytes; exists: false
       Install file: /home/labuser/SmartBear/SoapUI-5.8.0/source/main/resources/com/eviware/soapui/resources/images/proxyEnabled.png; size: 933 bytes; exists: false
       Install file: /home/labuser/SmartBear/SoapUI-5.8.0/source/main/resources/com/eviware/soapui/resources/images/proxyEnabled_toolbar.png; size: 1025 bytes; exists: false
       Install file: /home/labuser/SmartBear/SoapUI-5.8.0/source/main/resources/com/eviware/soapui/resources/images/purge_method.png; size: 319 bytes; exists: false
       Install file: /home/labuser/SmartBear/SoapUI-5.8.0/source/main/resources/com/eviware/soapui/resources/images/put_method.png; size: 1191 bytes; exists: false
       Install file: /home/labuser/SmartBear/SoapUI-5.8.0/source/main/resources/com/eviware/soapui/resources/images/record_1.gif; size: 1107 bytes; exists: false
       Install file: /home/labuser/SmartBear/SoapUI-5.8.0/source/main/resources/com/eviware/soapui/resources/images/record_2.gif; size: 1116 bytes; exists: false
       Install file: /home/labuser/SmartBear/SoapUI-5.8.0/source/main/resources/com/eviware/soapui/resources/images/record_http_false.gif; size: 244 bytes; exists: false
       Install file: /home/labuser/SmartBear/SoapUI-5.8.0/source/main/resources/com/eviware/soapui/resources/images/record_http_true.gif; size: 350 bytes; exists: false
       Install file: /home/labuser/SmartBear/SoapUI-5.8.0/source/main/resources/com/eviware/soapui/resources/images/recreate_request.gif; size: 127 bytes; exists: false
       Install file: /home/labuser/SmartBear/SoapUI-5.8.0/source/main/resources/com/eviware/soapui/resources/images/refresh-dummy.png; size: 289 bytes; exists: false
       Install file: /home/labuser/SmartBear/SoapUI-5.8.0/source/main/resources/com/eviware/soapui/resources/images/reload_properties.gif; size: 127 bytes; exists: false
       Install file: /home/labuser/SmartBear/SoapUI-5.8.0/source/main/resources/com/eviware/soapui/resources/images/remoteProject.gif; size: 888 bytes; exists: false
       Install file: /home/labuser/SmartBear/SoapUI-5.8.0/source/main/resources/com/eviware/soapui/resources/images/remote_project.png; size: 1208 bytes; exists: false
       Install file: /home/labuser/SmartBear/SoapUI-5.8.0/source/main/resources/com/eviware/soapui/resources/images/remove_assertion.gif; size: 863 bytes; exists: false
       Install file: /home/labuser/SmartBear/SoapUI-5.8.0/source/main/resources/com/eviware/soapui/resources/images/remove_environment.gif; size: 1324 bytes; exists: false
       Install file: /home/labuser/SmartBear/SoapUI-5.8.0/source/main/resources/com/eviware/soapui/resources/images/remove_property.gif; size: 875 bytes; exists: false
       Install file: /home/labuser/SmartBear/SoapUI-5.8.0/source/main/resources/com/eviware/soapui/resources/images/remove_security_scan.gif; size: 1324 bytes; exists: false
       Install file: /home/labuser/SmartBear/SoapUI-5.8.0/source/main/resources/com/eviware/soapui/resources/images/rename.gif; size: 852 bytes; exists: false
       Install file: /home/labuser/SmartBear/SoapUI-5.8.0/source/main/resources/com/eviware/soapui/resources/images/report.png; size: 1063 bytes; exists: false
       Install file: /home/labuser/SmartBear/SoapUI-5.8.0/source/main/resources/com/eviware/soapui/resources/images/reset_loadtest.gif; size: 869 bytes; exists: false
       Install file: /home/labuser/SmartBear/SoapUI-5.8.0/source/main/resources/com/eviware/soapui/resources/images/reset_loadtest_statistics.gif; size: 869 bytes; exists: false
       Install file: /home/labuser/SmartBear/SoapUI-5.8.0/source/main/resources/com/eviware/soapui/resources/images/restMockResponse.gif; size: 1150 bytes; exists: false
       Install file: /home/labuser/SmartBear/SoapUI-5.8.0/source/main/resources/com/eviware/soapui/resources/images/restMockService_1.gif; size: 1220 bytes; exists: false
       Install file: /home/labuser/SmartBear/SoapUI-5.8.0/source/main/resources/com/eviware/soapui/resources/images/restMockService_2.gif; size: 1221 bytes; exists: false
       Install file: /home/labuser/SmartBear/SoapUI-5.8.0/source/main/resources/com/eviware/soapui/resources/images/restMockService_3.gif; size: 1219 bytes; exists: false
       Install file: /home/labuser/SmartBear/SoapUI-5.8.0/source/main/resources/com/eviware/soapui/resources/images/restMockService_4.gif; size: 1222 bytes; exists: false
       Install file: /home/labuser/SmartBear/SoapUI-5.8.0/source/main/resources/com/eviware/soapui/resources/images/rest_method.gif; size: 863 bytes; exists: false
       Install file: /home/labuser/SmartBear/SoapUI-5.8.0/source/main/resources/com/eviware/soapui/resources/images/rest_request.png; size: 1303 bytes; exists: false
       Install file: /home/labuser/SmartBear/SoapUI-5.8.0/source/main/resources/com/eviware/soapui/resources/images/rest_request_step.png; size: 1277 bytes; exists: false
       Install file: /home/labuser/SmartBear/SoapUI-5.8.0/source/main/resources/com/eviware/soapui/resources/images/rest_resource.png; size: 1132 bytes; exists: false
       Install file: /home/labuser/SmartBear/SoapUI-5.8.0/source/main/resources/com/eviware/soapui/resources/images/rest_service.png; size: 1222 bytes; exists: false
       Install file: /home/labuser/SmartBear/SoapUI-5.8.0/source/main/resources/com/eviware/soapui/resources/images/rest_virt.png; size: 1281 bytes; exists: false
       Install file: /home/labuser/SmartBear/SoapUI-5.8.0/source/main/resources/com/eviware/soapui/resources/images/rest_virt_1.gif; size: 1451 bytes; exists: false
       Install file: /home/labuser/SmartBear/SoapUI-5.8.0/source/main/resources/com/eviware/soapui/resources/images/rest_virt_1.png; size: 1285 bytes; exists: false
       Install file: /home/labuser/SmartBear/SoapUI-5.8.0/source/main/resources/com/eviware/soapui/resources/images/rest_virt_10.png; size: 1296 bytes; exists: false
       Install file: /home/labuser/SmartBear/SoapUI-5.8.0/source/main/resources/com/eviware/soapui/resources/images/rest_virt_11.png; size: 1298 bytes; exists: false
       Install file: /home/labuser/SmartBear/SoapUI-5.8.0/source/main/resources/com/eviware/soapui/resources/images/rest_virt_2.gif; size: 1451 bytes; exists: false
       Install file: /home/labuser/SmartBear/SoapUI-5.8.0/source/main/resources/com/eviware/soapui/resources/images/rest_virt_2.png; size: 1286 bytes; exists: false
       Install file: /home/labuser/SmartBear/SoapUI-5.8.0/source/main/resources/com/eviware/soapui/resources/images/rest_virt_3.gif; size: 1451 bytes; exists: false
       Install file: /home/labuser/SmartBear/SoapUI-5.8.0/source/main/resources/com/eviware/soapui/resources/images/rest_virt_3.png; size: 1288 bytes; exists: false
       Install file: /home/labuser/SmartBear/SoapUI-5.8.0/source/main/resources/com/eviware/soapui/resources/images/rest_virt_4.gif; size: 1451 bytes; exists: false
       Install file: /home/labuser/SmartBear/SoapUI-5.8.0/source/main/resources/com/eviware/soapui/resources/images/rest_virt_4.png; size: 1290 bytes; exists: false
       Install file: /home/labuser/SmartBear/SoapUI-5.8.0/source/main/resources/com/eviware/soapui/resources/images/rest_virt_5.gif; size: 1451 bytes; exists: false
       Install file: /home/labuser/SmartBear/SoapUI-5.8.0/source/main/resources/com/eviware/soapui/resources/images/rest_virt_5.png; size: 1288 bytes; exists: false
       Install file: /home/labuser/SmartBear/SoapUI-5.8.0/source/main/resources/com/eviware/soapui/resources/images/rest_virt_6.gif; size: 1452 bytes; exists: false
       Install file: /home/labuser/SmartBear/SoapUI-5.8.0/source/main/resources/com/eviware/soapui/resources/images/rest_virt_6.png; size: 1295 bytes; exists: false
       Install file: /home/labuser/SmartBear/SoapUI-5.8.0/source/main/resources/com/eviware/soapui/resources/images/rest_virt_7.png; size: 1289 bytes; exists: false
       Install file: /home/labuser/SmartBear/SoapUI-5.8.0/source/main/resources/com/eviware/soapui/resources/images/rest_virt_8.png; size: 1293 bytes; exists: false
       Install file: /home/labuser/SmartBear/SoapUI-5.8.0/source/main/resources/com/eviware/soapui/resources/images/rest_virt_9.png; size: 1291 bytes; exists: false
       Install file: /home/labuser/SmartBear/SoapUI-5.8.0/source/main/resources/com/eviware/soapui/resources/images/right_arrow.gif; size: 832 bytes; exists: false
       Install file: /home/labuser/SmartBear/SoapUI-5.8.0/source/main/resources/com/eviware/soapui/resources/images/run.png; size: 1180 bytes; exists: false
       Install file: /home/labuser/SmartBear/SoapUI-5.8.0/source/main/resources/com/eviware/soapui/resources/images/runTestCaseWithLoadUI.png; size: 1499 bytes; exists: false
       Install file: /home/labuser/SmartBear/SoapUI-5.8.0/source/main/resources/com/eviware/soapui/resources/images/runTestSuiteWithLoadUI.png; size: 1499 bytes; exists: false
       Install file: /home/labuser/SmartBear/SoapUI-5.8.0/source/main/resources/com/eviware/soapui/resources/images/runWithLoadui.png; size: 1499 bytes; exists: false
       Install file: /home/labuser/SmartBear/SoapUI-5.8.0/source/main/resources/com/eviware/soapui/resources/images/run_all.png; size: 1343 bytes; exists: false
       Install file: /home/labuser/SmartBear/SoapUI-5.8.0/source/main/resources/com/eviware/soapui/resources/images/run_test_case_step.png; size: 1242 bytes; exists: false
       Install file: /home/labuser/SmartBear/SoapUI-5.8.0/source/main/resources/com/eviware/soapui/resources/images/samples_graph.gif; size: 888 bytes; exists: false
       Install file: /home/labuser/SmartBear/SoapUI-5.8.0/source/main/resources/com/eviware/soapui/resources/images/save_all.gif; size: 893 bytes; exists: false
       Install file: /home/labuser/SmartBear/SoapUI-5.8.0/source/main/resources/com/eviware/soapui/resources/images/security_test.png; size: 1170 bytes; exists: false
       Install file: /home/labuser/SmartBear/SoapUI-5.8.0/source/main/resources/com/eviware/soapui/resources/images/security_tests_group.png; size: 1145 bytes; exists: false
       Install file: /home/labuser/SmartBear/SoapUI-5.8.0/source/main/resources/com/eviware/soapui/resources/images/sequential.gif; size: 873 bytes; exists: false
       Install file: /home/labuser/SmartBear/SoapUI-5.8.0/source/main/resources/com/eviware/soapui/resources/images/set_credentials.gif; size: 876 bytes; exists: false
       Install file: /home/labuser/SmartBear/SoapUI-5.8.0/source/main/resources/com/eviware/soapui/resources/images/set_credentials.png; size: 1124 bytes; exists: false
       Install file: /home/labuser/SmartBear/SoapUI-5.8.0/source/main/resources/com/eviware/soapui/resources/images/set_endpoint.gif; size: 876 bytes; exists: false
       Install file: /home/labuser/SmartBear/SoapUI-5.8.0/source/main/resources/com/eviware/soapui/resources/images/set_properties_source.gif; size: 894 bytes; exists: false
       Install file: /home/labuser/SmartBear/SoapUI-5.8.0/source/main/resources/com/eviware/soapui/resources/images/set_properties_target.gif; size: 897 bytes; exists: false
       Install file: /home/labuser/SmartBear/SoapUI-5.8.0/source/main/resources/com/eviware/soapui/resources/images/soap_request.png; size: 1345 bytes; exists: false
       Install file: /home/labuser/SmartBear/SoapUI-5.8.0/source/main/resources/com/eviware/soapui/resources/images/soap_request_1.png; size: 1339 bytes; exists: false
       Install file: /home/labuser/SmartBear/SoapUI-5.8.0/source/main/resources/com/eviware/soapui/resources/images/soap_request_2.png; size: 1345 bytes; exists: false
       Install file: /home/labuser/SmartBear/SoapUI-5.8.0/source/main/resources/com/eviware/soapui/resources/images/soap_request_3.png; size: 1347 bytes; exists: false
       Install file: /home/labuser/SmartBear/SoapUI-5.8.0/source/main/resources/com/eviware/soapui/resources/images/soap_request_4.png; size: 1348 bytes; exists: false
       Install file: /home/labuser/SmartBear/SoapUI-5.8.0/source/main/resources/com/eviware/soapui/resources/images/soap_request_5.png; size: 1343 bytes; exists: false
       Install file: /home/labuser/SmartBear/SoapUI-5.8.0/source/main/resources/com/eviware/soapui/resources/images/soap_request_step.png; size: 1313 bytes; exists: false
       Install file: /home/labuser/SmartBear/SoapUI-5.8.0/source/main/resources/com/eviware/soapui/resources/images/soap_virt.png; size: 1357 bytes; exists: false
       Install file: /home/labuser/SmartBear/SoapUI-5.8.0/source/main/resources/com/eviware/soapui/resources/images/soap_virt_1.png; size: 1359 bytes; exists: false
       Install file: /home/labuser/SmartBear/SoapUI-5.8.0/source/main/resources/com/eviware/soapui/resources/images/soap_virt_10.png; size: 1372 bytes; exists: false
       Install file: /home/labuser/SmartBear/SoapUI-5.8.0/source/main/resources/com/eviware/soapui/resources/images/soap_virt_11.png; size: 1365 bytes; exists: false
       Install file: /home/labuser/SmartBear/SoapUI-5.8.0/source/main/resources/com/eviware/soapui/resources/images/soap_virt_2.png; size: 1365 bytes; exists: false
       Install file: /home/labuser/SmartBear/SoapUI-5.8.0/source/main/resources/com/eviware/soapui/resources/images/soap_virt_3.png; size: 1373 bytes; exists: false
       Install file: /home/labuser/SmartBear/SoapUI-5.8.0/source/main/resources/com/eviware/soapui/resources/images/soap_virt_4.png; size: 1369 bytes; exists: false
       Install file: /home/labuser/SmartBear/SoapUI-5.8.0/source/main/resources/com/eviware/soapui/resources/images/soap_virt_5.png; size: 1361 bytes; exists: false
       Install file: /home/labuser/SmartBear/SoapUI-5.8.0/source/main/resources/com/eviware/soapui/resources/images/soap_virt_6.png; size: 1371 bytes; exists: false
       Install file: /home/labuser/SmartBear/SoapUI-5.8.0/source/main/resources/com/eviware/soapui/resources/images/soap_virt_7.png; size: 1367 bytes; exists: false
       Install file: /home/labuser/SmartBear/SoapUI-5.8.0/source/main/resources/com/eviware/soapui/resources/images/soap_virt_8.png; size: 1369 bytes; exists: false
       Install file: /home/labuser/SmartBear/SoapUI-5.8.0/source/main/resources/com/eviware/soapui/resources/images/soap_virt_9.png; size: 1367 bytes; exists: false
       Install file: /home/labuser/SmartBear/SoapUI-5.8.0/source/main/resources/com/eviware/soapui/resources/images/soapui-backgroung.png; size: 184 bytes; exists: false
       Install file: /home/labuser/SmartBear/SoapUI-5.8.0/source/main/resources/com/eviware/soapui/resources/images/solicitresponseoperation.gif; size: 90 bytes; exists: false
       Install file: /home/labuser/SmartBear/SoapUI-5.8.0/source/main/resources/com/eviware/soapui/resources/images/split_request_pane.gif; size: 862 bytes; exists: false
       Install file: /home/labuser/SmartBear/SoapUI-5.8.0/source/main/resources/com/eviware/soapui/resources/images/sql_injection_scan.gif; size: 1240 bytes; exists: false
       Install file: /home/labuser/SmartBear/SoapUI-5.8.0/source/main/resources/com/eviware/soapui/resources/images/start.png; size: 1180 bytes; exists: false
       Install file: /home/labuser/SmartBear/SoapUI-5.8.0/source/main/resources/com/eviware/soapui/resources/images/stats_graph.gif; size: 891 bytes; exists: false
       Install file: /home/labuser/SmartBear/SoapUI-5.8.0/source/main/resources/com/eviware/soapui/resources/images/status_loadtest_assertion.png; size: 1046 bytes; exists: false
       Install file: /home/labuser/SmartBear/SoapUI-5.8.0/source/main/resources/com/eviware/soapui/resources/images/stop.png; size: 974 bytes; exists: false
       Install file: /home/labuser/SmartBear/SoapUI-5.8.0/source/main/resources/com/eviware/soapui/resources/images/stop_testcase.png; size: 1215 bytes; exists: false
       Install file: /home/labuser/SmartBear/SoapUI-5.8.0/source/main/resources/com/eviware/soapui/resources/images/submit_request.png; size: 1100 bytes; exists: false
       Install file: /home/labuser/SmartBear/SoapUI-5.8.0/source/main/resources/com/eviware/soapui/resources/images/synchronizeWithLoadUI.png; size: 1506 bytes; exists: false
       Install file: /home/labuser/SmartBear/SoapUI-5.8.0/source/main/resources/com/eviware/soapui/resources/images/system-log-out.png; size: 799 bytes; exists: false
       Install file: /home/labuser/SmartBear/SoapUI-5.8.0/source/main/resources/com/eviware/soapui/resources/images/test_suite.png; size: 1089 bytes; exists: false
       Install file: /home/labuser/SmartBear/SoapUI-5.8.0/source/main/resources/com/eviware/soapui/resources/images/testcase.png; size: 1229 bytes; exists: false
       Install file: /home/labuser/SmartBear/SoapUI-5.8.0/source/main/resources/com/eviware/soapui/resources/images/teststeps.png; size: 342 bytes; exists: false
       Install file: /home/labuser/SmartBear/SoapUI-5.8.0/source/main/resources/com/eviware/soapui/resources/images/toggle_properties.gif; size: 851 bytes; exists: false
       Install file: /home/labuser/SmartBear/SoapUI-5.8.0/source/main/resources/com/eviware/soapui/resources/images/toggle_tabs.gif; size: 903 bytes; exists: false
       Install file: /home/labuser/SmartBear/SoapUI-5.8.0/source/main/resources/com/eviware/soapui/resources/images/tps_loadtest_assertion.png; size: 1166 bytes; exists: false
       Install file: /home/labuser/SmartBear/SoapUI-5.8.0/source/main/resources/com/eviware/soapui/resources/images/trace_method.gif; size: 99 bytes; exists: false
       Install file: /home/labuser/SmartBear/SoapUI-5.8.0/source/main/resources/com/eviware/soapui/resources/images/unknown_amf_request.gif; size: 125 bytes; exists: false
       Install file: /home/labuser/SmartBear/SoapUI-5.8.0/source/main/resources/com/eviware/soapui/resources/images/unknown_assertion.png; size: 1118 bytes; exists: false
       Install file: /home/labuser/SmartBear/SoapUI-5.8.0/source/main/resources/com/eviware/soapui/resources/images/unknown_rest_request.gif; size: 128 bytes; exists: false
       Install file: /home/labuser/SmartBear/SoapUI-5.8.0/source/main/resources/com/eviware/soapui/resources/images/unknown_securitytest.gif; size: 881 bytes; exists: false
       Install file: /home/labuser/SmartBear/SoapUI-5.8.0/source/main/resources/com/eviware/soapui/resources/images/unlock_method.png; size: 333 bytes; exists: false
       Install file: /home/labuser/SmartBear/SoapUI-5.8.0/source/main/resources/com/eviware/soapui/resources/images/up_arrow.gif; size: 833 bytes; exists: false
       Install file: /home/labuser/SmartBear/SoapUI-5.8.0/source/main/resources/com/eviware/soapui/resources/images/update-request-parameters-from-url.png; size: 1162 bytes; exists: false
       Install file: /home/labuser/SmartBear/SoapUI-5.8.0/source/main/resources/com/eviware/soapui/resources/images/updateDefinition.gif; size: 899 bytes; exists: false
       Install file: /home/labuser/SmartBear/SoapUI-5.8.0/source/main/resources/com/eviware/soapui/resources/images/valid_amf_request.gif; size: 139 bytes; exists: false
       Install file: /home/labuser/SmartBear/SoapUI-5.8.0/source/main/resources/com/eviware/soapui/resources/images/valid_amf_request_step.png; size: 1249 bytes; exists: false
       Install file: /home/labuser/SmartBear/SoapUI-5.8.0/source/main/resources/com/eviware/soapui/resources/images/valid_assertion.gif; size: 881 bytes; exists: false
       Install file: /home/labuser/SmartBear/SoapUI-5.8.0/source/main/resources/com/eviware/soapui/resources/images/valid_http_request_step.png; size: 1266 bytes; exists: false
       Install file: /home/labuser/SmartBear/SoapUI-5.8.0/source/main/resources/com/eviware/soapui/resources/images/valid_jdbc_request_step.png; size: 1313 bytes; exists: false
       Install file: /home/labuser/SmartBear/SoapUI-5.8.0/source/main/resources/com/eviware/soapui/resources/images/valid_rest_request.gif; size: 140 bytes; exists: false
       Install file: /home/labuser/SmartBear/SoapUI-5.8.0/source/main/resources/com/eviware/soapui/resources/images/valid_rest_request_step.png; size: 1278 bytes; exists: false
       Install file: /home/labuser/SmartBear/SoapUI-5.8.0/source/main/resources/com/eviware/soapui/resources/images/valid_securitytest.gif; size: 881 bytes; exists: false
       Install file: /home/labuser/SmartBear/SoapUI-5.8.0/source/main/resources/com/eviware/soapui/resources/images/valid_soap_request_step.png; size: 1332 bytes; exists: false
       Install file: /home/labuser/SmartBear/SoapUI-5.8.0/source/main/resources/com/eviware/soapui/resources/images/validate_request.gif; size: 863 bytes; exists: false
       Install file: /home/labuser/SmartBear/SoapUI-5.8.0/source/main/resources/com/eviware/soapui/resources/images/waiting-spinner.gif; size: 664 bytes; exists: false
       Install file: /home/labuser/SmartBear/SoapUI-5.8.0/source/main/resources/com/eviware/soapui/resources/images/webTestCase.gif; size: 369 bytes; exists: false
       Install file: /home/labuser/SmartBear/SoapUI-5.8.0/source/main/resources/com/eviware/soapui/resources/images/workspace.gif; size: 885 bytes; exists: false
       Install file: /home/labuser/SmartBear/SoapUI-5.8.0/source/main/resources/com/eviware/soapui/resources/images/xml_bomb_scan.gif; size: 1251 bytes; exists: false
       Install file: /home/labuser/SmartBear/SoapUI-5.8.0/source/main/resources/com/eviware/soapui/resources/images/xpath_injection_scan.gif; size: 1245 bytes; exists: false
       Install file: /home/labuser/SmartBear/SoapUI-5.8.0/source/main/resources/com/eviware/soapui/resources/mockaswar/header_logo.png; size: 6349 bytes; exists: false
       Install file: /home/labuser/SmartBear/SoapUI-5.8.0/source/main/resources/com/eviware/soapui/resources/mockaswar/stylesheet.css; size: 1750 bytes; exists: false
       Install file: /home/labuser/SmartBear/SoapUI-5.8.0/source/main/resources/com/eviware/soapui/resources/mockaswar/web.xml; size: 2326 bytes; exists: false
       Install file: /home/labuser/SmartBear/SoapUI-5.8.0/source/main/resources/com/eviware/soapui/resources/report/coverage-frames.html; size: 642 bytes; exists: false
       Install file: /home/labuser/SmartBear/SoapUI-5.8.0/source/main/resources/com/eviware/soapui/resources/report/coverage.css; size: 2255 bytes; exists: false
       Install file: /home/labuser/SmartBear/SoapUI-5.8.0/source/main/resources/com/eviware/soapui/resources/report/coverageBrowser.xslt; size: 2484 bytes; exists: false
       Install file: /home/labuser/SmartBear/SoapUI-5.8.0/source/main/resources/com/eviware/soapui/resources/report/coveragePage.xslt; size: 4743 bytes; exists: false
       Install file: /home/labuser/SmartBear/SoapUI-5.8.0/source/main/resources/com/eviware/soapui/resources/security/SensitiveInfo.xml; size: 5714 bytes; exists: false
       Install file: /home/labuser/SmartBear/SoapUI-5.8.0/source/main/resources/com/eviware/soapui/resources/security/XSS-vectors.txt; size: 6391 bytes; exists: false
       Install file: /home/labuser/SmartBear/SoapUI-5.8.0/source/main/resources/com/eviware/soapui/resources/security/sensitiveInfo.txt; size: 2717 bytes; exists: false
       Install file: /home/labuser/SmartBear/SoapUI-5.8.0/source/main/resources/com/eviware/soapui/resources/security/xmlbomb/BillionLaughsAttack.xml.txt; size: 725 bytes; exists: false
       Install file: /home/labuser/SmartBear/SoapUI-5.8.0/source/main/resources/com/eviware/soapui/resources/security/xmlbomb/ExternalEntity.dtd.txt; size: 145 bytes; exists: false
       Install file: /home/labuser/SmartBear/SoapUI-5.8.0/source/main/resources/com/eviware/soapui/resources/security/xmlbomb/QuadraticBlowup.xml.txt; size: 100059 bytes; exists: false
       Install file: /home/labuser/SmartBear/SoapUI-5.8.0/source/main/resources/com/eviware/soapui/resources/xsds/XMLSchema.xsd; size: 107963 bytes; exists: false
       Install file: /home/labuser/SmartBear/SoapUI-5.8.0/source/main/resources/com/eviware/soapui/resources/xsds/soapEncoding.xsd; size: 19110 bytes; exists: false
       Install file: /home/labuser/SmartBear/SoapUI-5.8.0/source/main/resources/com/eviware/soapui/resources/xsds/soapEncoding12.xsd; size: 19774 bytes; exists: false
       Install file: /home/labuser/SmartBear/SoapUI-5.8.0/source/main/resources/com/eviware/soapui/resources/xsds/soapEnvelope.xsd; size: 6968 bytes; exists: false
       Install file: /home/labuser/SmartBear/SoapUI-5.8.0/source/main/resources/com/eviware/soapui/resources/xsds/soapEnvelope12.xsd; size: 6400 bytes; exists: false
       Install file: /home/labuser/SmartBear/SoapUI-5.8.0/source/main/resources/com/eviware/soapui/resources/xsds/swaref.xsd; size: 4045 bytes; exists: false
       Install file: /home/labuser/SmartBear/SoapUI-5.8.0/source/main/resources/com/eviware/soapui/resources/xsds/xmime200411.xsd; size: 1524 bytes; exists: false
       Install file: /home/labuser/SmartBear/SoapUI-5.8.0/source/main/resources/com/eviware/soapui/resources/xsds/xmime200505.xsd; size: 1748 bytes; exists: false
       Install file: /home/labuser/SmartBear/SoapUI-5.8.0/source/main/resources/com/eviware/soapui/resources/xsds/xml.xsd; size: 6694 bytes; exists: false
       Install file: /home/labuser/SmartBear/SoapUI-5.8.0/source/main/resources/com/eviware/soapui/resources/xsds/xop.xsd; size: 545 bytes; exists: false
       Install file: /home/labuser/SmartBear/SoapUI-5.8.0/source/main/resources/com/eviware/soapui/support/Bundle.properties; size: 158 bytes; exists: false
       Install file: /home/labuser/SmartBear/SoapUI-5.8.0/source/main/resources/com/eviware/soapui/support/editor/inspectors/auth/Bundle.properties; size: 3771 bytes; exists: false
       Install file: /home/labuser/SmartBear/SoapUI-5.8.0/source/main/resources/css/swaggerhub-plugin.css; size: 940 bytes; exists: false
       Install file: /home/labuser/SmartBear/SoapUI-5.8.0/source/main/resources/rsyntaxarea-theme/soapui.xml; size: 3208 bytes; exists: false
       Install file: /home/labuser/SmartBear/SoapUI-5.8.0/source/main/resources/rsyntaxarea-theme/theme.dtd; size: 3343 bytes; exists: false
       Install file: /home/labuser/SmartBear/SoapUI-5.8.0/source/main/resources/starter-page/starter-page.html; size: 1349 bytes; exists: false
       Install file: /home/labuser/SmartBear/SoapUI-5.8.0/source/main/xsd/j2ee/ejb-jar_2_1.xsd; size: 70647 bytes; exists: false
       Install file: /home/labuser/SmartBear/SoapUI-5.8.0/source/main/xsd/j2ee/j2ee_1_4.xsd; size: 47467 bytes; exists: false
       Install file: /home/labuser/SmartBear/SoapUI-5.8.0/source/main/xsd/j2ee/j2ee_jaxrpc_mapping_1_1.xsd; size: 27598 bytes; exists: false
       Install file: /home/labuser/SmartBear/SoapUI-5.8.0/source/main/xsd/j2ee/j2ee_web_services_1_1.xsd; size: 15191 bytes; exists: false
       Install file: /home/labuser/SmartBear/SoapUI-5.8.0/source/main/xsd/j2ee/j2ee_web_services_client_1_1.xsd; size: 10769 bytes; exists: false
       Install file: /home/labuser/SmartBear/SoapUI-5.8.0/source/main/xsd/j2ee/jsp_2_0.xsd; size: 9842 bytes; exists: false
       Install file: /home/labuser/SmartBear/SoapUI-5.8.0/source/main/xsd/j2ee/web-app_2_4.xsd; size: 37569 bytes; exists: false
       Install file: /home/labuser/SmartBear/SoapUI-5.8.0/source/main/xsd/jboss/jax-rpc-ri-config.xsd; size: 16854 bytes; exists: false
       Install file: /home/labuser/SmartBear/SoapUI-5.8.0/source/main/xsd/jboss/jbossws-tool_1_0.xsd; size: 13363 bytes; exists: false
       Install file: /home/labuser/SmartBear/SoapUI-5.8.0/source/main/xsd/junit/report.xsd; size: 3103 bytes; exists: false
       Install file: /home/labuser/SmartBear/SoapUI-5.8.0/source/main/xsd/mtom/xmime200411.xsd; size: 1469 bytes; exists: false
       Install file: /home/labuser/SmartBear/SoapUI-5.8.0/source/main/xsd/mtom/xmime200505.xsd; size: 1652 bytes; exists: false
       Install file: /home/labuser/SmartBear/SoapUI-5.8.0/source/main/xsd/mtom/xop.xsd; size: 490 bytes; exists: false
       Install file: /home/labuser/SmartBear/SoapUI-5.8.0/source/main/xsd/policy/adressing-metadata.xsd; size: 2923 bytes; exists: false
       Install file: /home/labuser/SmartBear/SoapUI-5.8.0/source/main/xsd/policy/oasis-200401-wss-wssecurity-secext-1.0.xsd; size: 11472 bytes; exists: false
       Install file: /home/labuser/SmartBear/SoapUI-5.8.0/source/main/xsd/policy/oasis-200401-wss-wssecurity-utility-1.0.xsd; size: 6363 bytes; exists: false
       Install file: /home/labuser/SmartBear/SoapUI-5.8.0/source/main/xsd/policy/policy.xsd; size: 6144 bytes; exists: false
       Install file: /home/labuser/SmartBear/SoapUI-5.8.0/source/main/xsd/policy/ws-addr-wsdl.xsd; size: 2515 bytes; exists: false
       Install file: /home/labuser/SmartBear/SoapUI-5.8.0/source/main/xsd/policy/xml.xsd; size: 5840 bytes; exists: false
       Install file: /home/labuser/SmartBear/SoapUI-5.8.0/source/main/xsd/policy/xmldsig-core-schema.xsd; size: 10611 bytes; exists: false
       Install file: /home/labuser/SmartBear/SoapUI-5.8.0/source/main/xsd/soap/soapEnvelope11.xsd; size: 6534 bytes; exists: false
       Install file: /home/labuser/SmartBear/SoapUI-5.8.0/source/main/xsd/soap/soapEnvelope12.xsd; size: 5938 bytes; exists: false
       Install file: /home/labuser/SmartBear/SoapUI-5.8.0/source/main/xsd/soapui/InferredSchema.xsd; size: 5989 bytes; exists: false
       Install file: /home/labuser/SmartBear/SoapUI-5.8.0/source/main/xsd/soapui/coverage.xsd; size: 3155 bytes; exists: false
       Install file: /home/labuser/SmartBear/SoapUI-5.8.0/source/main/xsd/soapui/soapui.xsd; size: 132077 bytes; exists: false
       Install file: /home/labuser/SmartBear/SoapUI-5.8.0/source/main/xsd/soapui/soapui.xsdconfig; size: 884 bytes; exists: false
       Install file: /home/labuser/SmartBear/SoapUI-5.8.0/source/main/xsd/wadl/wadl.xsd; size: 10177 bytes; exists: false
       Install file: /home/labuser/SmartBear/SoapUI-5.8.0/source/main/xsd/wsdl/http.xsd; size: 2651 bytes; exists: false
       Install file: /home/labuser/SmartBear/SoapUI-5.8.0/source/main/xsd/wsdl/mime.xsd; size: 2825 bytes; exists: false
       Install file: /home/labuser/SmartBear/SoapUI-5.8.0/source/main/xsd/wsdl/soap.xsd; size: 5905 bytes; exists: false
       Install file: /home/labuser/SmartBear/SoapUI-5.8.0/source/main/xsd/wsdl/wsdl11.xsd; size: 11948 bytes; exists: false
       Install file: /home/labuser/SmartBear/SoapUI-5.8.0/source/main/xsd/wsi/analyzerConfig.xsd; size: 9312 bytes; exists: false
       Install file: /home/labuser/SmartBear/SoapUI-5.8.0/source/main/xsd/wsi/common.xsd; size: 4879 bytes; exists: false
       Install file: /home/labuser/SmartBear/SoapUI-5.8.0/source/main/xsd/wsi/log.xsd; size: 8020 bytes; exists: false
       Install file: /home/labuser/SmartBear/SoapUI-5.8.0/source/main/xsd/wsi/monitorConfig.xsd; size: 6353 bytes; exists: false
       Install file: /home/labuser/SmartBear/SoapUI-5.8.0/source/main/xsd/wsi/swaref.xsd; size: 4041 bytes; exists: false
       Install file: /home/labuser/SmartBear/SoapUI-5.8.0/source/main/xsdconfig/soapui.xsdconfig; size: 392 bytes; exists: false
       Install file: /home/labuser/SmartBear/SoapUI-5.8.0/source/test/java/com/eviware/soapui/actions/MockAsWarActionTest.java; size: 5831 bytes; exists: false
       Install file: /home/labuser/SmartBear/SoapUI-5.8.0/source/test/java/com/eviware/soapui/impl/GenericPanelBuilderTest.java; size: 8947 bytes; exists: false
       Install file: /home/labuser/SmartBear/SoapUI-5.8.0/source/test/java/com/eviware/soapui/impl/WorkspaceImplTest.java; size: 2883 bytes; exists: false
       Install file: /home/labuser/SmartBear/SoapUI-5.8.0/source/test/java/com/eviware/soapui/impl/rest/OAuth2ProfileTest.java; size: 5020 bytes; exists: false
       Install file: /home/labuser/SmartBear/SoapUI-5.8.0/source/test/java/com/eviware/soapui/impl/rest/RestRequestTest.java; size: 8249 bytes; exists: false
       Install file: /home/labuser/SmartBear/SoapUI-5.8.0/source/test/java/com/eviware/soapui/impl/rest/RestResourceTest.java; size: 7549 bytes; exists: false
       Install file: /home/labuser/SmartBear/SoapUI-5.8.0/source/test/java/com/eviware/soapui/impl/rest/RestServiceTest.java; size: 3039 bytes; exists: false
       Install file: /home/labuser/SmartBear/SoapUI-5.8.0/source/test/java/com/eviware/soapui/impl/rest/actions/mock/AddRestRequestToMockServiceActionTest.java; size: 10854 bytes; exists: false
       Install file: /home/labuser/SmartBear/SoapUI-5.8.0/source/test/java/com/eviware/soapui/impl/rest/actions/oauth/ClientCredentialsInputParamsTest.java; size: 2843 bytes; exists: false
       Install file: /home/labuser/SmartBear/SoapUI-5.8.0/source/test/java/com/eviware/soapui/impl/rest/actions/oauth/GetOAuthAccessTokenActionTest.java; size: 4882 bytes; exists: false
       Install file: /home/labuser/SmartBear/SoapUI-5.8.0/source/test/java/com/eviware/soapui/impl/rest/actions/oauth/JavaScriptValidatorTest.java; size: 2569 bytes; exists: false
       Install file: /home/labuser/SmartBear/SoapUI-5.8.0/source/test/java/com/eviware/soapui/impl/rest/actions/oauth/OAuth2AccessTokenResponseTest.java; size: 2951 bytes; exists: false
       Install file: /home/labuser/SmartBear/SoapUI-5.8.0/source/test/java/com/eviware/soapui/impl/rest/actions/oauth/OAuth2ParametersTest.java; size: 4911 bytes; exists: false
       Install file: /home/labuser/SmartBear/SoapUI-5.8.0/source/test/java/com/eviware/soapui/impl/rest/actions/oauth/OAuth2TestUtils.java; size: 5288 bytes; exists: false
       Install file: /home/labuser/SmartBear/SoapUI-5.8.0/source/test/java/com/eviware/soapui/impl/rest/actions/oauth/OAuth2TokenExtractorTest.java; size: 10430 bytes; exists: false
       Install file: /home/labuser/SmartBear/SoapUI-5.8.0/source/test/java/com/eviware/soapui/impl/rest/actions/oauth/OltuOAuth2ClientFacadeTest.java; size: 7335 bytes; exists: false
       Install file: /home/labuser/SmartBear/SoapUI-5.8.0/source/test/java/com/eviware/soapui/impl/rest/actions/oauth/ROPCInputParamsTest.java; size: 2918 bytes; exists: false
       Install file: /home/labuser/SmartBear/SoapUI-5.8.0/source/test/java/com/eviware/soapui/impl/rest/actions/oauth/RefreshOAuthAccessTokenActionTest.java; size: 4769 bytes; exists: false
       Install file: /home/labuser/SmartBear/SoapUI-5.8.0/source/test/java/com/eviware/soapui/impl/rest/actions/service/GenerateRestMockServiceActionTest.java; size: 7694 bytes; exists: false
       Install file: /home/labuser/SmartBear/SoapUI-5.8.0/source/test/java/com/eviware/soapui/impl/rest/actions/support/NewRestResourceActionBaseTest.java; size: 4862 bytes; exists: false
       Install file: /home/labuser/SmartBear/SoapUI-5.8.0/source/test/java/com/eviware/soapui/impl/rest/mock/RestMockActionTest.java; size: 9034 bytes; exists: false
       Install file: /home/labuser/SmartBear/SoapUI-5.8.0/source/test/java/com/eviware/soapui/impl/rest/mock/RestMockDispatcherTest.java; size: 5673 bytes; exists: false
       Install file: /home/labuser/SmartBear/SoapUI-5.8.0/source/test/java/com/eviware/soapui/impl/rest/mock/RestMockResponsePersistencyTest.java; size: 2717 bytes; exists: false
       Install file: /home/labuser/SmartBear/SoapUI-5.8.0/source/test/java/com/eviware/soapui/impl/rest/mock/RestMockResponseTest.java; size: 2693 bytes; exists: false
       Install file: /home/labuser/SmartBear/SoapUI-5.8.0/source/test/java/com/eviware/soapui/impl/rest/mock/RestMockResponseWriterTest.java; size: 3695 bytes; exists: false
       Install file: /home/labuser/SmartBear/SoapUI-5.8.0/source/test/java/com/eviware/soapui/impl/rest/mock/RestMockServiceTest.java; size: 9237 bytes; exists: false
       Install file: /home/labuser/SmartBear/SoapUI-5.8.0/source/test/java/com/eviware/soapui/impl/rest/panels/component/RestResourceEditorPopupWindowTest.java; size: 4362 bytes; exists: false
       Install file: /home/labuser/SmartBear/SoapUI-5.8.0/source/test/java/com/eviware/soapui/impl/rest/panels/component/RestResourceEditorTest.java; size: 5650 bytes; exists: false
       Install file: /home/labuser/SmartBear/SoapUI-5.8.0/source/test/java/com/eviware/soapui/impl/rest/panels/component/RestResourceFinderTest.java; size: 4507 bytes; exists: false
       Install file: /home/labuser/SmartBear/SoapUI-5.8.0/source/test/java/com/eviware/soapui/impl/rest/panels/request/ParameterFinderTest.java; size: 4650 bytes; exists: false
       Install file: /home/labuser/SmartBear/SoapUI-5.8.0/source/test/java/com/eviware/soapui/impl/rest/panels/request/ParametersFieldTest.java; size: 2657 bytes; exists: false
       Install file: /home/labuser/SmartBear/SoapUI-5.8.0/source/test/java/com/eviware/soapui/impl/rest/panels/request/RestRequestDesktopPanelTest.java; size: 19151 bytes; exists: false
       Install file: /home/labuser/SmartBear/SoapUI-5.8.0/source/test/java/com/eviware/soapui/impl/rest/panels/resource/RestParamsTableModelColumnsNamesAndTypesUnitTest.java; size: 3471 bytes; exists: false
       Install file: /home/labuser/SmartBear/SoapUI-5.8.0/source/test/java/com/eviware/soapui/impl/rest/panels/resource/RestParamsTableModelUnitTest.java; size: 6070 bytes; exists: false
       Install file: /home/labuser/SmartBear/SoapUI-5.8.0/source/test/java/com/eviware/soapui/impl/rest/panels/resource/RestParamsTableTest.java; size: 5447 bytes; exists: false
       Install file: /home/labuser/SmartBear/SoapUI-5.8.0/source/test/java/com/eviware/soapui/impl/rest/panels/resource/RestResourceDesktopPanelTest.java; size: 3231 bytes; exists: false
       Install file: /home/labuser/SmartBear/SoapUI-5.8.0/source/test/java/com/eviware/soapui/impl/rest/support/OverlayRestParamsPropertyHolderTest.java; size: 2510 bytes; exists: false
       Install file: /home/labuser/SmartBear/SoapUI-5.8.0/source/test/java/com/eviware/soapui/impl/rest/support/RestRequestParamsPropertyHolderTest.java; size: 10955 bytes; exists: false
       Install file: /home/labuser/SmartBear/SoapUI-5.8.0/source/test/java/com/eviware/soapui/impl/rest/support/RestURIParserImplTestCase.java; size: 15563 bytes; exists: false
       Install file: /home/labuser/SmartBear/SoapUI-5.8.0/source/test/java/com/eviware/soapui/impl/rest/support/RestUtilsTest.java; size: 7107 bytes; exists: false
       Install file: /home/labuser/SmartBear/SoapUI-5.8.0/source/test/java/com/eviware/soapui/impl/rest/support/WadlImporterTest.java; size: 3824 bytes; exists: false
       Install file: /home/labuser/SmartBear/SoapUI-5.8.0/source/test/java/com/eviware/soapui/impl/rest/support/handlers/JsonMediaTypeHandlerTest.java; size: 6567 bytes; exists: false
       Install file: /home/labuser/SmartBear/SoapUI-5.8.0/source/test/java/com/eviware/soapui/impl/rest/support/handlers/JsonXmlSerializerTest.java; size: 2071 bytes; exists: false
       Install file: /home/labuser/SmartBear/SoapUI-5.8.0/source/test/java/com/eviware/soapui/impl/support/AbstractMockRequestTest.java; size: 2533 bytes; exists: false
       Install file: /home/labuser/SmartBear/SoapUI-5.8.0/source/test/java/com/eviware/soapui/impl/support/HttpUtilsTest.java; size: 3356 bytes; exists: false
       Install file: /home/labuser/SmartBear/SoapUI-5.8.0/source/test/java/com/eviware/soapui/impl/support/HttpUtilsTest.java~; size: 1942 bytes; exists: false
       Install file: /home/labuser/SmartBear/SoapUI-5.8.0/source/test/java/com/eviware/soapui/impl/wadl/WadlTest.java; size: 1265 bytes; exists: false
       Install file: /home/labuser/SmartBear/SoapUI-5.8.0/source/test/java/com/eviware/soapui/impl/wsdl/AttachmentTest.java; size: 1740 bytes; exists: false
       Install file: /home/labuser/SmartBear/SoapUI-5.8.0/source/test/java/com/eviware/soapui/impl/wsdl/MoveXmlTest.java; size: 1964 bytes; exists: false
       Install file: /home/labuser/SmartBear/SoapUI-5.8.0/source/test/java/com/eviware/soapui/impl/wsdl/ResolveContextTest.java; size: 3484 bytes; exists: false
       Install file: /home/labuser/SmartBear/SoapUI-5.8.0/source/test/java/com/eviware/soapui/impl/wsdl/WorkspaceTest.java; size: 1455 bytes; exists: false
       Install file: /home/labuser/SmartBear/SoapUI-5.8.0/source/test/java/com/eviware/soapui/impl/wsdl/WsdlInterfaceTest.java; size: 2377 bytes; exists: false
       Install file: /home/labuser/SmartBear/SoapUI-5.8.0/source/test/java/com/eviware/soapui/impl/wsdl/WsdlProjectBackwardCompatibilityTest.java; size: 2247 bytes; exists: false
       Install file: /home/labuser/SmartBear/SoapUI-5.8.0/source/test/java/com/eviware/soapui/impl/wsdl/WsdlProjectLoadAndSaveTest.java; size: 7098 bytes; exists: false
       Install file: /home/labuser/SmartBear/SoapUI-5.8.0/source/test/java/com/eviware/soapui/impl/wsdl/WsdlProjectWithRestMockTest.java; size: 6041 bytes; exists: false
       Install file: /home/labuser/SmartBear/SoapUI-5.8.0/source/test/java/com/eviware/soapui/impl/wsdl/WsdlTestSuiteTest.java; size: 2078 bytes; exists: false
       Install file: /home/labuser/SmartBear/SoapUI-5.8.0/source/test/java/com/eviware/soapui/impl/wsdl/actions/iface/tools/support/ArgumentBuilderTest.java; size: 1589 bytes; exists: false
       Install file: /home/labuser/SmartBear/SoapUI-5.8.0/source/test/java/com/eviware/soapui/impl/wsdl/mock/WsdlMockOperationTest.java; size: 9620 bytes; exists: false
       Install file: /home/labuser/SmartBear/SoapUI-5.8.0/source/test/java/com/eviware/soapui/impl/wsdl/mock/WsdlMockResponseTest.java; size: 3108 bytes; exists: false
       Install file: /home/labuser/SmartBear/SoapUI-5.8.0/source/test/java/com/eviware/soapui/impl/wsdl/mock/WsdlMockResponseWithAttachmentTest.java; size: 6184 bytes; exists: false
       Install file: /home/labuser/SmartBear/SoapUI-5.8.0/source/test/java/com/eviware/soapui/impl/wsdl/monitor/ContentTypesTest.java; size: 3542 bytes; exists: false
       Install file: /home/labuser/SmartBear/SoapUI-5.8.0/source/test/java/com/eviware/soapui/impl/wsdl/monitor/jettyproxy/ProxyServletContentTypeTest.java; size: 2862 bytes; exists: false
       Install file: /home/labuser/SmartBear/SoapUI-5.8.0/source/test/java/com/eviware/soapui/impl/wsdl/monitor/jettyproxy/TunnelServletUnitTest.java; size: 2666 bytes; exists: false
       Install file: /home/labuser/SmartBear/SoapUI-5.8.0/source/test/java/com/eviware/soapui/impl/wsdl/panels/request/WsdlRequestDesktopPanelTest.java; size: 5574 bytes; exists: false
       Install file: /home/labuser/SmartBear/SoapUI-5.8.0/source/test/java/com/eviware/soapui/impl/wsdl/panels/teststeps/RestTestRequestDesktopPanelTest.java; size: 6904 bytes; exists: false
       Install file: /home/labuser/SmartBear/SoapUI-5.8.0/source/test/java/com/eviware/soapui/impl/wsdl/panels/teststeps/support/DefaultPropertyHolderTableModelTest.java; size: 4109 bytes; exists: false
       Install file: /home/labuser/SmartBear/SoapUI-5.8.0/source/test/java/com/eviware/soapui/impl/wsdl/submit/filters/EndpointRequestFilterTest.java; size: 3235 bytes; exists: false
       Install file: /home/labuser/SmartBear/SoapUI-5.8.0/source/test/java/com/eviware/soapui/impl/wsdl/submit/filters/GlobalHttpHeadersRequestFilterTest.java; size: 11233 bytes; exists: false
       Install file: /home/labuser/SmartBear/SoapUI-5.8.0/source/test/java/com/eviware/soapui/impl/wsdl/submit/filters/HttpAuthenticationRequestFilterTest.java; size: 5429 bytes; exists: false
       Install file: /home/labuser/SmartBear/SoapUI-5.8.0/source/test/java/com/eviware/soapui/impl/wsdl/submit/filters/HttpRequestFilterEncodingTest.java; size: 6631 bytes; exists: false
       Install file: /home/labuser/SmartBear/SoapUI-5.8.0/source/test/java/com/eviware/soapui/impl/wsdl/submit/filters/OAuth2RequestFilterTest.java; size: 12915 bytes; exists: false
       Install file: /home/labuser/SmartBear/SoapUI-5.8.0/source/test/java/com/eviware/soapui/impl/wsdl/submit/filters/PropertyExpansionRequestFilterTest.java; size: 6231 bytes; exists: false
       Install file: /home/labuser/SmartBear/SoapUI-5.8.0/source/test/java/com/eviware/soapui/impl/wsdl/submit/filters/PropertyExpansionTest.java; size: 5685 bytes; exists: false
       Install file: /home/labuser/SmartBear/SoapUI-5.8.0/source/test/java/com/eviware/soapui/impl/wsdl/submit/filters/RemoveEmptyContentRequestFilterTestCase.java; size: 2140 bytes; exists: false
       Install file: /home/labuser/SmartBear/SoapUI-5.8.0/source/test/java/com/eviware/soapui/impl/wsdl/submit/transports/MimeMessageTest.java; size: 2494 bytes; exists: false
       Install file: /home/labuser/SmartBear/SoapUI-5.8.0/source/test/java/com/eviware/soapui/impl/wsdl/submit/transports/http/HttpClientRequestTransportTest.java; size: 6322 bytes; exists: false
       Install file: /home/labuser/SmartBear/SoapUI-5.8.0/source/test/java/com/eviware/soapui/impl/wsdl/submit/transports/http/support/attachments/AttachmentUtilsTest.java; size: 1985 bytes; exists: false
       Install file: /home/labuser/SmartBear/SoapUI-5.8.0/source/test/java/com/eviware/soapui/impl/wsdl/support/JoinRelativeUrlTest.java; size: 2348 bytes; exists: false
       Install file: /home/labuser/SmartBear/SoapUI-5.8.0/source/test/java/com/eviware/soapui/impl/wsdl/support/PathUtilsTest.java; size: 1240 bytes; exists: false
       Install file: /home/labuser/SmartBear/SoapUI-5.8.0/source/test/java/com/eviware/soapui/impl/wsdl/support/SchemaUtilsDefaultNSTest.java; size: 1456 bytes; exists: false
       Install file: /home/labuser/SmartBear/SoapUI-5.8.0/source/test/java/com/eviware/soapui/impl/wsdl/support/http/HttpClientSupportSoapUIHttpRequestExecutorTest.java; size: 3423 bytes; exists: false
       Install file: /home/labuser/SmartBear/SoapUI-5.8.0/source/test/java/com/eviware/soapui/impl/wsdl/support/http/ProxyUtilsTestCase.java; size: 9578 bytes; exists: false
       Install file: /home/labuser/SmartBear/SoapUI-5.8.0/source/test/java/com/eviware/soapui/impl/wsdl/support/wsdl/UrlWsdlLoaderTest.java; size: 2509 bytes; exists: false
       Install file: /home/labuser/SmartBear/SoapUI-5.8.0/source/test/java/com/eviware/soapui/impl/wsdl/support/wsrm/WsrmUtilsTest.java; size: 5337 bytes; exists: false
       Install file: /home/labuser/SmartBear/SoapUI-5.8.0/source/test/java/com/eviware/soapui/impl/wsdl/support/wss/crypto/KeyMaterialWssCryptoTest.java; size: 5190 bytes; exists: false
       Install file: /home/labuser/SmartBear/SoapUI-5.8.0/source/test/java/com/eviware/soapui/impl/wsdl/support/wss/entries/AutomaticSAMLEntryTest.java; size: 19446 bytes; exists: false
       Install file: /home/labuser/SmartBear/SoapUI-5.8.0/source/test/java/com/eviware/soapui/impl/wsdl/support/wss/entries/ManualSAMLEntryTest.java; size: 3694 bytes; exists: false
       Install file: /home/labuser/SmartBear/SoapUI-5.8.0/source/test/java/com/eviware/soapui/impl/wsdl/support/wss/entries/SignatureEntryTest.java; size: 9013 bytes; exists: false
       Install file: /home/labuser/SmartBear/SoapUI-5.8.0/source/test/java/com/eviware/soapui/impl/wsdl/support/xsd/SettingUtilsTest.java; size: 2283 bytes; exists: false
       Install file: /home/labuser/SmartBear/SoapUI-5.8.0/source/test/java/com/eviware/soapui/impl/wsdl/teststeps/PropertyTransferTest.java; size: 13565 bytes; exists: false
       Install file: /home/labuser/SmartBear/SoapUI-5.8.0/source/test/java/com/eviware/soapui/impl/wsdl/teststeps/RestTestRequestStepTest.java; size: 3346 bytes; exists: false
       Install file: /home/labuser/SmartBear/SoapUI-5.8.0/source/test/java/com/eviware/soapui/impl/wsdl/teststeps/WsdlRequestStepTest.java; size: 2172 bytes; exists: false
       Install file: /home/labuser/SmartBear/SoapUI-5.8.0/source/test/java/com/eviware/soapui/impl/wsdl/teststeps/assertions/XPathContainsAssertionTest.java; size: 10489 bytes; exists: false
       Install file: /home/labuser/SmartBear/SoapUI-5.8.0/source/test/java/com/eviware/soapui/impl/wsdl/teststeps/assertions/XQueryContainsTest.java; size: 7162 bytes; exists: false
       Install file: /home/labuser/SmartBear/SoapUI-5.8.0/source/test/java/com/eviware/soapui/impl/wsdl/teststeps/assertions/basic/SchemaComplianceAssertionTest.java; size: 3462 bytes; exists: false
       Install file: /home/labuser/SmartBear/SoapUI-5.8.0/source/test/java/com/eviware/soapui/impl/wsdl/teststeps/registry/RestRequestStepFactoryTest.java; size: 1842 bytes; exists: false
       Install file: /home/labuser/SmartBear/SoapUI-5.8.0/source/test/java/com/eviware/soapui/mockaswar/MockAsWarServletTest.java; size: 4272 bytes; exists: false
       Install file: /home/labuser/SmartBear/SoapUI-5.8.0/source/test/java/com/eviware/soapui/model/OAuthConfigTest.java; size: 4995 bytes; exists: false
       Install file: /home/labuser/SmartBear/SoapUI-5.8.0/source/test/java/com/eviware/soapui/model/propertyexpansion/resolvers/ResolverUtilsTest.java; size: 1433 bytes; exists: false
       Install file: /home/labuser/SmartBear/SoapUI-5.8.0/source/test/java/com/eviware/soapui/model/propertyexpansion/resolvers/providers/CurrentRunStepIndexProviderTest.java; size: 1616 bytes; exists: false
       Install file: /home/labuser/SmartBear/SoapUI-5.8.0/source/test/java/com/eviware/soapui/model/propertyexpansion/resolvers/providers/CurrentStepIndexProviderTest.java; size: 1386 bytes; exists: false
       Install file: /home/labuser/SmartBear/SoapUI-5.8.0/source/test/java/com/eviware/soapui/model/propertyexpansion/resolvers/providers/CurrentStepRunIndexProviderTest.java; size: 2841 bytes; exists: false
       Install file: /home/labuser/SmartBear/SoapUI-5.8.0/source/test/java/com/eviware/soapui/model/tree/nodes/ProjectTreeNodeTest.java; size: 2230 bytes; exists: false
       Install file: /home/labuser/SmartBear/SoapUI-5.8.0/source/test/java/com/eviware/soapui/monitor/JettyMockEngineTest.java; size: 3386 bytes; exists: false
       Install file: /home/labuser/SmartBear/SoapUI-5.8.0/source/test/java/com/eviware/soapui/plugins/PluginLoaderTest.java; size: 7784 bytes; exists: false
       Install file: /home/labuser/SmartBear/SoapUI-5.8.0/source/test/java/com/eviware/soapui/plugins/PluginManagerTest.java; size: 13276 bytes; exists: false
       Install file: /home/labuser/SmartBear/SoapUI-5.8.0/source/test/java/com/eviware/soapui/plugins/VersionTest.java; size: 2794 bytes; exists: false
       Install file: /home/labuser/SmartBear/SoapUI-5.8.0/source/test/java/com/eviware/soapui/security/boundary/DateBoundaryTest.java; size: 3388 bytes; exists: false
       Install file: /home/labuser/SmartBear/SoapUI-5.8.0/source/test/java/com/eviware/soapui/support/HelpUrlChecker.java; size: 2323 bytes; exists: false
       Install file: /home/labuser/SmartBear/SoapUI-5.8.0/source/test/java/com/eviware/soapui/support/JsonPathFacadeTest.java; size: 3302 bytes; exists: false
       Install file: /home/labuser/SmartBear/SoapUI-5.8.0/source/test/java/com/eviware/soapui/support/JsonUtilTest.java; size: 1151 bytes; exists: false
       Install file: /home/labuser/SmartBear/SoapUI-5.8.0/source/test/java/com/eviware/soapui/support/MediaTypeComboBoxTest.java; size: 1930 bytes; exists: false
       Install file: /home/labuser/SmartBear/SoapUI-5.8.0/source/test/java/com/eviware/soapui/support/ModelItemNamerTest.java; size: 3979 bytes; exists: false
       Install file: /home/labuser/SmartBear/SoapUI-5.8.0/source/test/java/com/eviware/soapui/support/StringUtilsTestCase.java; size: 2565 bytes; exists: false
       Install file: /home/labuser/SmartBear/SoapUI-5.8.0/source/test/java/com/eviware/soapui/support/ToolsTest.java; size: 4469 bytes; exists: false
       Install file: /home/labuser/SmartBear/SoapUI-5.8.0/source/test/java/com/eviware/soapui/support/ToolsTestCase.java; size: 3047 bytes; exists: false
       Install file: /home/labuser/SmartBear/SoapUI-5.8.0/source/test/java/com/eviware/soapui/support/XmlObjectConfigurationTest.java; size: 1617 bytes; exists: false
       Install file: /home/labuser/SmartBear/SoapUI-5.8.0/source/test/java/com/eviware/soapui/support/XmlUtilsTest.java; size: 6105 bytes; exists: false
       Install file: /home/labuser/SmartBear/SoapUI-5.8.0/source/test/java/com/eviware/soapui/support/editor/inspectors/auth/ExpirationTimeChooserTest.java; size: 4805 bytes; exists: false
       Install file: /home/labuser/SmartBear/SoapUI-5.8.0/source/test/java/com/eviware/soapui/support/editor/inspectors/auth/OAuth2ScriptsEditorTest.java; size: 10988 bytes; exists: false
       Install file: /home/labuser/SmartBear/SoapUI-5.8.0/source/test/java/com/eviware/soapui/support/editor/views/xml/source/XmlSourceEditorViewFactoryTest.java; size: 3442 bytes; exists: false
       Install file: /home/labuser/SmartBear/SoapUI-5.8.0/source/test/java/com/eviware/soapui/support/httpclient/JCIFSTest.java; size: 3387 bytes; exists: false
       Install file: /home/labuser/SmartBear/SoapUI-5.8.0/source/test/java/com/eviware/soapui/support/log/JLogListTest.java; size: 2472 bytes; exists: false
       Install file: /home/labuser/SmartBear/SoapUI-5.8.0/source/test/java/com/eviware/soapui/support/package.html; size: 161 bytes; exists: false
       Install file: /home/labuser/SmartBear/SoapUI-5.8.0/source/test/java/com/eviware/soapui/support/preferences/UserPreferencesTest.java; size: 2997 bytes; exists: false
       Install file: /home/labuser/SmartBear/SoapUI-5.8.0/source/test/java/com/eviware/soapui/support/scripting/groovy/GroovyScriptEngineFactoryTest.java; size: 1791 bytes; exists: false
       Install file: /home/labuser/SmartBear/SoapUI-5.8.0/source/test/java/com/eviware/soapui/support/xml/XPathDataTest.java; size: 3305 bytes; exists: false
       Install file: /home/labuser/SmartBear/SoapUI-5.8.0/source/test/java/com/eviware/soapui/tools/CaseInsensitiveFileFilterTest.java; size: 2462 bytes; exists: false
       Install file: /home/labuser/SmartBear/SoapUI-5.8.0/source/test/java/com/eviware/soapui/tools/PropertyExpansionRemoverTest.java; size: 3309 bytes; exists: false
       Install file: /home/labuser/SmartBear/SoapUI-5.8.0/source/test/java/com/eviware/soapui/tools/TestCaseRunnerTest.java; size: 4618 bytes; exists: false
       Install file: /home/labuser/SmartBear/SoapUI-5.8.0/source/test/java/com/eviware/soapui/utils/CommonMatchers.java; size: 7227 bytes; exists: false
       Install file: /home/labuser/SmartBear/SoapUI-5.8.0/source/test/java/com/eviware/soapui/utils/ContainerWalker.java; size: 5979 bytes; exists: false
       Install file: /home/labuser/SmartBear/SoapUI-5.8.0/source/test/java/com/eviware/soapui/utils/MockedServlet.java; size: 4854 bytes; exists: false
       Install file: /home/labuser/SmartBear/SoapUI-5.8.0/source/test/java/com/eviware/soapui/utils/ModelItemFactory.java; size: 8086 bytes; exists: false
       Install file: /home/labuser/SmartBear/SoapUI-5.8.0/source/test/java/com/eviware/soapui/utils/ModelItemMatchers.java; size: 2682 bytes; exists: false
       Install file: /home/labuser/SmartBear/SoapUI-5.8.0/source/test/java/com/eviware/soapui/utils/ResourceUtils.java; size: 1003 bytes; exists: false
       Install file: /home/labuser/SmartBear/SoapUI-5.8.0/source/test/java/com/eviware/soapui/utils/RestRequestParamsMatcher.java; size: 2134 bytes; exists: false
       Install file: /home/labuser/SmartBear/SoapUI-5.8.0/source/test/java/com/eviware/soapui/utils/RestRequestWithParamsMatcher.java; size: 1996 bytes; exists: false
       Install file: /home/labuser/SmartBear/SoapUI-5.8.0/source/test/java/com/eviware/soapui/utils/StatefulModelItemFactory.java; size: 3846 bytes; exists: false
       Install file: /home/labuser/SmartBear/SoapUI-5.8.0/source/test/java/com/eviware/soapui/utils/StubbedDialogs.java; size: 10040 bytes; exists: false
       Install file: /home/labuser/SmartBear/SoapUI-5.8.0/source/test/java/com/eviware/soapui/utils/StubbedDialogsTest.java; size: 3517 bytes; exists: false
       Install file: /home/labuser/SmartBear/SoapUI-5.8.0/source/test/java/com/eviware/soapui/utils/StubbedDialogsTestBase.java; size: 3121 bytes; exists: false
       Install file: /home/labuser/SmartBear/SoapUI-5.8.0/source/test/java/com/eviware/soapui/utils/StubbedFileDialogs.java; size: 1799 bytes; exists: false
       Install file: /home/labuser/SmartBear/SoapUI-5.8.0/source/test/java/com/eviware/soapui/utils/SwingMatchers.java; size: 1484 bytes; exists: false
       Install file: /home/labuser/SmartBear/SoapUI-5.8.0/source/test/java/com/eviware/soapui/utils/TestUtils.java; size: 4986 bytes; exists: false
       Install file: /home/labuser/SmartBear/SoapUI-5.8.0/source/test/resources/Tibco_PayloadAsynch_WSDL.wsdl; size: 2833 bytes; exists: false
       Install file: /home/labuser/SmartBear/SoapUI-5.8.0/source/test/resources/another.wsdl; size: 3670 bytes; exists: false
       Install file: /home/labuser/SmartBear/SoapUI-5.8.0/source/test/resources/anotherdemo-soapui-project.xml; size: 23699 bytes; exists: false
       Install file: /home/labuser/SmartBear/SoapUI-5.8.0/source/test/resources/attachment-test.wsdl; size: 2945 bytes; exists: false
       Install file: /home/labuser/SmartBear/SoapUI-5.8.0/source/test/resources/attachment-test.wsil; size: 657 bytes; exists: false
       Install file: /home/labuser/SmartBear/SoapUI-5.8.0/source/test/resources/axis/services/incrementService.wsdl; size: 2766 bytes; exists: false
       Install file: /home/labuser/SmartBear/SoapUI-5.8.0/source/test/resources/chameleon/chameleon.wsdl; size: 24435 bytes; exists: false
       Install file: /home/labuser/SmartBear/SoapUI-5.8.0/source/test/resources/chameleon/chameleon.xsd; size: 2858 bytes; exists: false
       Install file: /home/labuser/SmartBear/SoapUI-5.8.0/source/test/resources/com/eviware/soapui/plugins/bare-plugin.jar; size: 898 bytes; exists: false
       Install file: /home/labuser/SmartBear/SoapUI-5.8.0/source/test/resources/com/eviware/soapui/plugins/plugin-example-1.0.jar; size: 272821 bytes; exists: false
       Install file: /home/labuser/SmartBear/SoapUI-5.8.0/source/test/resources/config/soapui-test-log4j.xml; size: 703 bytes; exists: false
       Install file: /home/labuser/SmartBear/SoapUI-5.8.0/source/test/resources/config/soapui-test-settings.xml; size: 3097 bytes; exists: false
       Install file: /home/labuser/SmartBear/SoapUI-5.8.0/source/test/resources/jmsservice.wsdl; size: 1627 bytes; exists: false
       Install file: /home/labuser/SmartBear/SoapUI-5.8.0/source/test/resources/keys/jceks-test-key.jck; size: 2205 bytes; exists: false
       Install file: /home/labuser/SmartBear/SoapUI-5.8.0/source/test/resources/keys/jks-test-key.jks; size: 2228 bytes; exists: false
       Install file: /home/labuser/SmartBear/SoapUI-5.8.0/source/test/resources/keys/keystore.jks; size: 1377 bytes; exists: false
       Install file: /home/labuser/SmartBear/SoapUI-5.8.0/source/test/resources/keys/pkcs12-test-key.p12; size: 2605 bytes; exists: false
       Install file: /home/labuser/SmartBear/SoapUI-5.8.0/source/test/resources/mappings/source-jaxrpc-mapping.xml; size: 2801 bytes; exists: false
       Install file: /home/labuser/SmartBear/SoapUI-5.8.0/source/test/resources/mappings/target-jaxrpc-mapping.xml; size: 2801 bytes; exists: false
       Install file: /home/labuser/SmartBear/SoapUI-5.8.0/source/test/resources/merge/webinf/source/jaxrpc-mapping.xml; size: 2801 bytes; exists: false
       Install file: /home/labuser/SmartBear/SoapUI-5.8.0/source/test/resources/merge/webinf/source/webservices.xml; size: 834 bytes; exists: false
       Install file: /home/labuser/SmartBear/SoapUI-5.8.0/source/test/resources/merge/webinf/target/jaxrpc-mapping.xml; size: 2748 bytes; exists: false
       Install file: /home/labuser/SmartBear/SoapUI-5.8.0/source/test/resources/merge/webinf/target/webservices.xml; size: 1405 bytes; exists: false
       Install file: /home/labuser/SmartBear/SoapUI-5.8.0/source/test/resources/merge/webinf/target/wsdl/TestImpl.wsdl; size: 1931 bytes; exists: false
       Install file: /home/labuser/SmartBear/SoapUI-5.8.0/source/test/resources/mime-attachment.txt; size: 389 bytes; exists: false
       Install file: /home/labuser/SmartBear/SoapUI-5.8.0/source/test/resources/multiple-dependency-plugin.jar; size: 1254 bytes; exists: false
       Install file: /home/labuser/SmartBear/SoapUI-5.8.0/source/test/resources/root-plugin.jar; size: 1298 bytes; exists: false
       Install file: /home/labuser/SmartBear/SoapUI-5.8.0/source/test/resources/rpc/rpc.wsdl; size: 2897 bytes; exists: false
       Install file: /home/labuser/SmartBear/SoapUI-5.8.0/source/test/resources/sample-soapui-project.xml; size: 95989 bytes; exists: false
       Install file: /home/labuser/SmartBear/SoapUI-5.8.0/source/test/resources/sample-soapui-project.xml.backup; size: 76453 bytes; exists: false
       Install file: /home/labuser/SmartBear/SoapUI-5.8.0/source/test/resources/single-dependency-plugin.jar; size: 955 bytes; exists: false
       Install file: /home/labuser/SmartBear/SoapUI-5.8.0/source/test/resources/soapui-latest-version.xml; size: 762 bytes; exists: false
       Install file: /home/labuser/SmartBear/SoapUI-5.8.0/source/test/resources/soapui-projects/BasicMock-soapui-4.6.3-Project.xml; size: 34281 bytes; exists: false
       Install file: /home/labuser/SmartBear/SoapUI-5.8.0/source/test/resources/soapui-projects/README.txt; size: 71 bytes; exists: false
       Install file: /home/labuser/SmartBear/SoapUI-5.8.0/source/test/resources/soapui-projects/REST-multiple-service-soapui-project.xml; size: 25537 bytes; exists: false
       Install file: /home/labuser/SmartBear/SoapUI-5.8.0/source/test/resources/test.keystore; size: 1378 bytes; exists: false
       Install file: /home/labuser/SmartBear/SoapUI-5.8.0/source/test/resources/test6/TestService.wsdl; size: 969 bytes; exists: false
       Install file: /home/labuser/SmartBear/SoapUI-5.8.0/source/test/resources/test6/readme.txt; size: 178 bytes; exists: false
       Install file: /home/labuser/SmartBear/SoapUI-5.8.0/source/test/resources/test6/wsdls/TestBinding.wsdl; size: 14676 bytes; exists: false
       Install file: /home/labuser/SmartBear/SoapUI-5.8.0/source/test/resources/test6/wsdls/xsds/sub/testservice2.xsd; size: 645 bytes; exists: false
       Install file: /home/labuser/SmartBear/SoapUI-5.8.0/source/test/resources/test6/wsdls/xsds/testservice1.xsd; size: 12924 bytes; exists: false
       Install file: /home/labuser/SmartBear/SoapUI-5.8.0/source/test/resources/testBody.xml; size: 8692 bytes; exists: false
       Install file: /home/labuser/SmartBear/SoapUI-5.8.0/source/test/resources/testFragment.xml; size: 543 bytes; exists: false
       Install file: /home/labuser/SmartBear/SoapUI-5.8.0/source/test/resources/testFragmentWithCommentAndWildcard.xml; size: 560 bytes; exists: false
       Install file: /home/labuser/SmartBear/SoapUI-5.8.0/source/test/resources/testResponse.xml; size: 10926 bytes; exists: false
       Install file: /home/labuser/SmartBear/SoapUI-5.8.0/source/test/resources/wadl/NewsSearchError.xsd; size: 748 bytes; exists: false
       Install file: /home/labuser/SmartBear/SoapUI-5.8.0/source/test/resources/wadl/NewsSearchResponse.xsd; size: 2114 bytes; exists: false
       Install file: /home/labuser/SmartBear/SoapUI-5.8.0/source/test/resources/wadl/YahooSearch.wadl; size: 4352 bytes; exists: false
       Install file: /home/labuser/SmartBear/SoapUI-5.8.0/source/test/resources/wadl/YahooSearchWithExpansions.wadl; size: 4389 bytes; exists: false
       Install file: /home/labuser/SmartBear/SoapUI-5.8.0/source/test/resources/wadl/atom.wadl; size: 2023 bytes; exists: false
       Install file: /home/labuser/SmartBear/SoapUI-5.8.0/source/test/resources/with-expansions.wsdl; size: 3294 bytes; exists: false
       Install file: /home/labuser/SmartBear/SoapUI-5.8.0/source/test/resources/xqueryassertion/response.xml; size: 112869 bytes; exists: false
       Install file: /home/labuser/SmartBear/SoapUI-5.8.0/source/test/resources/xqueryassertion/testBodyWithComments.xml; size: 8726 bytes; exists: false
       Install file: /home/labuser/SmartBear/SoapUI-5.8.0/source/test/resources/xqueryassertion/testBodyWithDifferentNSPrefix.xml; size: 8692 bytes; exists: false
       Install file: /home/labuser/SmartBear/SoapUI-5.8.0/source/test/resources/xsds/ws-addr-1.0.xsd; size: 7710 bytes; exists: false
       Install file: /home/labuser/SmartBear/SoapUI-5.8.0/source/test/resources/xsds/wsrm-1.0-schema-200502.xsd; size: 8375 bytes; exists: false
       Install file: /home/labuser/SmartBear/SoapUI-5.8.0/source/test/resources/xsds/wsrm-1.1-schema-200702.xsd; size: 10274 bytes; exists: false
       Install file: /home/labuser/SmartBear/SoapUI-5.8.0/source/wstf/WSTF SC002 Scenario-soapui-project.xml; size: 64685 bytes; exists: false
       Install file: /home/labuser/SmartBear/SoapUI-5.8.0/source/wstf/WSTF SC003 Scenario-soapui-project.xml; size: 135621 bytes; exists: false
       Install file: /home/labuser/SmartBear/SoapUI-5.8.0/tempHermes/hermesInstall.bat; size: 59 bytes; exists: false
       Install file: /home/labuser/SmartBear/SoapUI-5.8.0/tempHermes/hermesInstall.sh; size: 68 bytes; exists: false
       Install file: /home/labuser/SmartBear/SoapUI-5.8.0/tempHermes/hermesInstall64bit.bat; size: 48 bytes; exists: false
       Install file: /home/labuser/SmartBear/SoapUI-5.8.0/tempHermes/hermesInstallMAC.sh; size: 46 bytes; exists: false
       Install file: /home/labuser/SmartBear/SoapUI-5.8.0/tempHermes/jaxb-impl-2.1.17.jar; size: 895711 bytes; exists: false
       Install file: /home/labuser/SmartBear/SoapUI-5.8.0/tempHermes/script.xml; size: 633 bytes; exists: false
       Install file: /home/labuser/SmartBear/SoapUI-5.8.0/tempHermes/xercesImpl.jar; size: 1367760 bytes; exists: false
       Install file: /home/labuser/SmartBear/SoapUI-5.8.0/tempHermes/xml-apis.jar; size: 220536 bytes; exists: false
       Install file: /home/labuser/SmartBear/SoapUI-5.8.0/.install4j/inst_jre.cfg; size: 58 bytes; exists: false
       File options set to: [fileTime: Sat Jun 14 11:06:11 UTC 2025, mode: 644, overwriteMode: Always, shared: false, uninstallMode: If created, delayIfNecessary: false]
       Install file: /home/labuser/SmartBear/SoapUI-5.8.0/.install4j/pref_jre.cfg; size: 41 bytes; exists: false
       File options set to: [fileTime: Sat Jun 14 11:06:11 UTC 2025, mode: 644, overwriteMode: Always, shared: false, uninstallMode: If created, delayIfNecessary: false]
       Install file: /home/labuser/SmartBear/SoapUI-5.8.0/.install4j/i4jruntime.jar; size: 2329880 bytes; exists: false
       File options set to: [fileTime: Sat Jun 14 11:06:11 UTC 2025, mode: 644, overwriteMode: Always, shared: false, uninstallMode: Always, delayIfNecessary: false]
       Install file: /home/labuser/SmartBear/SoapUI-5.8.0/.install4j/MessagesDefault; size: 34826 bytes; exists: false
       Install file: /home/labuser/SmartBear/SoapUI-5.8.0/.install4j/i4jparams.conf; size: 775919 bytes; exists: false
       Install file: /home/labuser/SmartBear/SoapUI-5.8.0/.install4j/stats.properties; size: 17548 bytes; exists: false
       Install file: /home/labuser/SmartBear/SoapUI-5.8.0/.install4j/i4jempty.ttf; size: 1004 bytes; exists: false
       Install file: /home/labuser/SmartBear/SoapUI-5.8.0/.install4j/user.jar; size: 55012 bytes; exists: false
       Install file: /home/labuser/SmartBear/SoapUI-5.8.0/.install4j/launcher2bfa42ba.jar; size: 767 bytes; exists: false
       Install file: /home/labuser/SmartBear/SoapUI-5.8.0/.install4j/launcheraafc0a7e.jar; size: 975 bytes; exists: false
       Install file: /home/labuser/SmartBear/SoapUI-5.8.0/.install4j/launcher0.jar; size: 725 bytes; exists: false
       Install file: /home/labuser/SmartBear/SoapUI-5.8.0/.install4j/launcher250876ee.jar; size: 783 bytes; exists: false
       Install file: /home/labuser/SmartBear/SoapUI-5.8.0/.install4j/user/flatlaf.jar; size: 758100 bytes; exists: false
       Install file: /home/labuser/SmartBear/SoapUI-5.8.0/.install4j/i4j_extf_7_hs6ad0_un9apv.png; size: 1884 bytes; exists: false
       Install file: /home/labuser/SmartBear/SoapUI-5.8.0/.install4j/i4j_extf_9_hs6ad0_ak6rht@2x.png; size: 34535 bytes; exists: false
       Install file: /home/labuser/SmartBear/SoapUI-5.8.0/.install4j/i4j_extf_5_hs6ad0_x7nby6.png; size: 756 bytes; exists: false
       Install file: /home/labuser/SmartBear/SoapUI-5.8.0/.install4j/i4j_extf_1_hs6ad0_19a6rok.png; size: 868 bytes; exists: false
       Install file: /home/labuser/SmartBear/SoapUI-5.8.0/.install4j/libi4jinst.dylib; size: 184384 bytes; exists: false
       Install file: /home/labuser/SmartBear/SoapUI-5.8.0/.install4j/i4j_extf_8_hs6ad0_18gg8kx_dark.png; size: 8891 bytes; exists: false
       Install file: /home/labuser/SmartBear/SoapUI-5.8.0/.install4j/i4j_extf_6_hs6ad0_vd2dea.png; size: 1187 bytes; exists: false
       Install file: /home/labuser/SmartBear/SoapUI-5.8.0/.install4j/i4j_extf_8_hs6ad0_18gg8kx@2x_dark.png; size: 15837 bytes; exists: false
       Install file: /home/labuser/SmartBear/SoapUI-5.8.0/.install4j/i4j_extf_4_hs6ad0_19oke1j.ico; size: 555782 bytes; exists: false
       Install file: /home/labuser/SmartBear/SoapUI-5.8.0/.install4j/libi4jinst2.dylib; size: 67472 bytes; exists: false
       Install file: /home/labuser/SmartBear/SoapUI-5.8.0/.install4j/i4j_extf_8_hs6ad0_18gg8kx@2x.png; size: 15419 bytes; exists: false
       Install file: /home/labuser/SmartBear/SoapUI-5.8.0/.install4j/i4j_extf_3_hs6ad0.TXT; size: 9308 bytes; exists: false
       Install file: /home/labuser/SmartBear/SoapUI-5.8.0/.install4j/i4j_extf_0_hs6ad0.utf8; size: 34826 bytes; exists: false
       Install file: /home/labuser/SmartBear/SoapUI-5.8.0/.install4j/i4j_extf_9_hs6ad0_ak6rht.png; size: 15180 bytes; exists: false
       Install file: /home/labuser/SmartBear/SoapUI-5.8.0/.install4j/i4j_extf_8_hs6ad0_18gg8kx.png; size: 9202 bytes; exists: false
       Install file: /home/labuser/SmartBear/SoapUI-5.8.0/.install4j/i4j_extf_2_hs6ad0_7hfgit.png; size: 2283 bytes; exists: false
       Execute action successful after 16505 ms
[INFO] com.install4j.runtime.beans.actions.control.SetVariableAction [ID 1220]: Execute action
       Property script: com.install4j.script.I4jScript_Internal_159
       Property variableName: rootInstallDir
       Property failIfNull: false
       Property onlyIfUndefined: false
       Property responseFileVariable: false
       Property rollbackSupported: false
       Variable changed: rootInstallDir=/home/labuser/SmartBear/SoapUI-5.8.0[class java.lang.String]
       Execute action successful after 1 ms
[INFO] com.install4j.runtime.beans.actions.control.SetVariableAction [ID 1532]: Execute action
       Property script: com.install4j.script.I4jScript_Internal_160
       Property variableName: WhatOS
       Property failIfNull: false
       Property onlyIfUndefined: false
       Property responseFileVariable: false
       Property rollbackSupported: false
       Variable changed: WhatOS=[class java.lang.String]
       Execute action successful after 0 ms
[INFO] com.install4j.runtime.beans.actions.control.SetVariableAction [ID 4804]: Execute action
       Property script: com.install4j.script.I4jScript_Internal_161
       Property variableName: JreLib
       Property failIfNull: false
       Property onlyIfUndefined: false
       Property responseFileVariable: false
       Property rollbackSupported: false
       Variable changed: JreLib=/home/labuser/SmartBear/SoapUI-5.8.0/jre/lib[class java.lang.String]
       Execute action successful after 2 ms
[INFO] com.install4j.runtime.beans.actions.desktop.CreateProgramGroupAction [ID 470]: Execute action
       Property categories: Application
       Property linkDirectory: /usr/local/bin
       Property programGroupEntryConfigs: [ProgramGroupFileConfig{target=/home/labuser/SmartBear/SoapUI-5.8.0/JavaDoc.url, arguments='', runAsAdministrator=false}, ProgramGroupFileConfig{target=/home/labuser/SmartBear/SoapUI-5.8.0/SoapUI.url, arguments='', runAsAdministrator=false}]
       Property programGroupName: 
       Property uninstallerMenuName: SoapUI 5.8.0 Uninstaller
       Property addDefaultLauncherLinks: true
       Property addUninstaller: true
       Property allUsers: true
       Property failForSymlinksNotCreated: false
       Property rollbackSupported: true
       Property unixMenuEntries: true
       Property unixSymlinks: true
       Variable changed: sys.programGroupName=SoapUI 5.8.0[class java.lang.String]
       Install file: /home/labuser/SmartBear/SoapUI-5.8.0/.install4j/install4j_146y2rr-SoapUI-5.8.0.desktop; size: 284 bytes; exists: false
       File options set to: [fileTime: Sat Jun 14 11:06:11 UTC 2025, mode: 755, overwriteMode: Always, shared: false, uninstallMode: Always, delayIfNecessary: false]
[ERROR] com.install4j.runtime.beans.actions.desktop.CreateProgramGroupAction [ID 470]: could not create symbolic link: /usr/local/bin/SoapUI-5.8.0
[INFO] com.install4j.runtime.beans.actions.desktop.CreateProgramGroupAction [ID 470]: Execute action successful after 584 ms
[INFO] com.install4j.runtime.beans.actions.desktop.RegisterAddRemoveAction [ID 10]: Execute action
       Property icon: i4j_extf_4_hs6ad0_19oke1j.ico
       Property iconSource: Custom icon
       Property itemName: SoapUI 5.8.0
       Property persistentProperties: {}
       Property rollbackSupported: true
       Execute action successful after 1 ms
[INFO] com.install4j.runtime.beans.actions.text.ReplaceInstallerVariablesAction [ID 606]: Execute action
       Property encoding: null
       Property files: [bin/SoapUI-5.8.0.vmoptions]
       Property escapeForPropertyFile: false
       Property failIfNoReplacement: false
       Property ignoreMissing: true
       Property rollbackSupported: true
[ERROR] com.install4j.runtime.beans.actions.text.ReplaceInstallerVariablesAction [ID 606]: java.io.FileNotFoundException: /home/labuser/SmartBear/SoapUI-5.8.0/bin/SoapUI-5.8.0.vmoptions (No such file or directory)
java.io.FileNotFoundException: /home/labuser/SmartBear/SoapUI-5.8.0/bin/SoapUI-5.8.0.vmoptions (No such file or directory)
	at java.base/java.io.FileInputStream.open0(Native Method)
	at java.base/java.io.FileInputStream.open(FileInputStream.java:216)
	at java.base/java.io.FileInputStream.<init>(FileInputStream.java:157)
	at com.install4j.runtime.beans.actions.text.AbstractModifyTextFileInMemoryAction.modifyFile(AbstractModifyTextFileInMemoryAction.java:21)
	at com.install4j.runtime.beans.actions.files.AbstractModifyFileAction.executeForSingleFile(AbstractModifyFileAction.java:35)
	at com.install4j.runtime.beans.actions.files.AbstractModifyFileAction.executeForMultipleFiles(AbstractModifyFileAction.java:48)
	at com.install4j.runtime.beans.actions.files.AbstractModifyMultipleFilesAction.execute(AbstractModifyMultipleFilesAction.java:22)
	at com.install4j.runtime.beans.actions.SystemInstallOrUninstallAction.install(SystemInstallOrUninstallAction.java:29)
	at com.install4j.runtime.installer.ContextImpl$7.executeAction(ContextImpl.java:1775)
	at com.install4j.runtime.installer.ContextImpl$7.fetchValue(ContextImpl.java:1765)
	at com.install4j.runtime.installer.ContextImpl$7.fetchValue(ContextImpl.java:1762)
	at com.install4j.runtime.installer.helper.comm.actions.FetchObjectAction.execute(FetchObjectAction.java:14)
	at com.install4j.runtime.installer.helper.comm.HelperCommunication.executeActionDirect(HelperCommunication.java:292)
	at com.install4j.runtime.installer.helper.comm.HelperCommunication.executeActionInt(HelperCommunication.java:277)
	at com.install4j.runtime.installer.helper.comm.HelperCommunication.executeActionChecked(HelperCommunication.java:205)
	at com.install4j.runtime.installer.helper.comm.HelperCommunication.fetchObjectChecked(HelperCommunication.java:188)
	at com.install4j.runtime.installer.ContextImpl.performActionIntStatic(ContextImpl.java:1762)
	at com.install4j.runtime.installer.InstallerContextImpl.performActionInt(InstallerContextImpl.java:163)
	at com.install4j.runtime.installer.ContextImpl.performAction(ContextImpl.java:1173)
	at com.install4j.runtime.installer.controller.Controller.executeAction(Controller.java:413)
	at com.install4j.runtime.installer.controller.Controller.executeActions(Controller.java:379)
	at com.install4j.runtime.installer.controller.Controller.handleCommand(Controller.java:233)
	at com.install4j.runtime.installer.controller.Controller.start(Controller.java:135)
	at com.install4j.runtime.installer.Installer.runInProcess(Installer.java:74)
	at com.install4j.runtime.installer.Installer.main(Installer.java:50)
	at java.base/jdk.internal.reflect.NativeMethodAccessorImpl.invoke0(Native Method)
	at java.base/jdk.internal.reflect.NativeMethodAccessorImpl.invoke(NativeMethodAccessorImpl.java:77)
	at java.base/jdk.internal.reflect.DelegatingMethodAccessorImpl.invoke(DelegatingMethodAccessorImpl.java:43)
	at java.base/java.lang.reflect.Method.invoke(Method.java:569)
	at com.exe4j.runtime.LauncherEngine.launch(LauncherEngine.java:84)
	at com.install4j.runtime.launcher.UnixLauncher.start(UnixLauncher.java:71)
	at install4j.Installer1075247604.main(Unknown Source)
        Execute action not successful after 5 ms
[INFO] com.install4j.runtime.beans.actions.files.SetModeAction [ID 1037]: Execute action
       Property directoryFilter: null
       Property fileFilter: null
       Property fileTarget: Files and directories
       Property files: [/home/labuser/SmartBear/SoapUI-5.8.0/wsi-test-tools]
       Property filesRoot: null
       Property mode: 755
       Property recursive: true
       Property rollbackSupported: true
       Property showFileNames: true
       Property showProgress: false
       Setting mode for /home/labuser/SmartBear/SoapUI-5.8.0/wsi-test-tools
       Execute action successful after 3 ms
[INFO] com.install4j.runtime.beans.actions.files.SetModeAction [ID 2096]: Execute action
       Property directoryFilter: null
       Property fileFilter: null
       Property fileTarget: Files and directories
       Property files: [/home/labuser/SmartBear/SoapUI-5.8.0/bin/testrunner.sh]
       Property filesRoot: null
       Property mode: 755
       Property recursive: false
       Property rollbackSupported: true
       Property showFileNames: true
       Property showProgress: false
       Setting mode for /home/labuser/SmartBear/SoapUI-5.8.0/bin/testrunner.sh
       Execute action successful after 1 ms
[INFO] com.install4j.runtime.beans.actions.files.SetModeAction [ID 2097]: Execute action
       Property directoryFilter: null
       Property fileFilter: null
       Property fileTarget: Files and directories
       Property files: [/home/labuser/SmartBear/SoapUI-5.8.0/bin/toolrunner.sh]
       Property filesRoot: null
       Property mode: 755
       Property recursive: false
       Property rollbackSupported: true
       Property showFileNames: true
       Property showProgress: false
       Setting mode for /home/labuser/SmartBear/SoapUI-5.8.0/bin/toolrunner.sh
       Execute action successful after 1 ms
[INFO] com.install4j.runtime.beans.actions.files.SetModeAction [ID 2098]: Execute action
       Property directoryFilter: null
       Property fileFilter: null
       Property fileTarget: Files and directories
       Property files: [/home/labuser/SmartBear/SoapUI-5.8.0/bin/loadtestrunner.sh]
       Property filesRoot: null
       Property mode: 755
       Property recursive: false
       Property rollbackSupported: true
       Property showFileNames: true
       Property showProgress: false
       Setting mode for /home/labuser/SmartBear/SoapUI-5.8.0/bin/loadtestrunner.sh
       Execute action successful after 1 ms
[INFO] com.install4j.runtime.beans.actions.files.SetModeAction [ID 2099]: Execute action
       Property directoryFilter: null
       Property fileFilter: null
       Property fileTarget: Files and directories
       Property files: [/home/labuser/SmartBear/SoapUI-5.8.0/bin/mockservicerunner.sh]
       Property filesRoot: null
       Property mode: 755
       Property recursive: false
       Property rollbackSupported: true
       Property showFileNames: true
       Property showProgress: false
       Setting mode for /home/labuser/SmartBear/SoapUI-5.8.0/bin/mockservicerunner.sh
       Execute action successful after 1 ms
[INFO] com.install4j.runtime.beans.actions.files.SetModeAction [ID 2100]: Execute action
       Property directoryFilter: null
       Property fileFilter: null
       Property fileTarget: Files and directories
       Property files: [/home/labuser/SmartBear/SoapUI-5.8.0/bin/soapui.sh]
       Property filesRoot: null
       Property mode: 755
       Property recursive: false
       Property rollbackSupported: true
       Property showFileNames: true
       Property showProgress: false
       Setting mode for /home/labuser/SmartBear/SoapUI-5.8.0/bin/soapui.sh
       Execute action successful after 0 ms
[INFO] com.install4j.runtime.beans.actions.misc.AddVmOptionsAction [ID 1073]: Execute action
       Property launcherId: 64
       Property macosVmOptionsType: Contained in the application bundle
       Property vmOptions: [-XX:MinHeapFreeRatio=20, -XX:MaxHeapFreeRatio=40, -Xms128m, -Xmx1000m, -Dsoapui.properties=soapui.properties, -Dsoapui.home=/home/labuser/SmartBear/SoapUI-5.8.0/bin, -Dsoapui.ext.libraries=/home/labuser/SmartBear/SoapUI-5.8.0/bin/ext, -Dsoapui.ext.listeners=/home/labuser/SmartBear/SoapUI-5.8.0/bin/listeners, -Dsoapui.ext.actions=/home/labuser/SmartBear/SoapUI-5.8.0/bin/actions, -Dwsi.dir=/home/labuser/SmartBear/SoapUI-5.8.0/wsi-test-tools, -Djava.library.path=/home/labuser/SmartBear/SoapUI-5.8.0/bin, -Djava.util.Arrays.useLegacyMergeSort=true, -splash:SoapUI-Spashscreen.png, -Dlog4j2.formatMsgNoLookups=true, --add-opens, java.base/java.lang=ALL-UNNAMED, --add-opens, java.base/java.lang.invoke=ALL-UNNAMED, --add-opens, java.desktop/java.beans=ALL-UNNAMED, --add-opens, java.desktop/javax.swing.plaf=ALL-UNNAMED, --add-opens, java.desktop/javax.swing.plaf.basic=ALL-UNNAMED, --add-opens, java.base/java.util=ALL-UNNAMED, --add-opens, java.base/java.lang.reflect=ALL-UNNAMED, --add-opens, java.base/java.util.concurrent.atomic=ALL-UNNAMED, --add-opens, java.xml/com.sun.org.apache.xerces.internal.util=ALL-UNNAMED, --add-opens, java.base/java.net=ALL-UNNAMED, --add-opens, java.desktop/java.awt=ALL-UNNAMED, --add-opens, java.desktop/javax.swing=ALL-UNNAMED, --add-opens, java.base/sun.net.www=ALL-UNNAMED, --add-opens, java.base/sun.net.www.protocol.https=ALL-UNNAMED, --add-opens, java.base/sun.net.www.protocol.http=ALL-UNNAMED, --add-opens, jdk.jdi/com.sun.jdi=ALL-UNNAMED, --add-opens, java.prefs/java.util.prefs=ALL-UNNAMED]
       Property rollbackSupported: true
       Execute action successful after 1 ms
[INFO] com.install4j.runtime.beans.actions.text.ModifyTextFileAction [ID 1436]: Execute action
       Property encoding: 
       Property files: [tempHermes/script.xml]
       Property replaceValue: /home/labuser/SmartBear/SoapUI-5.8.0/hermesJMS
       Property searchValue: wheretoinstall
       Property escapeForPropertyFile: false
       Property failIfNoReplacement: false
       Property logReplacement: true
       Property rollbackSupported: true
       Backing up /home/labuser/SmartBear/SoapUI-5.8.0/tempHermes/script.xml
       Execute action successful after 4 ms
[INFO] com.install4j.runtime.beans.actions.files.SetModeAction [ID 1339]: Execute action
       Property directoryFilter: null
       Property fileFilter: null
       Property fileTarget: Files and directories
       Property files: [tempHermes/hermesInstall.sh]
       Property filesRoot: null
       Property mode: 755
       Property recursive: false
       Property rollbackSupported: true
       Property showFileNames: true
       Property showProgress: false
       Setting mode for /home/labuser/SmartBear/SoapUI-5.8.0/tempHermes/hermesInstall.sh
       Execute action successful after 1 ms
[INFO] com.install4j.runtime.beans.actions.files.SetModeAction [ID 1747]: Execute action
       Property directoryFilter: null
       Property fileFilter: null
       Property fileTarget: Files and directories
       Property files: [tempHermes/hermesInstallMAC.sh]
       Property filesRoot: null
       Property mode: 755
       Property recursive: false
       Property rollbackSupported: true
       Property showFileNames: true
       Property showProgress: false
       Setting mode for /home/labuser/SmartBear/SoapUI-5.8.0/tempHermes/hermesInstallMAC.sh
       Execute action successful after 1 ms
[INFO] com.install4j.runtime.beans.actions.control.SetVariableAction [ID 7154]: Execute action
       Property script: com.install4j.script.I4jScript_Internal_166
       Property variableName: rootInstallDirPI
       Property failIfNull: false
       Property onlyIfUndefined: false
       Property responseFileVariable: false
       Property rollbackSupported: false
       Variable changed: rootInstallDirPI=/home/labuser/SmartBear/SoapUI-5.8.0[class java.lang.String]
       Execute action successful after 1 ms
[INFO] com.install4j.runtime.beans.actions.misc.RunExecutableAction [ID 1264]: Execute action
       Property arguments: [logging of arguments is disabled]
       Property environmentVariables: {}
       Property executable: tempHermes/hermesInstall.sh
       Property returnCodeVariable: 
       Property rollbackArguments: null
       Property rollbackExecutable: null
       Property rollbackWorkingDirectory: null
       Property stderrFile: null
       Property stderrRedirectionMode: No redirection
       Property stderrVariableName: 
       Property stdinFile: null
       Property stdinRedirectionMode: No redirection
       Property stdinString: 
       Property stdoutFile: null
       Property stdoutRedirectionMode: No redirection
       Property stdoutVariableName: 
       Property timeout: 0
       Property workingDirectory: tempHermes
       Property failOnStderrFileError: false
       Property failOnStdinFileError: false
       Property failOnStdoutFileError: false
       Property includeParentEnvironmentVariables: true
       Property keepConsoleWindow: true
       Property logArguments: false
       Property rollbackSupported: false
       Property showWindowsConsole: false
       Property updateStderrVariableLines: false
       Property updateStdoutVariableLines: false
       Property useRollbackExecutable: false
       Property wait: true
       Property waitForStreams: true
       used working dir: /home/labuser/SmartBear/SoapUI-5.8.0/tempHermes
[INFO] com.install4j.runtime.installer.helper.launching.LaunchHelper: return value is 1
[ERROR] com.install4j.runtime.beans.actions.misc.RunExecutableAction [ID 1264]: return value is 1
        Execute action not successful after 606 ms
[INFO] com.install4j.runtime.beans.actions.files.CopyFileAction [ID 7059]: Execute action
       Property destinationFile: /home/labuser/SmartBear/SoapUI-5.8.0/hermesJMS/lib
       Property destinationRoot: Installation directory
       Property directoryFilter: null
       Property directoryMode: 755
       Property fileFilter: null
       Property files: [tempHermes/xml-apis.jar]
       Property filesRoot: Installation directory
       Property mode: 644
       Property overwriteMode: Always ask except for update
       Property uninstallMode: If created
       Property delay: false
       Property recursive: true
       Property rollbackSupported: true
       Property shared: false
       Property showFileNames: true
       Property showProgress: false
       Property triggerReboot: true
       Copy /home/labuser/SmartBear/SoapUI-5.8.0/tempHermes/xml-apis.jar to /home/labuser/SmartBear/SoapUI-5.8.0/hermesJMS/lib
       Install file: /home/labuser/SmartBear/SoapUI-5.8.0/hermesJMS/lib; size: 220536 bytes; exists: false
       File options set to: [fileTime: Fri Dec 13 10:26:52 UTC 2024, mode: 644, overwriteMode: Always ask except for update, shared: false, uninstallMode: If created, delayIfNecessary: false]
       Execute action successful after 2 ms
[INFO] com.install4j.runtime.beans.actions.files.CopyFileAction [ID 7251]: Execute action
       Property destinationFile: /home/labuser/SmartBear/SoapUI-5.8.0/hermesJMS/lib
       Property destinationRoot: Installation directory
       Property directoryFilter: null
       Property directoryMode: 755
       Property fileFilter: null
       Property files: [tempHermes/xercesImpl.jar]
       Property filesRoot: Installation directory
       Property mode: 644
       Property overwriteMode: Always ask except for update
       Property uninstallMode: If created
       Property delay: false
       Property recursive: true
       Property rollbackSupported: true
       Property shared: false
       Property showFileNames: true
       Property showProgress: false
       Property triggerReboot: true
       Copy /home/labuser/SmartBear/SoapUI-5.8.0/tempHermes/xercesImpl.jar to /home/labuser/SmartBear/SoapUI-5.8.0/hermesJMS/lib
       Install file: /home/labuser/SmartBear/SoapUI-5.8.0/hermesJMS/lib; size: 1367760 bytes; exists: true
       File options set to: [fileTime: Fri Dec 13 10:26:52 UTC 2024, mode: 644, overwriteMode: Always ask except for update, shared: false, uninstallMode: If created, delayIfNecessary: false]
       Execute action successful after 8528 ms
[INFO] com.install4j.runtime.beans.actions.files.CopyFileAction [ID 7252]: Execute action
       Property destinationFile: /home/labuser/SmartBear/SoapUI-5.8.0/lib
       Property destinationRoot: Installation directory
       Property directoryFilter: null
       Property directoryMode: 755
       Property fileFilter: null
       Property files: [tempHermes/jaxb-impl-2.1.17.jar]
       Property filesRoot: Installation directory
       Property mode: 644
       Property overwriteMode: Always ask except for update
       Property uninstallMode: If created
       Property delay: false
       Property recursive: true
       Property rollbackSupported: true
       Property shared: false
       Property showFileNames: true
       Property showProgress: false
       Property triggerReboot: true
       Copy /home/labuser/SmartBear/SoapUI-5.8.0/tempHermes/jaxb-impl-2.1.17.jar to /home/labuser/SmartBear/SoapUI-5.8.0/lib/jaxb-impl-2.1.17.jar
       Install file: /home/labuser/SmartBear/SoapUI-5.8.0/lib/jaxb-impl-2.1.17.jar; size: 895711 bytes; exists: false
       File options set to: [fileTime: Fri Dec 13 10:26:52 UTC 2024, mode: 644, overwriteMode: Always ask except for update, shared: false, uninstallMode: If created, delayIfNecessary: false]
       Execute action successful after 7 ms
[INFO] com.install4j.runtime.beans.actions.files.CopyFileAction [ID 7253]: Execute action
       Property destinationFile: /home/labuser/SmartBear/SoapUI-5.8.0/lib
       Property destinationRoot: Installation directory
       Property directoryFilter: null
       Property directoryMode: 755
       Property fileFilter: null
       Property files: [/home/labuser/SmartBear/SoapUI-5.8.0/hermesJMS/lib/jaxb-api.jar]
       Property filesRoot: Installation directory
       Property mode: 644
       Property overwriteMode: Always ask except for update
       Property uninstallMode: If created
       Property delay: false
       Property recursive: true
       Property rollbackSupported: true
       Property shared: false
       Property showFileNames: true
       Property showProgress: false
       Property triggerReboot: true
       The file "/home/labuser/SmartBear/SoapUI-5.8.0/hermesJMS/lib/jaxb-api.jar" does not exist
[ERROR] com.install4j.runtime.beans.actions.files.CopyFileAction [ID 7253]: Execute action not successful after 1 ms
[INFO] com.install4j.runtime.beans.actions.files.CopyFileAction [ID 7254]: Execute action
       Property destinationFile: /home/labuser/SmartBear/SoapUI-5.8.0/lib
       Property destinationRoot: Installation directory
       Property directoryFilter: null
       Property directoryMode: 755
       Property fileFilter: null
       Property files: [/home/labuser/SmartBear/SoapUI-5.8.0/hermesJMS/lib/jide-action.jar]
       Property filesRoot: Installation directory
       Property mode: 644
       Property overwriteMode: Always ask except for update
       Property uninstallMode: If created
       Property delay: false
       Property recursive: true
       Property rollbackSupported: true
       Property shared: false
       Property showFileNames: true
       Property showProgress: false
       Property triggerReboot: true
       The file "/home/labuser/SmartBear/SoapUI-5.8.0/hermesJMS/lib/jide-action.jar" does not exist
[ERROR] com.install4j.runtime.beans.actions.files.CopyFileAction [ID 7254]: Execute action not successful after 1 ms
[INFO] com.install4j.runtime.beans.actions.files.CopyFileAction [ID 7255]: Execute action
       Property destinationFile: /home/labuser/SmartBear/SoapUI-5.8.0/lib
       Property destinationRoot: Installation directory
       Property directoryFilter: null
       Property directoryMode: 755
       Property fileFilter: null
       Property files: [/home/labuser/SmartBear/SoapUI-5.8.0/hermesJMS/lib/jide-common.jar]
       Property filesRoot: Installation directory
       Property mode: 644
       Property overwriteMode: Always ask except for update
       Property uninstallMode: If created
       Property delay: false
       Property recursive: true
       Property rollbackSupported: true
       Property shared: false
       Property showFileNames: true
       Property showProgress: false
       Property triggerReboot: true
       The file "/home/labuser/SmartBear/SoapUI-5.8.0/hermesJMS/lib/jide-common.jar" does not exist
[ERROR] com.install4j.runtime.beans.actions.files.CopyFileAction [ID 7255]: Execute action not successful after 1 ms
[INFO] com.install4j.runtime.beans.actions.files.CopyFileAction [ID 7256]: Execute action
       Property destinationFile: /home/labuser/SmartBear/SoapUI-5.8.0/lib
       Property destinationRoot: Installation directory
       Property directoryFilter: null
       Property directoryMode: 755
       Property fileFilter: null
       Property files: [/home/labuser/SmartBear/SoapUI-5.8.0/hermesJMS/lib/jide-components.jar]
       Property filesRoot: Installation directory
       Property mode: 644
       Property overwriteMode: Always ask except for update
       Property uninstallMode: If created
       Property delay: false
       Property recursive: true
       Property rollbackSupported: true
       Property shared: false
       Property showFileNames: true
       Property showProgress: false
       Property triggerReboot: true
       The file "/home/labuser/SmartBear/SoapUI-5.8.0/hermesJMS/lib/jide-components.jar" does not exist
[ERROR] com.install4j.runtime.beans.actions.files.CopyFileAction [ID 7256]: Execute action not successful after 1 ms
[INFO] com.install4j.runtime.beans.actions.files.CopyFileAction [ID 7257]: Execute action
       Property destinationFile: /home/labuser/SmartBear/SoapUI-5.8.0/lib
       Property destinationRoot: Installation directory
       Property directoryFilter: null
       Property directoryMode: 755
       Property fileFilter: null
       Property files: [/home/labuser/SmartBear/SoapUI-5.8.0/hermesJMS/lib/jide-dock.jar]
       Property filesRoot: Installation directory
       Property mode: 644
       Property overwriteMode: Always ask except for update
       Property uninstallMode: If created
       Property delay: false
       Property recursive: true
       Property rollbackSupported: true
       Property shared: false
       Property showFileNames: true
       Property showProgress: false
       Property triggerReboot: true
       The file "/home/labuser/SmartBear/SoapUI-5.8.0/hermesJMS/lib/jide-dock.jar" does not exist
[ERROR] com.install4j.runtime.beans.actions.files.CopyFileAction [ID 7257]: Execute action not successful after 3 ms
[INFO] com.install4j.runtime.beans.actions.desktop.CreateDesktopLinkAction [ID 566]: Execute action
       Property additionalDesktopFileEntries: 
       Property arguments: 
       Property description: Install Desktop ShortCut
       Property file: bin/SoapUI-5.8.0
       Property name: SoapUI 5.8.0
       Property startIn: null
       Property unixIconFile: null
       Property winIconFile: i4j_extf_4_hs6ad0_19oke1j.ico
       Property allUsers: true
       Property macSingleBundleTarget: true
       Property rollbackSupported: true
       Property runAsAdministrator: false
       Install file: /home/labuser/Desktop/SoapUI 5.8.0.desktop; size: 294 bytes; exists: false
       File options set to: [fileTime: Sat Jun 14 11:06:21 UTC 2025, mode: 755, overwriteMode: Always, shared: false, uninstallMode: Always, delayIfNecessary: false]
       Execute action successful after 8 ms
[INFO] com.install4j.runtime.beans.actions.files.MoveFileAction [ID 2503]: Execute action
       Property destinationFile: /home/labuser/SoapUI-Tutorials
       Property destinationRoot: Installation directory
       Property directoryFilter: null
       Property directoryMode: 755
       Property fileFilter: null
       Property files: [SoapUI-Tutorials]
       Property filesRoot: Installation directory
       Property mode: 644
       Property overwriteMode: Always ask except for update
       Property uninstallMode: If created
       Property delay: false
       Property recursive: true
       Property rollbackSupported: true
       Property shared: false
       Property showFileNames: true
       Property showProgress: false
       Property triggerReboot: true
       Move /home/labuser/SmartBear/SoapUI-5.8.0/SoapUI-Tutorials/Sample-REST-Project-soapui-project.xml to /home/labuser/SoapUI-Tutorials/Sample-REST-Project-soapui-project.xml
       Install file: /home/labuser/SoapUI-Tutorials/Sample-REST-Project-soapui-project.xml; size: 9456 bytes; exists: false
       File options set to: [fileTime: Fri Dec 13 10:26:52 UTC 2024, mode: 644, overwriteMode: Always ask except for update, shared: false, uninstallMode: If created, delayIfNecessary: false]
       Move /home/labuser/SmartBear/SoapUI-5.8.0/SoapUI-Tutorials/popular-apis/Twitter-soapui-project.xml to /home/labuser/SoapUI-Tutorials/popular-apis/Twitter-soapui-project.xml
       Install file: /home/labuser/SoapUI-Tutorials/popular-apis/Twitter-soapui-project.xml; size: 34023 bytes; exists: false
       File options set to: [fileTime: Fri Dec 13 10:26:52 UTC 2024, mode: 644, overwriteMode: Always ask except for update, shared: false, uninstallMode: If created, delayIfNecessary: false]
       Move /home/labuser/SmartBear/SoapUI-5.8.0/SoapUI-Tutorials/popular-apis/YouTube-soapui-project.xml to /home/labuser/SoapUI-Tutorials/popular-apis/YouTube-soapui-project.xml
       Install file: /home/labuser/SoapUI-Tutorials/popular-apis/YouTube-soapui-project.xml; size: 29458 bytes; exists: false
       File options set to: [fileTime: Fri Dec 13 10:26:52 UTC 2024, mode: 644, overwriteMode: Always ask except for update, shared: false, uninstallMode: If created, delayIfNecessary: false]
       Move /home/labuser/SmartBear/SoapUI-5.8.0/SoapUI-Tutorials/popular-apis/Facebook-soapui-project.xml to /home/labuser/SoapUI-Tutorials/popular-apis/Facebook-soapui-project.xml
       Install file: /home/labuser/SoapUI-Tutorials/popular-apis/Facebook-soapui-project.xml; size: 21296 bytes; exists: false
       File options set to: [fileTime: Fri Dec 13 10:26:52 UTC 2024, mode: 644, overwriteMode: Always ask except for update, shared: false, uninstallMode: If created, delayIfNecessary: false]
       Move /home/labuser/SmartBear/SoapUI-5.8.0/SoapUI-Tutorials/popular-apis/Flickr-soapui-project.xml to /home/labuser/SoapUI-Tutorials/popular-apis/Flickr-soapui-project.xml
       Install file: /home/labuser/SoapUI-Tutorials/popular-apis/Flickr-soapui-project.xml; size: 27775 bytes; exists: false
       File options set to: [fileTime: Fri Dec 13 10:26:52 UTC 2024, mode: 644, overwriteMode: Always ask except for update, shared: false, uninstallMode: If created, delayIfNecessary: false]
       Move /home/labuser/SmartBear/SoapUI-5.8.0/SoapUI-Tutorials/popular-apis/Amazon-soapui-project.xml to /home/labuser/SoapUI-Tutorials/popular-apis/Amazon-soapui-project.xml
       Install file: /home/labuser/SoapUI-Tutorials/popular-apis/Amazon-soapui-project.xml; size: 106242 bytes; exists: false
       File options set to: [fileTime: Fri Dec 13 10:26:52 UTC 2024, mode: 644, overwriteMode: Always ask except for update, shared: false, uninstallMode: If created, delayIfNecessary: false]
       Move /home/labuser/SmartBear/SoapUI-5.8.0/SoapUI-Tutorials/popular-apis/Google-Maps-soapui-project.xml to /home/labuser/SoapUI-Tutorials/popular-apis/Google-Maps-soapui-project.xml
       Install file: /home/labuser/SoapUI-Tutorials/popular-apis/Google-Maps-soapui-project.xml; size: 123949 bytes; exists: false
       File options set to: [fileTime: Fri Dec 13 10:26:52 UTC 2024, mode: 644, overwriteMode: Always ask except for update, shared: false, uninstallMode: If created, delayIfNecessary: false]
       Move /home/labuser/SmartBear/SoapUI-5.8.0/SoapUI-Tutorials/WSDL-WADL/sample-service.wadl to /home/labuser/SoapUI-Tutorials/WSDL-WADL/sample-service.wadl
       Install file: /home/labuser/SoapUI-Tutorials/WSDL-WADL/sample-service.wadl; size: 1413 bytes; exists: false
       File options set to: [fileTime: Fri Dec 13 10:26:52 UTC 2024, mode: 644, overwriteMode: Always ask except for update, shared: false, uninstallMode: If created, delayIfNecessary: false]
       Move /home/labuser/SmartBear/SoapUI-5.8.0/SoapUI-Tutorials/WSDL-WADL/sample-service.wsdl to /home/labuser/SoapUI-Tutorials/WSDL-WADL/sample-service.wsdl
       Install file: /home/labuser/SoapUI-Tutorials/WSDL-WADL/sample-service.wsdl; size: 7130 bytes; exists: false
       File options set to: [fileTime: Fri Dec 13 10:26:52 UTC 2024, mode: 644, overwriteMode: Always ask except for update, shared: false, uninstallMode: If created, delayIfNecessary: false]
       Move /home/labuser/SmartBear/SoapUI-5.8.0/SoapUI-Tutorials/Sample-Authentication-Project-soapui-project.xml to /home/labuser/SoapUI-Tutorials/Sample-Authentication-Project-soapui-project.xml
       Install file: /home/labuser/SoapUI-Tutorials/Sample-Authentication-Project-soapui-project.xml; size: 7268 bytes; exists: false
       File options set to: [fileTime: Fri Dec 13 10:26:52 UTC 2024, mode: 644, overwriteMode: Always ask except for update, shared: false, uninstallMode: If created, delayIfNecessary: false]
       Move /home/labuser/SmartBear/SoapUI-5.8.0/SoapUI-Tutorials/Sample-SOAP-Project-soapui-project.xml to /home/labuser/SoapUI-Tutorials/Sample-SOAP-Project-soapui-project.xml
       Install file: /home/labuser/SoapUI-Tutorials/Sample-SOAP-Project-soapui-project.xml; size: 142945 bytes; exists: false
       File options set to: [fileTime: Fri Dec 13 10:26:52 UTC 2024, mode: 644, overwriteMode: Always ask except for update, shared: false, uninstallMode: If created, delayIfNecessary: false]
       Backing up /home/labuser/SmartBear/SoapUI-5.8.0/SoapUI-Tutorials/Sample-REST-Project-soapui-project.xml
       Backing up /home/labuser/SmartBear/SoapUI-5.8.0/SoapUI-Tutorials/popular-apis/Twitter-soapui-project.xml
       Backing up /home/labuser/SmartBear/SoapUI-5.8.0/SoapUI-Tutorials/popular-apis/YouTube-soapui-project.xml
       Backing up /home/labuser/SmartBear/SoapUI-5.8.0/SoapUI-Tutorials/popular-apis/Facebook-soapui-project.xml
       Backing up /home/labuser/SmartBear/SoapUI-5.8.0/SoapUI-Tutorials/popular-apis/Flickr-soapui-project.xml
       Backing up /home/labuser/SmartBear/SoapUI-5.8.0/SoapUI-Tutorials/popular-apis/Amazon-soapui-project.xml
       Backing up /home/labuser/SmartBear/SoapUI-5.8.0/SoapUI-Tutorials/popular-apis/Google-Maps-soapui-project.xml
       Backing up /home/labuser/SmartBear/SoapUI-5.8.0/SoapUI-Tutorials/popular-apis
       Backing up /home/labuser/SmartBear/SoapUI-5.8.0/SoapUI-Tutorials/WSDL-WADL/sample-service.wadl
       Backing up /home/labuser/SmartBear/SoapUI-5.8.0/SoapUI-Tutorials/WSDL-WADL/sample-service.wsdl
       Backing up /home/labuser/SmartBear/SoapUI-5.8.0/SoapUI-Tutorials/WSDL-WADL
       Backing up /home/labuser/SmartBear/SoapUI-5.8.0/SoapUI-Tutorials/Sample-Authentication-Project-soapui-project.xml
       Backing up /home/labuser/SmartBear/SoapUI-5.8.0/SoapUI-Tutorials/Sample-SOAP-Project-soapui-project.xml
       Backing up /home/labuser/SmartBear/SoapUI-5.8.0/SoapUI-Tutorials
       Execute action successful after 24 ms
[INFO] com.install4j.runtime.beans.actions.files.AddWindowsFileRightsAction [ID 4580]: Execute action
       Property accessMode: Grant access
       Property files: [bin/soapui.log]
       Property group: World
       Property sidOrAccountName: null
       Property all: false
       Property execute: false
       Property read: true
       Property rollbackSupported: false
       Property write: true
       Execute action successful after 2 ms
[INFO] com.install4j.runtime.beans.actions.files.AddWindowsFileRightsAction [ID 4582]: Execute action
       Property accessMode: Grant access
       Property files: [bin/soapui-errors.log]
       Property group: World
       Property sidOrAccountName: null
       Property all: false
       Property execute: false
       Property read: true
       Property rollbackSupported: false
       Property write: true
       Execute action successful after 0 ms
[INFO] com.install4j.runtime.beans.actions.files.SetModeAction [ID 4624]: Execute action
       Property directoryFilter: null
       Property fileFilter: null
       Property fileTarget: Files and directories
       Property files: [bin/soapui.log]
       Property filesRoot: null
       Property mode: 666
       Property recursive: false
       Property rollbackSupported: true
       Property showFileNames: true
       Property showProgress: false
       Setting mode for /home/labuser/SmartBear/SoapUI-5.8.0/bin/soapui.log
       Execute action successful after 1 ms
[INFO] com.install4j.runtime.beans.actions.files.SetModeAction [ID 4625]: Execute action
       Property directoryFilter: null
       Property fileFilter: null
       Property fileTarget: Files and directories
       Property files: [bin/soapui-errors.log]
       Property filesRoot: null
       Property mode: 666
       Property recursive: false
       Property rollbackSupported: true
       Property showFileNames: true
       Property showProgress: false
       Setting mode for /home/labuser/SmartBear/SoapUI-5.8.0/bin/soapui-errors.log
       Execute action successful after 0 ms
[INFO] com.install4j.runtime.beans.screens.InstallationScreen [ID 7]: Rollback barrier reached
       command: move 1 screens, executing actions, checking condition
[INFO] com.install4j.runtime.beans.screens.FinishedScreen [ID 11]: Show screen
       Variable changed: showFileAction=true[class java.lang.Boolean]
       Variable changed: executeLauncherAction=true[class java.lang.Boolean]
[INFO] com.install4j.runtime.beans.actions.files.DeleteFileAction [ID 1333]: Execute action
       Property directoryFilter: null
       Property fileFilter: null
       Property files: [tempHermes]
       Property filesRoot: null
       Property backupForRollback: true
       Property recursive: true
       Property rollbackSupported: true
       Property showFileNames: true
       Property showProgress: false
       Backing up /home/labuser/SmartBear/SoapUI-5.8.0/tempHermes/hermesInstall.bat
       Backing up /home/labuser/SmartBear/SoapUI-5.8.0/tempHermes/xercesImpl.jar
       Backing up /home/labuser/SmartBear/SoapUI-5.8.0/tempHermes/script.xml
       Backing up /home/labuser/SmartBear/SoapUI-5.8.0/tempHermes/hermesInstall64bit.bat
       Backing up /home/labuser/SmartBear/SoapUI-5.8.0/tempHermes/hermesInstallMAC.sh
       Backing up /home/labuser/SmartBear/SoapUI-5.8.0/tempHermes/xml-apis.jar
       Backing up /home/labuser/SmartBear/SoapUI-5.8.0/tempHermes/hermesInstall.sh
       Backing up /home/labuser/SmartBear/SoapUI-5.8.0/tempHermes/jaxb-impl-2.1.17.jar
       Backing up /home/labuser/SmartBear/SoapUI-5.8.0/tempHermes
       Execute action successful after 4 ms
[INFO] com.install4j.runtime.beans.actions.control.SetVariableAction [ID 4924]: Execute action
       Property script: com.install4j.script.I4jScript_Internal_178
       Property variableName: BROWSER_DUMMY
       Property failIfNull: false
       Property onlyIfUndefined: false
       Property responseFileVariable: false
       Property rollbackSupported: false
       Variable changed: BROWSER_DUMMY=[class java.lang.String]
       Execute action successful after 7 ms
[INFO] com.install4j.runtime.beans.actions.finish.ShowFileAction [ID 413]: Execute action
       Property file: RELEASENOTES.txt
       Property rollbackSupported: false
       Execute action successful after 1878 ms
[INFO] com.install4j.runtime.beans.actions.finish.ExecuteLauncherAction [ID 935]: Execute action
       Property arguments: null
       Property launcherId: 64
       Property rollbackSupported: false
       Launching /home/labuser/SmartBear/SoapUI-5.8.0/bin/SoapUI-5.8.0
       Execute action successful after 504 ms
[INFO] com.install4j.runtime.beans.actions.control.SetVariableAction [ID 5058]: Execute action
       Property script: com.install4j.script.I4jScript_Internal_181
       Property variableName: rootInstallDirPI
       Property failIfNull: false
       Property onlyIfUndefined: false
       Property responseFileVariable: false
       Property rollbackSupported: false
       Variable changed: rootInstallDirPI=/home/labuser/SmartBear/SoapUI-5.8.0[class java.lang.String]
       Execute action successful after 1 ms
[INFO] com.install4j.runtime.beans.actions.misc.RunExecutableAction [ID 5056]: Execute action
       Property arguments: [logging of arguments is disabled]
       Property environmentVariables: {}
       Property executable: /home/labuser/SmartBear/SoapUI-5.8.0/bin/installationcomplete.sh
       Property returnCodeVariable: 
       Property rollbackArguments: null
       Property rollbackExecutable: null
       Property rollbackWorkingDirectory: null
       Property stderrFile: null
       Property stderrRedirectionMode: No redirection
       Property stderrVariableName: 
       Property stdinFile: null
       Property stdinRedirectionMode: No redirection
       Property stdinString: 
       Property stdoutFile: null
       Property stdoutRedirectionMode: No redirection
       Property stdoutVariableName: 
       Property timeout: 0
       Property workingDirectory: /home/labuser/SmartBear/SoapUI-5.8.0/bin
       Property failOnStderrFileError: false
       Property failOnStdinFileError: false
       Property failOnStdoutFileError: false
       Property includeParentEnvironmentVariables: true
       Property keepConsoleWindow: false
       Property logArguments: false
       Property rollbackSupported: false
       Property showWindowsConsole: false
       Property updateStderrVariableLines: false
       Property updateStdoutVariableLines: false
       Property useRollbackExecutable: false
       Property wait: false
       Property waitForStreams: false
       used working dir: /home/labuser/SmartBear/SoapUI-5.8.0/bin
       Execute action successful after 522 ms
[INFO] com.install4j.runtime.beans.actions.files.DeleteFileAction [ID 5059]: Execute action
       Property directoryFilter: null
       Property fileFilter: null
       Property files: [/home/labuser/SmartBear/SoapUI-5.8.0/bin/installationcomplete.sh, /home/labuser/SmartBear/SoapUI-5.8.0/bin/updateinstallation.sh]
       Property filesRoot: null
       Property backupForRollback: true
       Property recursive: false
       Property rollbackSupported: true
       Property showFileNames: true
       Property showProgress: false
       Backing up /home/labuser/SmartBear/SoapUI-5.8.0/bin/installationcomplete.sh
       Backing up /home/labuser/SmartBear/SoapUI-5.8.0/bin/updateinstallation.sh
       Execute action successful after 1 ms
[INFO] com.install4j.runtime.beans.screens.FinishedScreen [ID 11]: command: finish
       cleaning up
       Finished at 2025-06-14 11:06:26
